,uik,num_of_registered_voters_x,num_of_ballots_given_away_on_voting_day_indoors_x,num_of_ballots_given_away_on_voting_day_at_home_x,num_of_valid_ballots_x,Путин Владимир Владимирович_x,coords_x,num_of_registered_voters_y,num_of_ballots_given_away_on_voting_day_indoors_y,num_of_ballots_given_away_on_voting_day_at_home_y,num_of_valid_ballots_y,Путин Владимир Владимирович_y,Явка 2012,Поддержка 2012,Явка 2018,Поддержка 2018,Построено метро,Контрольная1,Контрольная2
0,УИК №843,1887,998,20,998,481,"(55.816252, 37.697963)",2131,1195,67,1244,937,0.539480657127716,0.4819639278557114,0.5922102299389957,0.7532154340836013,0,0,1
1,УИК №844,2113,1122,34,1134,562,"(55.816252, 37.697963)",2778,1537,72,1561,1134,0.547089446284903,0.4955908289241622,0.5791936645068394,0.726457399103139,0,0,1
2,УИК №845,311,175,9,184,102,"(55.829209, 37.681631)",2888,1651,62,1681,1238,0.5916398713826366,0.5543478260869565,0.5931440443213296,0.7364663890541344,0,0,1
3,УИК №846,1823,1002,18,996,490,"(55.816252, 37.697963)",2686,1509,44,1514,1089,0.5595172792100932,0.4919678714859438,0.5781831720029784,0.7192866578599736,0,0,1
4,УИК №847,2875,1597,44,1593,749,"(55.816788, 37.707072)",2771,1564,63,1600,1203,0.5707826086956522,0.4701820464532329,0.5871526524720317,0.751875,0,0,1
5,УИК №848,2229,1358,41,1351,604,"(55.812342, 37.702113)",2594,1456,75,1508,1129,0.6276357110812023,0.4470762398223538,0.5902081727062451,0.7486737400530504,0,0,1
6,УИК №849,2733,1606,38,1609,787,"(55.8103462035612, 37.7025767974555)",2324,1361,48,1389,1032,0.601536772777168,0.4891236793039155,0.6062822719449226,0.7429805615550756,0,0,1
7,УИК №850,2480,1447,36,1442,702,"(55.817765, 37.715794)",2382,1390,64,1427,988,0.597983870967742,0.4868238557558946,0.6104114189756508,0.6923615977575333,0,0,1
8,УИК №851,1961,1092,34,1102,557,"(55.817765, 37.715794)",2257,1260,52,1288,932,0.5741968383477818,0.5054446460980037,0.5813026140894993,0.7236024844720497,0,0,1
9,УИК №852,2759,1578,56,1597,738,"(55.817765, 37.715794)",2323,1198,54,1229,912,0.592243566509605,0.4621164683782091,0.538958243650452,0.74206672091131,0,0,1
10,УИК №853,3209,2204,53,2219,1246,"(55.816905, 37.728811)",3410,2181,56,2198,1652,0.7033343720785291,0.5615141955835962,0.6560117302052786,0.7515923566878981,1,1,0
11,УИК №854,2002,1078,26,1080,518,"(55.813592, 37.701107)",2338,1327,48,1357,994,0.5514485514485514,0.4796296296296296,0.588109495295124,0.7324981577008106,0,0,1
12,УИК №855,2440,1399,37,1401,676,"(55.81561, 37.710701)",2238,1382,51,1420,1009,0.5885245901639344,0.4825124910778016,0.6403038427167114,0.7105633802816902,0,0,1
13,УИК №856,2771,1661,66,1684,831,"(55.81561, 37.710701)",2144,1284,52,1315,958,0.6232407073258751,0.4934679334916864,0.6231343283582089,0.7285171102661597,0,0,1
14,УИК №857,2501,1397,47,1408,706,"(55.813288, 37.715623)",2670,1545,68,1595,1135,0.5773690523790483,0.5014204545454546,0.6041198501872659,0.7115987460815048,0,0,1
15,УИК №858,2653,1361,37,1361,691,"(55.813506, 37.728586)",2534,1477,46,1499,1101,0.5269506219374294,0.5077149155033064,0.601026045777427,0.7344896597731821,1,1,0
16,УИК №859,2184,1267,24,1269,659,"(55.809403, 37.735243)",2111,1237,42,1263,850,0.5911172161172161,0.5193065405831363,0.605873993368072,0.6730007917656373,1,1,0
17,УИК №860,2569,1329,28,1324,625,"(55.816905, 37.728811)",1779,978,22,990,690,0.5282210977033865,0.4720543806646525,0.5621135469364812,0.696969696969697,1,1,0
18,УИК №861,2036,1039,52,1061,512,"(55.813506, 37.728586)",1765,1025,42,1051,755,0.5358546168958742,0.4825636192271442,0.6045325779036828,0.7183634633682208,1,1,0
19,УИК №862,2627,1352,24,1351,619,"(55.814452, 37.723475)",1515,877,25,885,642,0.5237913970308337,0.4581791265729089,0.5953795379537954,0.7254237288135593,1,1,0
20,УИК №863,2214,1158,41,1176,600,"(55.80997, 37.721022)",2269,1237,78,1293,959,0.5415537488708221,0.5102040816326531,0.5795504627589246,0.7416860015467904,1,1,0
21,УИК №864,2874,1607,62,1540,720,"(55.809393, 37.720286)",2517,1448,41,1467,1049,0.580723729993041,0.4675324675324675,0.5915772745331744,0.7150647580095433,1,1,0
22,УИК №865,2095,1110,33,1119,542,"(55.809393, 37.720286)",2139,1246,73,1301,945,0.5455847255369929,0.484361036639857,0.616643291257597,0.7263643351268255,1,1,0
23,УИК №866,2315,1291,41,1293,623,"(55.813288, 37.715623)",2188,1230,37,1246,890,0.5753779697624191,0.4818252126836813,0.5790676416819013,0.7142857142857143,0,0,1
24,УИК №867,2471,1384,33,1396,663,"(55.807223, 37.709012)",2628,1519,42,1544,1106,0.5734520437070012,0.4749283667621776,0.5939878234398782,0.716321243523316,0,0,1
25,УИК №868,2539,1628,11,1610,745,"(55.807223, 37.709012)",1659,1072,14,1074,769,0.6455297361165814,0.4627329192546583,0.6546112115732369,0.7160148975791434,0,0,1
26,УИК №869,2674,1603,40,1608,723,"(55.807193, 37.712461)",2135,1234,56,1276,871,0.6144353029169783,0.4496268656716418,0.6042154566744731,0.682601880877743,0,0,1
27,УИК №3268,96,96,0,93,56,"(nan, nan)",924,592,19,602,461,1.0,0.6021505376344086,0.6612554112554112,0.7657807308970099,0,0,1
28,УИК №870,2338,1386,74,1419,858,"(55.742732, 37.82546)",1298,694,40,725,523,0.6244653550042771,0.6046511627906976,0.5654853620955316,0.7213793103448276,0,0,1
29,УИК №871,2087,1132,60,1172,595,"(55.742732, 37.82546)",2256,1388,43,1411,965,0.5711547676090082,0.507679180887372,0.6343085106382979,0.6839121190644932,0,0,1
30,УИК №872,2354,1320,61,1363,692,"(55.742732, 37.82546)",2163,1349,44,1376,947,0.586661002548853,0.5077035950110051,0.6440129449838188,0.6882267441860465,0,0,1
31,УИК №873,2484,1358,75,1407,737,"(55.742509, 37.827643)",2576,1447,39,1459,1089,0.5768921095008052,0.5238095238095238,0.5768633540372671,0.746401644962303,0,0,1
32,УИК №874,2432,1245,75,1289,630,"(55.742509, 37.827643)",2078,1194,39,1204,887,0.5427631578947368,0.4887509697439876,0.5933589990375361,0.7367109634551495,0,0,1
33,УИК №875,1858,1172,65,1218,619,"(55.740907, 37.832827)",1609,920,34,935,684,0.6657696447793326,0.5082101806239737,0.5929148539465506,0.7315508021390374,0,0,1
34,УИК №876,2291,1191,61,1226,628,"(55.740907, 37.832827)",1464,870,3,861,618,0.5464862505456133,0.5122349102773246,0.5963114754098361,0.7177700348432056,0,0,1
35,УИК №877,2241,1333,68,1374,637,"(55.740907, 37.832827)",2005,1126,50,1160,792,0.6251673360107095,0.4636098981077147,0.5865336658354114,0.6827586206896552,0,0,1
36,УИК №878,2274,1424,47,1442,664,"(55.73665, 37.819469)",315,196,3,197,145,0.6468777484608619,0.4604715672676838,0.6317460317460317,0.7360406091370558,0,0,1
37,УИК №879,2470,1303,60,1330,618,"(55.73665, 37.819469)",2218,1274,28,1281,961,0.5518218623481781,0.4646616541353383,0.5870153291253382,0.7501951600312255,0,0,1
38,УИК №880,2029,1268,49,1280,604,"(55.732880323238, 37.8274089843035)",1953,1065,21,1064,733,0.6490882207984229,0.471875,0.5560675883256528,0.6889097744360902,0,0,1
39,УИК №881,2684,1732,33,1726,726,"(55.732880323238, 37.8274089843035)",473,282,14,291,201,0.6576005961251863,0.4206257242178447,0.6257928118393234,0.6907216494845361,0,0,1
40,УИК №882,2546,1384,65,1417,655,"(55.734765, 37.836564)",2132,1080,65,1124,840,0.5691280439905735,0.4622441778405081,0.5370544090056285,0.7473309608540926,0,0,1
41,УИК №883,2213,1304,55,1327,641,"(55.734765, 37.836564)",2075,1164,69,1218,880,0.614098508811568,0.4830444611906556,0.5942168674698796,0.722495894909688,0,0,1
42,УИК №884,1963,1086,62,1135,538,"(55.734765, 37.836564)",2038,1182,63,1231,904,0.5848191543555782,0.4740088105726872,0.6108930323846908,0.7343623070674249,0,0,1
43,УИК №885,2212,1256,74,1309,626,"(55.723982, 37.834821)",2170,1228,63,1269,960,0.6012658227848101,0.4782276546982429,0.5949308755760369,0.7565011820330969,0,0,1
44,УИК №886,2369,1293,247,1509,802,"(55.723982, 37.834821)",1963,1082,74,1142,847,0.6500633178556353,0.5314777998674619,0.5888945491594498,0.7416812609457093,0,0,1
45,УИК №887,2042,1205,54,1245,630,"(55.722816, 37.831587)",1098,570,39,603,430,0.6165523996082273,0.5060240963855421,0.5546448087431693,0.7131011608623549,0,0,1
46,УИК №888,1482,883,62,930,463,"(55.720854, 37.82944)",2258,1344,66,1389,1001,0.6376518218623481,0.4978494623655914,0.6244464127546502,0.720662347012239,0,1,0
47,УИК №889,2393,1396,59,1419,647,"(55.720854, 37.82944)",2349,1335,51,1371,949,0.6080234015879649,0.4559548978153629,0.5900383141762452,0.6921954777534646,0,1,0
48,УИК №890,2157,1255,62,1290,561,"(55.718187, 37.830114)",2342,1436,78,1479,1052,0.6105702364394993,0.4348837209302325,0.6464560204953032,0.711291413116971,0,1,0
49,УИК №891,2345,1385,49,1403,674,"(55.718187, 37.830114)",2346,1453,49,1480,1054,0.6115138592750533,0.4803991446899501,0.6402387041773231,0.7121621621621622,0,1,0
50,УИК №892,2127,1177,29,1182,561,"(55.715753, 37.827536)",2074,1260,68,1307,986,0.5669957686882934,0.4746192893401015,0.6403085824493732,0.7543993879112472,0,1,0
51,УИК №893,2162,1293,48,1305,639,"(55.715753, 37.827536)",1403,809,41,829,633,0.620259019426457,0.4896551724137931,0.6058446186742694,0.7635705669481303,0,1,0
52,УИК №894,1373,957,14,935,366,"(55.723876, 37.821355)",2602,1471,87,1532,1125,0.7072104879825201,0.3914438502673796,0.5987701767870869,0.7343342036553525,0,1,0
53,УИК №895,2116,1185,75,1226,588,"(55.720895, 37.819532)",2369,1284,70,1334,998,0.5954631379962193,0.4796084828711256,0.5715491768678768,0.7481259370314842,0,1,0
54,УИК №896,2454,1407,59,1430,683,"(55.720895, 37.819532)",2201,1350,51,1389,1112,0.5973920130399348,0.4776223776223776,0.6365288505224898,0.8005759539236861,0,1,0
55,УИК №897,2488,1510,59,1524,645,"(55.71981, 37.81433)",2029,1121,58,1163,951,0.6306270096463023,0.4232283464566929,0.5810744208969936,0.8177128116938951,0,1,0
56,УИК №898,2273,1290,42,1300,625,"(55.71981, 37.81433)",2336,1260,76,1321,1071,0.5860096788385394,0.4807692307692308,0.571917808219178,0.8107494322482968,0,1,0
57,УИК №899,2432,1406,42,1406,674,"(55.723749, 37.81159)",2168,1155,207,1344,1012,0.5953947368421053,0.4793741109530583,0.6282287822878229,0.7529761904761905,0,1,0
58,УИК №900,2523,1454,58,1475,683,"(55.723749, 37.81159)",1968,1181,58,1217,983,0.5992865636147443,0.4630508474576271,0.6295731707317073,0.8077239112571898,0,1,0
59,УИК №901,1634,928,80,988,483,"(55.724231, 37.806192)",296,282,1,281,261,0.616891064871481,0.4888663967611336,0.956081081081081,0.9288256227758008,0,0,1
60,УИК №902,2016,1212,43,1234,576,"(55.724231, 37.806192)",1643,969,35,986,711,0.6225198412698413,0.46677471636953,0.6110772976262934,0.7210953346855984,0,0,1
61,УИК №903,2107,1150,39,1126,565,"(55.724231, 37.806192)",1960,1052,65,1098,798,0.5643094447081158,0.5017761989342806,0.5698979591836735,0.726775956284153,0,0,1
62,УИК №3269,1958,1663,0,1627,937,"(nan, nan)",1193,715,42,745,567,0.8493360572012257,0.5759065765212047,0.6345347862531433,0.7610738255033557,0,0,1
63,УИК №3270,86,86,0,84,64,"(nan, nan)",1948,1204,38,1214,922,1.0,0.7619047619047619,0.6375770020533881,0.7594728171334432,0,0,1
64,УИК №904,1715,952,79,1013,501,"(55.791987, 37.802697)",2086,1197,64,1246,850,0.6011661807580175,0.4945705824284304,0.6045062320230106,0.6821829855537721,0,0,1
65,УИК №905,2500,1533,69,1574,685,"(55.791491, 37.81195)",2462,1382,63,1423,1036,0.6408,0.4351969504447268,0.5869212022745736,0.7280393534785664,0,0,1
66,УИК №906,2266,1256,52,1268,544,"(55.791491, 37.81195)",1800,1063,28,1068,779,0.5772285966460724,0.4290220820189274,0.6061111111111112,0.7294007490636704,0,0,1
67,УИК №907,2269,1364,68,1385,649,"(55.788945, 37.803676)",1920,1094,53,1135,822,0.6311150286469811,0.4685920577617328,0.5973958333333333,0.7242290748898679,0,0,1
68,УИК №908,2223,1299,89,1349,595,"(55.789664, 37.812651)",1405,951,18,942,607,0.6243814664867297,0.4410674573758339,0.6896797153024911,0.6443736730360934,0,0,1
69,УИК №909,1882,1037,56,1070,472,"(55.789664, 37.812651)",1958,1109,91,1174,852,0.5807651434643996,0.4411214953271028,0.6128702757916241,0.7257240204429302,0,0,1
70,УИК №910,2239,1239,71,1280,629,"(55.801384, 37.824203)",2405,1421,54,1450,1040,0.5850826261723984,0.49140625,0.6133056133056133,0.7172413793103448,0,0,1
71,УИК №911,2219,1288,57,1320,648,"(55.801384, 37.824203)",2281,1372,103,1453,1010,0.6061288868859847,0.4909090909090909,0.6466462078035949,0.6951135581555402,0,0,1
72,УИК №912,2030,1174,87,1242,635,"(55.801384, 37.824203)",2100,1487,38,1512,1451,0.6211822660098523,0.5112721417069244,0.7261904761904762,0.9596560846560848,0,0,1
73,УИК №913,1758,913,76,970,471,"(55.802594, 37.8335)",2295,1316,55,1331,1002,0.5625711035267349,0.4855670103092783,0.5973856209150327,0.7528174305033809,0,0,1
74,УИК №914,2064,1092,67,1134,577,"(55.802594, 37.8335)",2629,1473,91,1430,1328,0.561531007751938,0.5088183421516755,0.5949030049448459,0.9286713286713286,0,0,1
75,УИК №915,2109,1160,55,1186,544,"(55.797174, 37.753811)",1491,858,98,941,681,0.5761024182076814,0.4586846543001686,0.6411804158283032,0.7236981934112646,1,1,0
76,УИК №916,2294,1306,65,1346,551,"(55.801116, 37.805671)",1949,1214,91,1292,934,0.597646033129904,0.4093610698365527,0.6695741405849154,0.7229102167182663,0,0,1
77,УИК №917,2191,1194,82,1245,568,"(55.797174, 37.753811)",1990,1114,39,1143,938,0.5823824737562757,0.4562248995983936,0.5793969849246231,0.820647419072616,1,1,0
78,УИК №918,2136,1204,59,1223,574,"(55.797174, 37.753811)",1977,1158,61,1204,868,0.5912921348314607,0.4693376941946034,0.616590794132524,0.7209302325581395,1,1,0
79,УИК №919,2507,1562,31,1554,638,"(55.795879, 37.808842)",486,266,212,466,411,0.6354208216992421,0.4105534105534105,0.9835390946502056,0.8819742489270386,0,0,1
80,УИК №920,2089,1047,61,1085,520,"(55.793905, 37.814726)",2138,1325,56,1355,967,0.530397319291527,0.4792626728110599,0.6459307764265669,0.7136531365313653,0,0,1
81,УИК №921,2655,1504,80,1567,749,"(55.797174, 37.753811)",1604,1082,94,1160,869,0.5966101694915255,0.4779834077855775,0.7331670822942643,0.7491379310344828,1,1,0
82,УИК №922,2427,1388,55,1401,614,"(55.793905, 37.814726)",2067,1273,95,1343,969,0.5945611866501854,0.4382583868665239,0.6618287373004355,0.7215189873417721,0,0,1
83,УИК №923,1863,1094,46,1110,504,"(55.791987, 37.802697)",1762,1071,80,1131,826,0.6119162640901772,0.4540540540540541,0.6532349602724177,0.7303271441202476,0,0,1
84,УИК №3271,478,478,0,473,295,"(nan, nan)",1165,740,24,754,563,1.0,0.6236786469344608,0.655793991416309,0.746684350132626,0,0,1
85,УИК №3272,362,321,0,316,203,"(nan, nan)",1059,648,27,668,504,0.8867403314917127,0.6424050632911392,0.6373937677053825,0.7544910179640718,0,0,1
86,УИК №3273,517,516,0,504,438,"(nan, nan)",871,550,31,573,432,0.9980657640232108,0.8690476190476191,0.6670493685419059,0.7539267015706806,0,0,1
87,УИК №928,2741,1558,33,1560,826,"(55.806651, 37.759803)",2448,1570,40,1586,1088,0.5804450930317402,0.5294871794871795,0.6576797385620915,0.6860025220680959,1,1,0
88,УИК №929,2698,1330,44,1343,669,"(55.8102621856868, 37.7808550558984)",2134,1218,44,1244,840,0.5092661230541141,0.498138495904691,0.5913776944704779,0.6752411575562701,0,0,1
89,УИК №930,2452,1313,54,1334,673,"(55.8102621856868, 37.7808550558984)",2123,1280,70,1324,970,0.5575040783034257,0.5044977511244377,0.6358926048045219,0.7326283987915407,0,0,1
90,УИК №931,2389,1220,64,1251,585,"(55.8122046512504, 37.7895363606513)",2467,1461,40,1463,1032,0.5374633737965676,0.4676258992805755,0.6084312930685043,0.7053998632946001,0,1,0
91,УИК №932,2861,1484,73,1518,728,"(55.8122046512504, 37.7895363606513)",695,416,29,441,337,0.5442153093324013,0.4795783926218709,0.6402877697841727,0.764172335600907,0,1,0
92,УИК №933,2776,1394,83,1441,661,"(55.814735, 37.792465)",1802,1096,64,1136,792,0.5320605187319885,0.4587092297015961,0.6437291897891232,0.6971830985915493,0,1,0
93,УИК №934,2554,1397,56,1423,667,"(55.814735, 37.792465)",1719,1043,76,1104,784,0.5689115113547377,0.4687280393534785,0.6509598603839442,0.7101449275362319,0,1,0
94,УИК №935,2885,1525,113,1594,789,"(55.820991, 37.794505)",2338,1402,73,1456,1015,0.5677642980935875,0.4949811794228356,0.6308810949529512,0.6971153846153846,0,0,1
95,УИК №936,2466,1308,76,1343,663,"(55.820991, 37.794505)",2225,1275,68,1322,938,0.5612327656123277,0.4936708860759494,0.6035955056179775,0.7095310136157338,0,0,1
96,УИК №937,2316,1208,66,1256,574,"(55.818887, 37.807979)",2242,1291,112,1374,970,0.5500863557858376,0.4570063694267516,0.6257805530776093,0.7059679767103348,0,0,1
97,УИК №938,2105,1154,44,1168,590,"(55.818887, 37.807979)",1875,1097,94,1168,800,0.5691211401425178,0.5051369863013698,0.6352,0.684931506849315,0,0,1
98,УИК №939,2058,1160,83,1219,550,"(55.811108, 37.803793)",1806,1071,45,1098,740,0.6039844509232264,0.4511894995898277,0.6179401993355482,0.6739526411657559,0,1,0
99,УИК №940,2226,1259,68,1280,644,"(55.811108, 37.803793)",2126,1254,88,1307,949,0.596136567834681,0.503125,0.6312323612417686,0.7260902830910482,0,1,0
100,УИК №941,2247,1203,78,1255,558,"(55.811108, 37.803793)",1840,1195,65,1235,950,0.5700934579439252,0.4446215139442231,0.6847826086956522,0.7692307692307693,0,1,0
101,УИК №942,2134,1193,55,1216,561,"(55.813592, 37.808348)",3013,2009,92,2072,1609,0.584817244611059,0.4613486842105263,0.697311649518752,0.7765444015444015,0,1,0
102,УИК №943,2730,1593,56,1606,744,"(55.813592, 37.808348)",1127,666,108,759,579,0.604029304029304,0.4632627646326276,0.686779059449867,0.7628458498023716,0,1,0
103,УИК №944,2224,1223,46,1195,532,"(55.813081, 37.818274)",2600,1423,51,1454,1049,0.5705935251798561,0.4451882845188284,0.566923076923077,0.7214580467675378,0,0,1
104,УИК №945,2325,1329,65,1361,652,"(55.815079, 37.814806)",2084,1163,43,1185,895,0.5995698924731183,0.4790595150624541,0.5786948176583493,0.7552742616033755,0,0,1
105,УИК №946,2061,1075,74,1130,580,"(55.813081, 37.818274)",415,253,5,257,185,0.5574963609898108,0.5132743362831859,0.6216867469879518,0.7198443579766537,0,0,1
106,УИК №947,2397,1384,48,1400,657,"(55.813081, 37.818274)",3080,1815,77,1864,1338,0.5974134334584897,0.4692857142857143,0.6142857142857143,0.7178111587982833,0,0,1
107,УИК №948,2649,1412,64,1433,751,"(55.815676, 37.822721)",2272,1211,41,1238,887,0.5571913929784824,0.5240753663642708,0.551056338028169,0.7164781906300485,0,0,1
108,УИК №949,2525,1365,48,1381,724,"(55.815676, 37.822721)",2064,1157,47,1183,855,0.5596039603960397,0.5242577842143374,0.5833333333333334,0.7227387996618766,0,0,1
109,УИК №950,2426,1232,68,1278,665,"(55.818822, 37.82114)",2114,1062,72,1119,822,0.5358615004122012,0.5203442879499217,0.5364238410596026,0.7345844504021448,0,0,1
110,УИК №951,2298,1185,65,1224,645,"(55.818822, 37.82114)",2491,1464,44,1482,1044,0.5439512619669278,0.5269607843137255,0.6053793657165797,0.7044534412955465,0,0,1
111,УИК №952,2180,1209,41,1208,521,"(55.818887, 37.807979)",2601,1260,75,1318,912,0.573394495412844,0.4312913907284768,0.5132641291810842,0.6919575113808801,0,0,1
112,УИК №953,2779,1562,58,1582,785,"(55.822084, 37.817834)",1874,1004,77,1069,717,0.5829435048578625,0.4962073324905183,0.5768409818569904,0.6707202993451824,0,0,1
113,УИК №954,2621,1476,68,1515,765,"(55.822084, 37.817834)",2414,1317,76,1368,1006,0.5890881342998855,0.504950495049505,0.5770505385252692,0.7353801169590644,0,0,1
114,УИК №955,2688,1438,62,1464,671,"(55.827949, 37.814007)",2661,1491,68,1537,1141,0.5580357142857143,0.4583333333333333,0.5858699736941,0.7423552374756018,0,0,1
115,УИК №956,2502,1340,64,1377,681,"(55.827949, 37.814007)",2243,1230,75,1283,895,0.5611510791366906,0.494553376906318,0.5818100757913509,0.6975837879968823,0,0,1
116,УИК №957,2921,1697,68,1719,870,"(55.827949, 37.814007)",2016,1134,62,1099,823,0.6042451215337213,0.506108202443281,0.5932539682539683,0.7488626023657871,0,0,1
117,УИК №958,2329,1205,75,1229,603,"(55.828046, 37.817699)",2180,1313,47,1338,905,0.549592099613568,0.4906427990235964,0.6238532110091743,0.6763826606875935,0,0,1
118,УИК №959,2638,1511,55,1525,741,"(55.828046, 37.817699)",2119,1169,76,1230,872,0.5936315390447309,0.4859016393442623,0.5875412930627655,0.7089430894308943,0,0,1
119,УИК №960,2572,1363,51,1370,720,"(55.82802, 37.821068)",2136,1184,72,1241,849,0.5497667185069984,0.5255474452554745,0.5880149812734082,0.6841257050765511,0,0,1
120,УИК №961,2885,1572,57,1589,769,"(55.828046, 37.817699)",1925,1021,49,1057,737,0.5646447140381282,0.4839521711768408,0.5558441558441558,0.6972563859981078,0,0,1
121,УИК №962,2792,1508,64,1531,756,"(55.82802, 37.821068)",2588,1389,54,1425,979,0.5630372492836676,0.4937949052906597,0.5575734157650696,0.6870175438596491,0,0,1
122,УИК №963,2789,1470,38,1484,736,"(55.823677, 37.828578)",2128,1157,42,1184,878,0.5406955898171387,0.4959568733153638,0.5634398496240601,0.7415540540540541,0,0,1
123,УИК №964,2669,1504,65,1544,755,"(55.823677, 37.828578)",2340,1241,64,1283,965,0.5878606219557887,0.4889896373056995,0.5576923076923077,0.7521434138737334,0,0,1
124,УИК №965,2761,1510,42,1518,768,"(55.823677, 37.828578)",2225,1290,47,1322,993,0.5621151756609923,0.5059288537549407,0.6008988764044944,0.7511346444780636,0,0,1
125,УИК №966,2729,1447,43,1440,753,"(55.818645, 37.829171)",2273,1187,49,1201,886,0.5459875412238915,0.5229166666666667,0.5437747470303563,0.7377185678601166,0,0,1
126,УИК №967,2706,1389,38,1401,715,"(55.818645, 37.829171)",2373,1294,61,1340,986,0.5273466371027347,0.510349750178444,0.5710071639275179,0.735820895522388,0,0,1
127,УИК №968,3024,1744,38,1750,841,"(55.81652, 37.831767)",2380,1303,63,1323,973,0.5892857142857143,0.4805714285714286,0.5739495798319327,0.7354497354497355,0,0,1
128,УИК №969,2760,1577,41,1583,786,"(55.81652, 37.831767)",2420,1182,87,1245,915,0.586231884057971,0.4965255843335439,0.5243801652892562,0.7349397590361446,0,0,1
129,УИК №970,2183,1320,39,1336,592,"(55.768694, 37.825451)",2461,1421,50,1442,1067,0.6225377920293175,0.4431137724550898,0.5977245022348638,0.7399445214979196,0,0,1
130,УИК №971,2167,1294,48,1312,617,"(55.768694, 37.825451)",2387,1250,54,1291,938,0.6192893401015228,0.4702743902439024,0.5462924172601592,0.726568551510457,0,0,1
131,УИК №972,2458,1440,69,1483,735,"(55.76993, 37.829171)",2090,1166,63,1204,835,0.6139137510170871,0.4956169925826028,0.5880382775119617,0.6935215946843853,0,0,1
132,УИК №973,2439,1452,59,1480,663,"(55.76993, 37.829171)",2241,1253,49,1292,975,0.6195161951619517,0.4479729729729729,0.5809906291834003,0.7546439628482973,0,0,1
133,УИК №974,2497,1440,71,1484,744,"(55.773191, 37.835522)",2408,1294,70,1344,1028,0.605126151381658,0.5013477088948787,0.5664451827242525,0.7648809523809523,0,0,1
134,УИК №975,2417,1308,60,1346,627,"(55.773191, 37.835522)",2339,1368,35,1378,1029,0.565990897807199,0.4658246656760773,0.5998289867464729,0.7467343976777939,0,0,1
135,УИК №976,2516,1382,77,1407,710,"(55.773191, 37.835522)",2403,1476,47,1492,1125,0.5798887122416534,0.5046197583511016,0.6337910944652517,0.7540214477211796,0,0,1
136,УИК №977,2280,1316,53,1345,669,"(55.760282, 37.830204)",2324,1292,63,1336,979,0.6004385964912281,0.4973977695167286,0.5830464716006885,0.7327844311377245,0,0,1
137,УИК №978,2686,1653,71,1691,783,"(55.767078, 37.827769)",2005,1078,35,1087,789,0.6418466120625466,0.4630396215257244,0.5551122194513716,0.7258509659613616,0,0,1
138,УИК №979,2453,1357,67,1391,689,"(55.763153, 37.826898)",2302,1137,73,1187,874,0.5805136567468406,0.4953271028037383,0.525629887054735,0.7363100252737995,0,0,1
139,УИК №980,2467,1426,47,1443,675,"(55.763153, 37.826898)",2206,1198,77,1256,956,0.597081475476287,0.4677754677754678,0.5779691749773346,0.7611464968152867,0,0,1
140,УИК №981,2341,1719,73,1757,986,"(55.759866, 37.827545)",2207,1152,56,1196,813,0.7654848355403674,0.5611838360842345,0.5473493429995469,0.6797658862876255,0,0,1
141,УИК №982,2034,1095,65,1102,575,"(55.762044, 37.838019)",1973,1059,49,1100,815,0.5703048180924287,0.5217785843920145,0.5615813482007096,0.740909090909091,0,0,1
142,УИК №983,1981,1036,68,1088,629,"(55.762044, 37.838019)",2259,1251,68,1302,923,0.5572942958101968,0.578125,0.5838866755201416,0.7089093701996928,0,0,1
143,УИК №984,2156,1262,36,1288,682,"(55.762044, 37.838019)",2549,1455,58,1494,1119,0.6020408163265306,0.5295031055900621,0.5935661043546488,0.748995983935743,0,0,1
144,УИК №985,2172,1303,74,1240,787,"(55.758605, 37.830392)",2338,1204,74,1260,953,0.6339779005524862,0.6346774193548387,0.5466210436270317,0.7563492063492063,0,0,1
145,УИК №986,2103,1140,59,1177,619,"(55.757055, 37.837965)",2358,1360,46,1400,1032,0.5701378982406087,0.5259133389974512,0.5962680237489398,0.7371428571428571,0,0,1
146,УИК №987,2284,1245,51,1273,646,"(55.757055, 37.837965)",2405,1259,35,1277,982,0.5674255691768827,0.5074626865671642,0.5380457380457381,0.7689898198903681,0,0,1
147,УИК №988,2056,1141,75,1188,623,"(55.757055, 37.837965)",2240,1348,46,1385,1031,0.5914396887159533,0.5244107744107744,0.6223214285714286,0.7444043321299639,0,0,1
148,УИК №989,2124,1236,57,1268,647,"(55.755398, 37.837893)",2244,1298,21,1304,974,0.6087570621468926,0.5102523659305994,0.5877896613190731,0.7469325153374233,0,0,1
149,УИК №990,1993,1047,75,1090,568,"(55.755398, 37.837893)",2180,1323,49,1358,963,0.5629703963873558,0.5211009174311927,0.6293577981651376,0.7091310751104566,0,0,1
150,УИК №991,2131,1085,51,1108,551,"(55.755398, 37.837893)",2005,1220,56,1255,945,0.5330830595964337,0.4972924187725632,0.6364089775561097,0.7529880478087649,0,0,1
151,УИК №992,2452,1356,94,1416,676,"(55.758205, 37.828856)",2339,1410,80,1464,1075,0.5913539967373572,0.4774011299435028,0.6370243693886276,0.7342896174863388,0,1,0
152,УИК №993,2521,1409,56,1352,680,"(55.75437, 37.827455)",2311,1357,45,1376,1017,0.5811186037286791,0.5029585798816568,0.606663781912592,0.7390988372093024,0,1,0
153,УИК №994,2652,1420,94,1457,874,"(55.75437, 37.827455)",2418,1404,69,1455,1106,0.5708898944193062,0.5998627316403569,0.609181141439206,0.7601374570446735,0,1,0
154,УИК №995,2433,1468,133,1568,832,"(55.780264, 37.823197)",2305,1323,80,1389,1018,0.6580353473078504,0.5306122448979592,0.6086767895878525,0.7329013678905687,0,0,1
155,УИК №996,2359,1382,76,1427,647,"(55.777641, 37.823817)",2386,1419,81,1488,1121,0.6180584993641374,0.4533987386124737,0.6286672254819782,0.7533602150537635,0,0,1
156,УИК №997,2360,1332,58,1362,668,"(55.777641, 37.823817)",2089,1259,50,1289,951,0.5889830508474576,0.4904552129221732,0.6266156055528961,0.7377812257564003,0,0,1
157,УИК №998,2740,1561,76,1612,790,"(55.781018, 37.836636)",2377,1500,54,1539,1101,0.5974452554744526,0.4900744416873449,0.6537652503155238,0.7153996101364523,0,0,1
158,УИК №999,2578,1471,36,1485,789,"(55.781018, 37.836636)",2378,1316,46,1350,1012,0.5845616757176105,0.5313131313131313,0.5727502102607233,0.7496296296296296,0,0,1
159,УИК №1000,2447,1369,72,1393,743,"(55.775753, 37.826565)",2435,1419,50,1437,1064,0.5888843481814466,0.533381191672649,0.6032854209445585,0.7404314544189283,0,0,1
160,УИК №1001,2839,1668,50,1680,820,"(55.775753, 37.826565)",2380,1385,60,1424,1041,0.6051426558647411,0.4880952380952381,0.6071428571428571,0.7310393258426966,0,0,1
161,УИК №1002,2509,1438,122,1444,832,"(55.776781, 37.831524)",2024,1174,47,1208,906,0.6217616580310881,0.5761772853185596,0.6032608695652174,0.75,0,0,1
162,УИК №1003,2696,1409,53,1424,723,"(55.776781, 37.831524)",1923,1137,45,1160,896,0.5422848664688428,0.5077247191011236,0.6146645865834633,0.7724137931034483,0,0,1
163,УИК №1004,1460,930,9,922,442,"(55.801081, 37.760072)",2101,1275,47,1304,960,0.6431506849315068,0.4793926247288503,0.6292241789623989,0.7361963190184049,1,1,0
164,УИК №1005,1513,777,34,793,401,"(55.801799, 37.771939)",2325,1314,40,1328,978,0.536021150033047,0.5056746532156369,0.5823655913978495,0.7364457831325302,0,0,1
165,УИК №1006,1762,878,37,893,441,"(55.801799, 37.771939)",1907,1107,51,1138,870,0.5192962542565267,0.4938409854423292,0.6072364971158888,0.7644991212653779,0,0,1
166,УИК №1007,1750,938,42,957,502,"(55.799401, 37.780302)",2154,1258,42,1279,944,0.56,0.5245559038662487,0.6035283194057567,0.7380766223612197,0,0,1
167,УИК №1008,1738,977,32,976,486,"(55.794922, 37.77016)",2038,1108,54,1150,859,0.5805523590333717,0.4979508196721312,0.5701668302257115,0.7469565217391304,0,0,1
168,УИК №1009,1654,852,27,861,424,"(55.797134, 37.773529)",2252,1286,64,1333,968,0.5314389359129383,0.4924506387921022,0.5994671403197158,0.7261815453863466,0,0,1
169,УИК №1010,1902,945,24,946,474,"(55.796542, 37.775918)",1918,1024,72,1073,784,0.5094637223974764,0.5010570824524313,0.5714285714285714,0.7306616961789375,0,1,0
170,УИК №1011,1443,725,30,734,318,"(55.793475, 37.781209)",2026,1103,60,1151,852,0.5232155232155232,0.4332425068119891,0.5740375123395854,0.7402258905299739,0,1,0
171,УИК №1012,1944,1080,49,1095,534,"(55.793475, 37.781209)",2283,1363,50,1392,1002,0.5807613168724279,0.4876712328767123,0.6189224704336399,0.7198275862068966,0,1,0
172,УИК №1013,2233,1256,29,1239,539,"(55.791572, 37.771678)",427,249,15,259,183,0.5754590237348858,0.4350282485875706,0.6182669789227166,0.7065637065637066,0,1,0
173,УИК №1014,1854,958,34,973,414,"(55.790712, 37.778497)",2241,1258,32,1270,906,0.535059331175836,0.4254881808838643,0.5756358768406962,0.7133858267716535,0,1,0
174,УИК №1015,1518,838,30,840,395,"(55.788717, 37.779539)",2255,1306,56,1336,1099,0.5718050065876152,0.4702380952380952,0.6039911308203991,0.8226047904191617,0,1,0
175,УИК №1016,2067,1114,39,1129,491,"(55.788717, 37.779539)",2244,1398,71,1447,1049,0.5578132559264635,0.4348981399468556,0.6546345811051694,0.7249481686247409,0,1,0
176,УИК №1017,2512,1320,93,1387,725,"(55.800403, 37.785135)",2380,1441,61,1485,1071,0.5625,0.5227108868060563,0.6310924369747899,0.7212121212121212,0,0,1
177,УИК №1018,2233,1244,28,1244,526,"(55.797574, 37.785378)",2162,1233,73,1291,964,0.5696372592924317,0.4228295819935691,0.6040703052728955,0.7467079783113865,0,0,1
178,УИК №1019,2185,1207,46,1238,557,"(55.797716, 37.790471)",2430,1437,65,1480,1097,0.5734553775743707,0.4499192245557351,0.6181069958847737,0.7412162162162163,0,0,1
179,УИК №1020,1475,823,39,851,381,"(55.794285, 37.784452)",2227,1312,33,1327,1060,0.584406779661017,0.4477085781433607,0.6039515042658284,0.79879427279578,0,1,0
180,УИК №1021,1846,1093,36,1111,483,"(55.793849, 37.786842)",1921,1104,43,1132,857,0.6115926327193932,0.4347434743474347,0.597084851639771,0.7570671378091873,0,1,0
181,УИК №1022,2081,1225,36,1229,540,"(55.7937351615384, 37.7931891940534)",2042,1221,66,1263,923,0.6059586737145604,0.4393816110659072,0.6302644466209598,0.730799683293745,0,1,0
182,УИК №1023,1592,870,35,883,379,"(55.790965, 37.786249)",2203,1271,47,1303,946,0.5684673366834171,0.4292185730464326,0.5982750794371312,0.726016884113584,0,1,0
183,УИК №1024,1755,887,63,931,439,"(55.790074, 37.792609)",2361,1422,50,1466,1174,0.5413105413105413,0.4715359828141783,0.6234646336298179,0.800818553888131,0,1,0
184,УИК №1025,2572,1442,36,1453,593,"(55.791997, 37.789788)",2066,1168,55,1205,895,0.5746500777604977,0.4081211286992429,0.5919651500484027,0.7427385892116183,0,1,0
185,УИК №1026,1313,947,26,955,332,"(55.790074, 37.792609)",1005,542,16,552,387,0.741051028179741,0.3476439790575916,0.5552238805970149,0.7010869565217391,0,1,0
186,УИК №1027,2088,1041,28,1032,489,"(55.801673, 37.790705)",1398,742,36,772,571,0.5119731800766284,0.4738372093023256,0.5565092989985694,0.7396373056994818,0,1,0
187,УИК №1028,1837,1071,46,1082,470,"(55.8005246021556, 37.7962796017528)",1631,872,38,894,639,0.608056614044638,0.4343807763401109,0.5579399141630901,0.714765100671141,0,1,0
188,УИК №1029,2510,1356,41,1361,655,"(55.802083, 37.802652)",1810,1005,35,1021,740,0.5565737051792828,0.4812637766348273,0.574585635359116,0.7247796278158668,0,1,0
189,УИК №1030,1896,1129,30,1129,499,"(55.798657, 37.797011)",1708,972,51,1007,727,0.6112869198312236,0.4419840566873339,0.5989461358313818,0.7219463753723933,0,0,1
190,УИК №1031,2647,1557,44,1563,701,"(55.798657, 37.797011)",1669,922,38,953,678,0.6048356630147337,0.4484964811260397,0.5751947273816657,0.7114375655823715,0,0,1
191,УИК №1032,2441,1425,37,1428,617,"(55.793768, 37.795636)",1700,961,35,988,717,0.5989348627611635,0.4320728291316527,0.5858823529411765,0.7257085020242915,0,0,1
192,УИК №1033,1345,739,32,750,356,"(55.795347, 37.801556)",1307,680,28,696,471,0.5732342007434944,0.4746666666666667,0.541698546289212,0.6767241379310345,0,0,1
193,УИК №1034,2036,1145,29,1144,489,"(55.795347, 37.801556)",1934,1091,41,1112,798,0.5766208251473477,0.4274475524475524,0.5853154084798345,0.7176258992805755,0,0,1
194,УИК №1035,1747,942,65,988,409,"(55.7911146725574, 37.7965624071658)",2148,1178,39,1199,812,0.5764167143674871,0.4139676113360324,0.5665735567970205,0.677231025854879,0,1,0
195,УИК №1036,2081,1135,48,1154,555,"(55.790671, 37.796463)",1671,906,44,925,623,0.5684766938971648,0.4809358752166378,0.5685218432076601,0.6735135135135135,0,1,0
196,УИК №3274,297,0,297,293,136,"(nan, nan)",1286,810,53,854,639,1.0,0.4641638225255973,0.6710730948678072,0.7482435597189696,0,0,1
197,УИК №3275,83,0,83,81,39,"(nan, nan)",1886,1154,51,1187,884,1.0,0.4814814814814814,0.6389183457051962,0.7447346251053075,0,0,1
198,УИК №3276,150,0,150,146,82,"(nan, nan)",1116,693,36,719,526,1.0,0.5616438356164384,0.6532258064516129,0.7315716272600834,0,0,1
199,УИК №1037,2657,1446,83,1492,752,"(55.71338, 37.85259)",1346,786,46,821,568,0.5754610462928115,0.5040214477211796,0.6181277860326895,0.6918392204628502,0,0,1
200,УИК №1038,2787,1637,87,1603,835,"(55.713136, 37.862866)",2057,1153,40,1173,817,0.6185862935055615,0.5208983156581409,0.5799708313077298,0.6965046888320545,0,0,1
201,УИК №1039,2418,1325,80,1371,734,"(55.713331099699, 37.8525681048632)",2363,1264,77,1319,945,0.5810587262200165,0.5353756382202771,0.5674989420228523,0.7164518574677786,0,0,1
202,УИК №1040,2196,1199,82,1262,594,"(55.7034995072529, 37.8639510646463)",2040,1143,53,1167,788,0.5833333333333334,0.4706814580031696,0.5862745098039216,0.675235646958012,1,0,0
203,УИК №1041,2737,1697,25,1685,940,"(55.70988, 37.884633)",2086,1139,46,1173,822,0.629156010230179,0.5578635014836796,0.5680728667305849,0.7007672634271099,0,0,1
204,УИК №1042,2808,1687,33,1692,819,"(55.710484, 37.887049)",1417,722,48,760,510,0.6125356125356125,0.4840425531914893,0.5434015525758645,0.6710526315789473,0,0,1
205,УИК №1043,3014,1694,48,1657,832,"(55.710066135225, 37.8909525275231)",1746,993,29,1004,646,0.5779694757796947,0.5021122510561256,0.5853379152348225,0.6434262948207171,0,0,1
206,УИК №1044,2933,1586,42,1599,815,"(55.7150192186784, 37.8897837549448)",1909,1117,41,1139,786,0.5550630753494715,0.5096935584740463,0.606600314300681,0.6900790166812993,0,0,1
207,УИК №1045,2997,1671,69,1708,951,"(55.713288, 37.89552)",1588,836,25,850,567,0.5805805805805806,0.5567915690866511,0.542191435768262,0.6670588235294118,0,0,1
208,УИК №1046,2874,1502,69,1544,794,"(55.715996, 37.900461)",1170,701,19,709,447,0.546624913013222,0.5142487046632125,0.6153846153846154,0.6304654442877292,0,0,1
209,УИК №1047,2831,1711,21,1703,856,"(55.720758, 37.906884)",1536,869,36,881,584,0.6117979512539738,0.5026423957721667,0.5891927083333334,0.662883087400681,0,0,1
210,УИК №1048,2740,1641,19,1640,807,"(55.720758, 37.906884)",2282,1325,51,1352,902,0.6058394160583942,0.4920731707317073,0.6029798422436459,0.6671597633136095,0,0,1
211,УИК №1049,2936,1649,42,1664,850,"(55.7173655047738, 37.8836929611862)",873,523,13,529,357,0.5759536784741145,0.5108173076923077,0.6139747995418099,0.6748582230623819,0,0,1
212,УИК №1050,2921,1760,25,1754,801,"(55.720692, 37.894837)",2072,1148,42,1158,835,0.6110920917494009,0.4566704675028506,0.5743243243243243,0.7210708117443869,0,0,1
213,УИК №1051,1842,952,24,953,456,"(55.823019, 37.7593)",1861,1083,32,1100,759,0.5298588490770901,0.4784889821615949,0.5991402471789361,0.69,0,0,1
214,УИК №1052,2097,1193,41,1204,592,"(55.823019, 37.7593)",2402,1342,51,1371,937,0.5884597043395327,0.4916943521594684,0.5799333888426311,0.6834427425237053,0,0,1
215,УИК №1053,2395,1315,31,1316,703,"(55.820116, 37.753982)",1985,1151,53,1178,838,0.5620041753653444,0.53419452887538,0.6065491183879094,0.7113752122241087,0,0,1
216,УИК №1054,2181,1333,18,1314,651,"(55.820116, 37.753982)",2332,1368,46,1388,950,0.619440623567171,0.4954337899543379,0.6063464837049742,0.6844380403458213,0,0,1
217,УИК №1055,2722,1454,50,1472,758,"(55.827085, 37.752975)",2383,1389,54,1422,980,0.5525349008082292,0.5149456521739131,0.6055392362568192,0.6891701828410689,0,0,1
218,УИК №1056,2052,1089,66,1130,593,"(55.8288344892201, 37.7571168355644)",1359,783,24,793,531,0.5628654970760234,0.5247787610619469,0.5938189845474614,0.669609079445145,0,0,1
219,УИК №1057,2000,1030,42,1042,544,"(55.8288344892201, 37.7571168355644)",1819,1125,44,1124,809,0.536,0.5220729366602687,0.6426608026388125,0.7197508896797153,0,0,1
220,УИК №1058,2025,1081,45,1103,591,"(55.829067, 37.761276)",1663,909,53,953,651,0.5560493827160494,0.5358114233907525,0.5784726398075767,0.683105981112277,0,0,1
221,УИК №1059,2464,1261,59,1299,659,"(55.827085, 37.752975)",2031,1117,64,1161,775,0.5357142857142857,0.5073133179368745,0.5814869522402757,0.6675279931093885,0,0,1
222,УИК №1060,2304,1230,61,1266,656,"(55.825007, 37.760908)",1309,708,50,747,556,0.5603298611111112,0.5181674565560821,0.5790679908326967,0.7443105756358769,0,0,1
223,УИК №1061,354,201,0,192,88,"(55.82579, 37.719172)",2355,1276,72,1325,957,0.5677966101694916,0.4583333333333333,0.5723991507430998,0.7222641509433962,0,0,1
224,УИК №3277,650,650,0,644,429,"(nan, nan)",1240,733,30,755,527,1.0,0.6661490683229814,0.6153225806451613,0.6980132450331126,0,0,1
225,УИК №3278,213,110,103,212,163,"(nan, nan)",1026,642,23,654,493,1.0,0.7688679245283019,0.6481481481481481,0.753822629969419,0,0,1
226,УИК №3279,258,230,28,257,151,"(nan, nan)",1078,693,30,714,548,1.0,0.5875486381322957,0.6706864564007421,0.7675070028011205,0,0,1
227,УИК №3280,35,32,3,34,25,"(nan, nan)",1918,1191,50,1199,889,1.0,0.7352941176470589,0.6470281543274244,0.7414512093411176,0,0,1
228,УИК №3281,236,236,0,234,189,"(nan, nan)",1072,663,60,716,559,1.0,0.8076923076923077,0.6744402985074627,0.7807262569832403,0,0,1
229,УИК №3282,347,347,0,339,227,"(nan, nan)",1067,668,27,680,473,1.0,0.6696165191740413,0.6513589503280225,0.6955882352941176,0,0,1
230,УИК №1082,2828,1627,61,1653,762,"(55.735398, 37.852733)",1694,882,62,929,706,0.5968882602545968,0.4609800362976406,0.5572609208972845,0.759956942949408,0,0,1
231,УИК №1083,2746,1657,44,1645,791,"(55.735398, 37.852733)",1586,920,46,954,707,0.6194464675892207,0.4808510638297872,0.6090794451450189,0.7410901467505241,0,0,1
232,УИК №1084,2740,1554,49,1569,771,"(55.735398, 37.852733)",1638,945,46,977,728,0.5850364963503649,0.491395793499044,0.605006105006105,0.7451381780962129,0,0,1
233,УИК №1086,2415,1365,29,1370,642,"(55.738987, 37.85047)",2022,1077,41,1098,808,0.5772256728778468,0.4686131386861314,0.552917903066271,0.7358834244080146,0,0,1
234,УИК №1087,2481,1452,33,1470,685,"(55.738987, 37.85047)",1825,1083,28,1093,774,0.5985489721886336,0.4659863945578231,0.6087671232876712,0.7081427264409881,0,0,1
235,УИК №1088,2270,1204,61,1242,586,"(55.741161, 37.857467)",1864,1113,37,1138,828,0.5572687224669604,0.4718196457326892,0.6169527896995708,0.7275922671353251,1,0,0
236,УИК №1089,2623,1447,62,1475,713,"(55.741161, 37.857467)",1839,1084,21,1089,844,0.5752954632100649,0.4833898305084745,0.6008700380641653,0.7750229568411386,1,0,0
237,УИК №1090,2474,1463,33,1471,700,"(55.741161, 37.857467)",2132,1227,29,1233,896,0.6046887631366209,0.4758667573079537,0.5891181988742964,0.7266828872668288,1,0,0
238,УИК №1091,2577,1556,34,1559,765,"(55.741906, 37.859219)",1883,1048,32,1067,786,0.6169965075669382,0.490699166132136,0.5735528412108338,0.7366447985004686,1,0,0
239,УИК №1092,2438,1427,46,1455,661,"(55.741906, 37.859219)",356,270,0,266,187,0.6041837571780148,0.4542955326460481,0.7584269662921348,0.7030075187969925,1,0,0
240,УИК №1094,2167,1245,55,1267,664,"(55.743715, 37.869711)",2473,1477,67,1516,1139,0.5999077065066912,0.5240726124704025,0.6243429033562474,0.7513192612137203,1,0,0
241,УИК №1095,2199,1208,30,1203,605,"(55.743715, 37.869711)",1865,1025,47,1052,750,0.5629831741700773,0.5029093931837074,0.574798927613941,0.7129277566539924,1,0,0
242,УИК №1096,2243,1223,42,1221,642,"(55.743715, 37.869711)",1519,882,33,895,656,0.5639768167632635,0.5257985257985258,0.6023699802501645,0.7329608938547486,1,0,0
243,УИК №1097,2534,1346,30,1346,676,"(55.741566, 37.874508)",1889,1133,41,1140,824,0.5430149960536701,0.5022288261515602,0.621492853361567,0.7228070175438597,1,0,0
244,УИК №1098,2529,1423,50,1444,725,"(55.741566, 37.874508)",2052,1246,44,1274,909,0.5824436536180309,0.5020775623268698,0.6286549707602339,0.7135007849293563,1,0,0
245,УИК №1099,2517,1401,76,1436,732,"(55.741566, 37.874508)",2298,1315,38,1327,927,0.5868096940802543,0.5097493036211699,0.5887728459530026,0.6985681989449887,1,0,0
246,УИК №1100,2635,1461,44,1468,756,"(55.741809, 37.872371)",2167,1181,41,1193,858,0.571157495256167,0.5149863760217984,0.5639132441162898,0.719195305951383,1,0,0
247,УИК №1101,2455,1377,56,1409,751,"(55.741809, 37.872371)",1194,708,23,721,469,0.5837067209775968,0.5330021291696239,0.6122278056951423,0.6504854368932039,1,0,0
248,УИК №1102,2014,1106,42,1117,563,"(55.737365, 37.863549)",2049,1280,51,1317,930,0.5700099304865939,0.5040286481647269,0.6495851634943876,0.7061503416856492,1,0,0
249,УИК №1103,2091,1190,51,1212,628,"(55.737365, 37.863549)",1247,1189,58,1225,946,0.5934959349593496,0.5181518151815182,1.0,0.7722448979591837,1,0,0
250,УИК №1104,2694,1508,54,1527,726,"(55.736412, 37.862839)",2447,1288,36,1308,925,0.5798069784706755,0.4754420432220039,0.5410706988148754,0.7071865443425076,1,0,0
251,УИК №1105,2663,1474,29,1465,737,"(55.736412, 37.862839)",1714,1019,29,1030,766,0.5644010514457379,0.5030716723549488,0.6114352392065344,0.7436893203883496,1,0,0
252,УИК №1106,2601,1375,49,1385,664,"(55.736412, 37.862839)",2405,1338,57,1366,1001,0.5474817377931565,0.4794223826714801,0.58004158004158,0.732796486090776,1,0,0
253,УИК №1107,2230,1177,46,1193,550,"(55.733163, 37.860495)",1797,1017,48,1040,724,0.5484304932735427,0.4610226320201173,0.5926544240400667,0.6961538461538461,0,0,1
254,УИК №1108,2353,1341,55,1370,637,"(55.733163, 37.860495)",2324,1396,58,1434,1068,0.5932851678708032,0.464963503649635,0.6256454388984509,0.7447698744769874,0,0,1
255,УИК №1062,3117,1730,63,1749,888,"(55.741916, 37.782153)",2075,1184,86,1250,956,0.5752325954443375,0.5077186963979416,0.6120481927710844,0.7648,0,0,1
256,УИК №1063,2819,1540,39,1534,754,"(55.741916, 37.782153)",1913,1186,89,1260,955,0.5601277048598794,0.4915254237288136,0.6664924202822792,0.7579365079365079,0,0,1
257,УИК №1064,2972,1591,44,1586,717,"(55.746319, 37.792259)",2416,1536,126,1645,1172,0.5501345895020189,0.4520807061790668,0.6879139072847682,0.7124620060790273,0,1,0
258,УИК №1065,3034,1754,49,1780,840,"(55.746319, 37.792259)",3152,2212,25,2195,1597,0.5942649967040211,0.4719101123595505,0.7097081218274112,0.7275626423690205,0,1,0
259,УИК №1066,2725,1533,40,1506,716,"(55.74747, 37.792753)",1333,831,6,829,597,0.5772477064220184,0.4754316069057105,0.627906976744186,0.7201447527141134,0,1,0
260,УИК №1067,3039,1643,62,1671,714,"(55.747581, 37.79914)",2630,1823,38,1844,1364,0.5610398157288582,0.4272890484739677,0.7076045627376426,0.7396963123644251,0,1,0
261,УИК №1068,2872,1697,38,1701,802,"(55.747581, 37.79914)",2649,1787,25,1786,1293,0.604108635097493,0.4714873603762493,0.6840317100792752,0.7239641657334827,0,1,0
262,УИК №1069,3008,1663,42,1675,785,"(55.750459, 37.80338)",2493,1594,35,1616,1187,0.5668218085106383,0.4686567164179104,0.6534296028880866,0.7345297029702971,0,1,0
263,УИК №1070,2830,1609,52,1609,752,"(55.752632, 37.81336)",2596,1669,23,1680,1404,0.5869257950530036,0.4673710379117464,0.6517719568567026,0.8357142857142857,0,1,0
264,УИК №1071,2241,1252,44,1267,622,"(55.752632, 37.81336)",2799,1866,37,1879,1363,0.5783132530120482,0.4909234411996843,0.6798856734548053,0.7253858435337945,0,1,0
265,УИК №1072,3012,1701,40,1682,788,"(55.750459, 37.80338)",1862,1186,15,1188,827,0.5780212483399735,0.4684898929845422,0.6450053705692803,0.6961279461279462,0,1,0
266,УИК №1073,2532,1394,48,1408,679,"(55.750459, 37.80338)",1529,946,14,953,724,0.5695102685624013,0.4822443181818182,0.6278613472858077,0.7597061909758657,0,1,0
267,УИК №1074,3031,1804,49,1823,925,"(55.746375, 37.810557)",2822,1788,41,1803,1299,0.6113493896403827,0.5074053757542513,0.6481218993621545,0.7204658901830283,0,1,0
268,УИК №1075,2807,1569,76,1613,740,"(55.746375, 37.810557)",1871,1318,15,1317,972,0.5860349127182045,0.4587724736515809,0.7124532335649385,0.7380410022779044,0,1,0
269,УИК №1076,2989,1813,36,1792,813,"(55.754841, 37.822667)",1861,1195,24,1201,899,0.6186015389762463,0.4536830357142857,0.6550241805480924,0.7485428809325562,0,1,0
270,УИК №1077,3018,1698,40,1709,789,"(55.754856, 37.820196)",1877,1236,22,1248,959,0.5758780649436713,0.4616734932709186,0.6702184336707512,0.7684294871794872,0,1,0
271,УИК №1078,2234,1188,46,1207,621,"(55.754841, 37.822667)",2251,1523,21,1533,1146,0.5523724261414503,0.5144987572493787,0.6859173700577521,0.7475538160469667,0,1,0
272,УИК №1079,2716,1596,65,1624,803,"(55.746228, 37.819298)",2107,1411,10,1401,1046,0.6115611192930781,0.4944581280788177,0.6744186046511628,0.7466095645967167,0,1,0
273,УИК №1080,2837,1547,101,1612,746,"(55.746228, 37.819298)",1878,1023,51,1055,761,0.5808953119492422,0.4627791563275434,0.5718849840255591,0.7213270142180095,0,1,0
274,УИК №1081,3038,1766,54,1773,847,"(55.746198, 37.820879)",1787,1049,43,1071,775,0.5990783410138248,0.4777213761985335,0.6110800223838836,0.7236227824463118,0,1,0
275,УИК №3283,749,323,407,714,402,"(nan, nan)",1226,725,58,774,611,0.9746328437917224,0.5630252100840336,0.6386623164763459,0.789405684754522,0,0,1
276,УИК №1109,2335,1210,40,1215,584,"(55.742934, 37.75938)",1943,1047,53,1086,741,0.5353319057815846,0.4806584362139918,0.5661348430262481,0.6823204419889503,0,0,1
277,УИК №1110,2367,1142,32,1137,561,"(55.7426, 37.762668)",1299,743,38,765,563,0.4959864807773553,0.4934036939313984,0.6012317167051578,0.7359477124183007,0,0,1
278,УИК №1111,2248,1144,63,1078,557,"(55.742934, 37.75938)",2676,1635,59,1651,1125,0.5369217081850534,0.5166975881261595,0.633034379671151,0.681405208964264,0,0,1
279,УИК №1112,1103,1052,51,1093,548,"(55.741262, 37.762408)",2456,1505,32,1513,1081,1.0,0.5013723696248856,0.625814332247557,0.7144745538664904,0,0,1
280,УИК №1113,2153,1162,41,1170,579,"(55.7426, 37.762668)",1222,836,35,852,644,0.5587552252670692,0.4948717948717949,0.7127659574468085,0.755868544600939,0,0,1
281,УИК №1114,2428,1344,34,1348,780,"(55.741262, 37.762408)",1560,892,49,925,670,0.5675453047775947,0.5786350148367952,0.6032051282051282,0.7243243243243244,0,0,1
282,УИК №1115,2497,1392,71,1423,698,"(55.745549, 37.770178)",2569,1613,30,1603,1114,0.5859030837004405,0.4905130007027407,0.6395484624367458,0.6949469744229569,0,0,1
283,УИК №1116,2326,1301,32,1305,594,"(55.745549, 37.770178)",2500,1451,52,1476,1075,0.5730868443680137,0.4551724137931034,0.6012,0.728319783197832,0,0,1
284,УИК №1117,2395,1458,28,1454,624,"(55.745549, 37.770178)",1947,1096,53,1136,810,0.6204592901878915,0.4291609353507565,0.5901386748844376,0.7130281690140845,0,0,1
285,УИК №1118,2243,1371,26,1365,611,"(55.746633, 37.778245)",2476,1460,62,1494,1076,0.6228265715559519,0.4476190476190476,0.6147011308562197,0.7202141900937081,0,1,0
286,УИК №1119,2365,1442,27,1437,644,"(55.746633, 37.778245)",1547,903,60,948,667,0.6211416490486258,0.4481558803061934,0.6224951519069166,0.7035864978902954,0,1,0
287,УИК №1120,2458,1302,58,1342,638,"(55.746633, 37.778245)",2372,1466,67,1514,1075,0.5532953620829943,0.4754098360655737,0.6462900505902193,0.7100396301188904,0,1,0
288,УИК №1121,2087,1145,34,1152,558,"(55.749689, 37.782063)",2356,1472,51,1503,1099,0.5649257307139435,0.484375,0.6464346349745331,0.7312042581503659,0,1,0
289,УИК №1122,2169,1185,34,1187,683,"(55.749689, 37.782063)",2210,1328,43,1346,1021,0.562010142923006,0.5754001684919966,0.6203619909502263,0.7585438335809807,0,1,0
290,УИК №1123,2515,1486,30,1483,781,"(55.754218, 37.775334)",2266,1491,31,1509,1038,0.6027833001988071,0.5266351989211059,0.6716681376875552,0.6878727634194831,0,1,0
291,УИК №1124,127,124,3,123,54,"(55.754218, 37.775334)",2185,1321,40,1337,1005,1.0,0.4390243902439024,0.622883295194508,0.7516828721017202,0,1,0
292,УИК №1125,2014,1073,37,1090,510,"(55.754218, 37.775334)",2407,1444,42,1459,1072,0.551142005958292,0.4678899082568807,0.6173660157872871,0.7347498286497601,0,1,0
293,УИК №1126,2117,1170,44,1179,638,"(55.75592, 37.779233)",2458,1529,41,1546,1145,0.5734529995276334,0.5411365564037319,0.6387306753458096,0.740620957309185,0,1,0
294,УИК №1127,2105,1172,50,1198,581,"(55.759841, 37.776673)",337,212,3,214,145,0.580522565320665,0.4849749582637729,0.6379821958456974,0.677570093457944,0,0,1
295,УИК №1128,1607,831,31,843,369,"(55.756948, 37.760171)",2256,1351,61,1397,1050,0.536403235843186,0.4377224199288256,0.625886524822695,0.7516105941302792,1,1,0
296,УИК №1129,2228,1268,28,1279,648,"(55.759841, 37.776673)",2368,1371,51,1400,1018,0.5816876122082585,0.506645817044566,0.6005067567567568,0.7271428571428571,0,0,1
297,УИК №1130,2276,1377,33,1410,727,"(55.763315, 37.781371)",2567,1643,28,1637,1165,0.6195079086115993,0.5156028368794326,0.6509544215037009,0.7116676847892486,0,0,1
298,УИК №1131,2319,1406,42,1418,637,"(55.759527, 37.783635)",2671,1714,42,1733,1298,0.6244070720137991,0.4492242595204513,0.6574316735305129,0.7489901904212348,0,1,0
299,УИК №1132,2149,1195,38,1210,540,"(55.759527, 37.783635)",2302,1384,46,1407,1014,0.5737552349930201,0.4462809917355372,0.6211989574283232,0.720682302771855,0,1,0
300,УИК №1133,2312,1305,44,1317,840,"(55.754993, 37.786267)",2399,1524,33,1518,1096,0.5834775086505191,0.6378132118451025,0.6490204251771572,0.7220026350461133,0,1,0
301,УИК №1134,2274,1180,57,1209,770,"(55.754993, 37.786267)",2732,1838,34,1836,1338,0.5439753737906772,0.6368899917287014,0.6852122986822841,0.7287581699346405,0,1,0
302,УИК №1135,2121,1148,40,1167,579,"(55.753909, 37.786617)",2255,1350,30,1357,1032,0.5601131541725601,0.4961439588688946,0.6119733924611973,0.7605011053795137,0,1,0
303,УИК №1136,2136,1164,70,1215,594,"(55.753909, 37.786617)",2411,1510,38,1519,1124,0.5777153558052435,0.4888888888888889,0.6420572376607216,0.7399605003291639,0,1,0
304,УИК №1137,2300,1336,33,1328,579,"(55.757288, 37.792906)",2460,1435,20,1439,1081,0.5952173913043478,0.4359939759036144,0.5914634146341463,0.7512161223071577,0,1,0
305,УИК №1138,2244,1300,52,1313,615,"(55.757288, 37.792906)",2391,1439,60,1483,1092,0.6024955436720143,0.4683929931454684,0.6269343370974487,0.7363452461227242,0,1,0
306,УИК №1139,2500,1329,42,1337,625,"(55.762247, 37.786743)",2468,1482,60,1520,1139,0.5484,0.4674644727000748,0.6247974068071313,0.7493421052631579,0,0,1
307,УИК №1140,2513,1446,112,1514,703,"(55.762247, 37.786743)",2551,1573,68,1620,1192,0.6199761241543972,0.4643328929986789,0.6432771462171697,0.7358024691358025,0,0,1
308,УИК №1141,2555,1398,217,1575,728,"(55.758499, 37.797038)",2369,1447,52,1480,1121,0.6320939334637965,0.4622222222222222,0.6327564373153229,0.7574324324324324,0,1,0
309,УИК №1142,2648,1554,30,1549,691,"(55.758499, 37.797038)",2087,1219,45,1253,931,0.5981873111782477,0.4460942543576501,0.6056540488739818,0.7430167597765364,0,1,0
310,УИК №1143,2649,1417,48,1429,666,"(55.7569624365598, 37.8036771342158)",2117,1255,26,1262,932,0.5530388825972065,0.4660601819454164,0.6051015588096362,0.7385103011093502,0,1,0
311,УИК №1144,2436,1395,13,1385,762,"(55.753904, 37.804449)",1334,799,19,805,600,0.5779967159277504,0.5501805054151625,0.6131934032983508,0.7453416149068323,0,1,0
312,УИК №1145,2456,1346,39,1373,826,"(55.753904, 37.804449)",2203,1306,30,1317,958,0.5639250814332247,0.6016023306627822,0.6064457557875624,0.7274107820804859,0,1,0
313,УИК №3284,407,402,0,394,237,"(nan, nan)",1540,846,88,927,726,0.9877149877149876,0.6015228426395939,0.6064935064935065,0.7831715210355987,0,0,1
314,УИК №924,2090,1193,122,1290,650,"(55.81954, 37.858644)",2014,1190,70,1240,894,0.6291866028708134,0.5038759689922481,0.6256206554121152,0.7209677419354839,0,0,1
315,УИК №925,1822,1113,92,1180,655,"(55.819767, 37.86354)",2111,1219,70,1274,908,0.6613611416026345,0.5550847457627118,0.6106110847939366,0.7127158555729984,0,0,1
316,УИК №926,2798,1774,110,1848,981,"(55.819545, 37.866585)",1983,1169,34,1173,800,0.6733380986418871,0.5308441558441559,0.6066565809379728,0.6820119352088662,0,0,1
317,УИК №927,1102,659,80,722,398,"(56.0055901481035, 37.7974772080779)",2052,1101,69,1150,794,0.6705989110707804,0.5512465373961218,0.5701754385964912,0.6904347826086956,0,0,1
318,УИК №1146,2208,1367,82,1420,699,"(55.799937, 37.705239)",2261,1367,28,1373,995,0.65625,0.4922535211267606,0.616983635559487,0.7246904588492352,0,1,0
319,УИК №1147,2202,1238,71,1270,565,"(55.799937, 37.705239)",2411,1439,40,1464,1084,0.5944595821980018,0.4448818897637795,0.6134384072998755,0.7404371584699454,0,1,0
320,УИК №1148,2259,1271,50,1289,579,"(55.791936, 37.713162)",2329,1408,28,1414,1048,0.584772023019035,0.4491854150504267,0.6165736367539717,0.7411598302687411,0,1,0
321,УИК №1149,2086,1177,24,1134,555,"(55.791936, 37.713162)",2324,1357,44,1377,953,0.5757430488974113,0.4894179894179894,0.6028399311531841,0.6920842411038489,0,1,0
322,УИК №1150,1955,1048,27,1047,518,"(55.789487, 37.712363)",2509,1421,51,1460,1046,0.5498721227621484,0.4947468958930276,0.5866879234754883,0.7164383561643836,0,1,0
323,УИК №1151,2321,1370,71,1414,629,"(55.795752, 37.717627)",2279,1243,32,1256,952,0.6208530805687204,0.4448373408769448,0.5594559017112769,0.7579617834394905,0,1,0
324,УИК №1152,2060,1231,70,1273,564,"(55.792316, 37.725415)",2108,1114,45,1142,822,0.6315533980582524,0.4430479183032207,0.5498102466793169,0.7197898423817863,0,1,0
325,УИК №1153,1947,1114,62,1148,528,"(55.792316, 37.725415)",2188,1144,39,1172,876,0.6040061633281972,0.4599303135888501,0.5406764168190128,0.7474402730375427,0,1,0
326,УИК №1154,2579,1480,61,1516,701,"(55.79557, 37.728595)",2004,1093,47,1117,839,0.5975184179914695,0.462401055408971,0.5688622754491018,0.7511190689346464,0,1,0
327,УИК №1155,2519,1528,73,1533,726,"(55.795585, 37.730994)",2228,1230,32,1243,963,0.6355696705041683,0.4735812133072407,0.566427289048474,0.7747385358004827,0,1,0
328,УИК №1156,2474,1438,53,1466,711,"(55.7969965002634, 37.7386639080941)",2566,1430,75,1493,1121,0.6026677445432498,0.4849931787175989,0.5865159781761496,0.7508372404554589,1,1,0
329,УИК №1157,2282,1330,58,1347,588,"(55.7969965002634, 37.7386639080941)",2427,1253,30,1261,894,0.6082383873794917,0.4365256124721604,0.5286361763494025,0.7089611419508327,1,1,0
330,УИК №1158,2283,1326,62,1354,649,"(55.7969965002634, 37.7386639080941)",2591,1557,25,1561,1097,0.6079719667104687,0.4793205317577548,0.6105750675414898,0.7027546444586803,1,1,0
331,УИК №1159,2192,1193,69,1236,528,"(55.803555, 37.727634)",2345,1420,41,1445,1041,0.5757299270072993,0.4271844660194174,0.6230277185501066,0.7204152249134949,0,0,1
332,УИК №1160,2242,1154,55,1173,536,"(55.803555, 37.727634)",2221,1332,29,1336,938,0.5392506690454951,0.4569479965899403,0.6127870328680775,0.7020958083832335,0,0,1
333,УИК №1161,2257,1314,82,1365,639,"(55.80481, 37.726313)",2456,1376,46,1398,1012,0.618520159503766,0.4681318681318681,0.5789902280130294,0.7238912732474965,0,0,1
334,УИК №1162,2328,1343,62,1366,647,"(55.803919, 37.717672)",2058,1180,35,1197,858,0.6035223367697594,0.4736456808199121,0.5903790087463557,0.7167919799498746,0,1,0
335,УИК №1163,2204,1254,85,1307,603,"(55.803555, 37.727634)",2007,1192,46,1215,845,0.6075317604355717,0.4613618974751339,0.6168410563029397,0.6954732510288066,0,0,1
336,УИК №1164,2576,1435,90,1489,650,"(55.801485, 37.72113)",2224,1228,38,1250,911,0.5920031055900621,0.4365345869711216,0.5692446043165468,0.7288,0,1,0
337,УИК №1165,2552,1360,90,1405,634,"(55.801485, 37.72113)",268,157,2,155,117,0.5681818181818182,0.4512455516014235,0.5932835820895522,0.7548387096774194,0,1,0
338,УИК №1166,2521,1500,73,1482,639,"(55.801926, 37.716773)",1985,1089,53,1129,831,0.6239587465291551,0.4311740890688259,0.5753148614609572,0.7360496014171833,0,1,0
339,УИК №1167,2267,1303,70,1345,617,"(55.801926, 37.716773)",2002,1154,40,1175,856,0.6056462284958094,0.4587360594795539,0.5964035964035964,0.7285106382978723,0,1,0
340,УИК №3287,800,800,0,785,505,"(nan, nan)",1142,700,46,734,561,1.0,0.643312101910828,0.6532399299474606,0.7643051771117166,0,0,1
341,УИК №3288,90,90,0,89,48,"(nan, nan)",2056,1299,47,1332,1010,1.0,0.5393258426966292,0.6546692607003891,0.7582582582582582,0,0,1
342,УИК №3289,677,677,0,664,466,"(nan, nan)",1305,682,50,724,541,1.0,0.7018072289156626,0.5609195402298851,0.7472375690607734,0,0,1
343,УИК №1168,2483,1310,68,1355,675,"(55.803256, 37.767699)",2014,1142,35,1159,854,0.5549738219895288,0.4981549815498155,0.5844091360476663,0.7368421052631579,0,0,1
344,УИК №1169,2723,1364,80,1403,687,"(55.803256, 37.767699)",1437,793,33,817,551,0.5302974660301139,0.4896650035637919,0.5748086290883786,0.6744186046511628,0,0,1
345,УИК №1170,2535,1318,75,1362,706,"(55.803094, 37.776978)",2158,1183,27,1185,870,0.5495069033530572,0.5183553597650514,0.5607043558850788,0.7341772151898734,0,0,1
346,УИК №1171,2263,1300,24,1290,616,"(55.808093, 37.779628)",2126,1241,40,1259,889,0.5850640742377375,0.4775193798449612,0.6025399811853246,0.7061159650516283,0,0,1
347,УИК №1172,2070,1078,56,1111,541,"(55.805579, 37.786411)",2370,1390,67,1428,1047,0.5478260869565217,0.4869486948694869,0.6147679324894515,0.7331932773109243,0,1,0
348,УИК №1173,2148,1131,56,1161,570,"(55.805579, 37.786411)",2085,1211,44,1222,861,0.5526070763500931,0.4909560723514212,0.6019184652278178,0.704582651391162,0,1,0
349,УИК №1174,2277,1189,52,1218,580,"(55.804779, 37.788504)",2242,1317,56,1349,999,0.5450153711023277,0.4761904761904761,0.6123996431757359,0.7405485544848036,0,1,0
350,УИК №1175,2466,1347,83,1391,649,"(55.805968, 37.789537)",2353,1186,47,1220,882,0.5798864557988646,0.4665708123652048,0.5240118997025074,0.7229508196721312,0,1,0
351,УИК №1176,2330,1241,90,1307,655,"(55.8075438731817, 37.7883851900697)",1970,1109,48,1141,836,0.5712446351931331,0.5011476664116297,0.5873096446700508,0.7326906222611744,0,1,0
352,УИК №1177,2397,1255,72,1231,600,"(55.805968, 37.789537)",1915,1175,57,1213,881,0.5536086775135586,0.487408610885459,0.6433420365535248,0.7262984336356142,0,1,0
353,УИК №1178,2763,1409,49,1434,712,"(55.80872, 37.801116)",2350,1408,32,1416,979,0.5276872964169381,0.496513249651325,0.6127659574468085,0.6913841807909604,0,1,0
354,УИК №1179,1349,678,34,700,330,"(55.807294, 37.806299)",2213,1298,50,1316,935,0.5277983691623425,0.4714285714285714,0.6091278807049254,0.7104863221884499,0,1,0
355,УИК №1180,2065,1244,86,1306,514,"(55.807294, 37.806299)",2489,1443,62,1468,1059,0.6440677966101694,0.3935681470137825,0.6046605062274005,0.7213896457765667,0,1,0
356,УИК №1181,2475,1309,88,1372,624,"(55.807486, 37.810414)",2385,1284,132,1396,979,0.5644444444444444,0.4548104956268221,0.5937106918238994,0.7012893982808023,0,1,0
357,УИК №1182,2018,1150,43,1176,578,"(55.803894, 37.815301)",2359,1313,49,1347,926,0.591179385530228,0.4914965986394558,0.5773632895294616,0.6874536005939124,0,0,1
358,УИК №1183,2561,1460,60,1486,649,"(55.803894, 37.815301)",2535,1439,53,1454,1015,0.5935181569699336,0.436742934051144,0.5885601577909271,0.6980742778541953,0,0,1
359,УИК №1184,2123,1235,42,1256,579,"(55.808381, 37.814717)",2528,1406,39,1420,1007,0.6015073009891663,0.4609872611464968,0.5715981012658228,0.7091549295774648,0,1,0
360,УИК №1185,2331,1282,51,1301,637,"(55.8090760981934, 37.8208154439927)",2324,1383,30,1392,973,0.5718575718575719,0.4896233666410453,0.6080034423407917,0.6989942528735632,0,0,1
361,УИК №1186,2025,993,64,1030,486,"(55.8079722980805, 37.8220656886697)",2510,1352,37,1370,1005,0.5219753086419753,0.4718446601941747,0.5533864541832669,0.7335766423357665,0,0,1
362,УИК №1187,2408,1238,52,1249,649,"(55.8090760981934, 37.8208154439927)",2099,1242,74,1268,908,0.5357142857142857,0.5196156925540433,0.6269652215340639,0.7160883280757098,0,0,1
363,УИК №1188,2236,1132,47,1157,572,"(55.8079722980805, 37.8220656886697)",2282,1192,30,1190,820,0.5272808586762076,0.4943820224719101,0.5354951796669588,0.6890756302521008,0,0,1
364,УИК №1189,2196,1268,56,1298,661,"(55.804855, 37.827841)",2219,1196,43,1212,868,0.6029143897996357,0.5092449922958397,0.5583596214511041,0.7161716171617162,0,0,1
365,УИК №1190,2077,1101,75,1152,570,"(55.804855, 37.827841)",2051,1174,18,1170,839,0.5662012518054886,0.4947916666666667,0.5811799122379327,0.7170940170940171,0,0,1
366,УИК №1191,1958,1135,103,1209,605,"(55.804238, 37.83103)",1868,1030,24,1039,764,0.6322778345250255,0.5004135649296939,0.5642398286937902,0.7353224254090471,0,0,1
367,УИК №1192,2231,1281,61,1309,653,"(55.803256, 37.767699)",2476,1378,38,1396,895,0.6015239802779023,0.4988540870893812,0.5718901453957996,0.6411174785100286,0,0,1
368,УИК №3290,159,143,16,154,113,"(nan, nan)",1519,922,50,957,749,1.0,0.7337662337662337,0.6398946675444371,0.7826541274817137,0,0,1
369,УИК №1193,2668,1387,64,1399,683,"(55.782727370033, 37.712078858167)",1920,1064,54,1090,722,0.5438530734632684,0.4882058613295211,0.5822916666666667,0.6623853211009174,0,1,0
370,УИК №1194,1427,806,53,839,357,"(55.783499, 37.730985)",1852,1055,51,1075,764,0.6019621583742116,0.4255065554231227,0.5971922246220303,0.7106976744186047,1,1,0
371,УИК №1195,2776,1631,83,1670,801,"(55.786298, 37.733976)",2447,1343,62,1377,930,0.6174351585014409,0.4796407185628742,0.5741724560686555,0.6753812636165577,1,1,0
372,УИК №1196,2624,1535,54,1551,760,"(55.787123, 37.740561)",352,243,4,243,165,0.6055640243902439,0.4900064474532559,0.7017045454545454,0.6790123456790124,1,0,0
373,УИК №1197,2487,1335,112,1409,700,"(55.78979, 37.740794)",2184,1290,53,1318,942,0.5818254925613189,0.49680624556423,0.61492673992674,0.7147192716236722,1,0,0
374,УИК №1198,2265,1377,77,1434,726,"(55.7848026152958, 37.7348213084042)",2429,1355,60,1399,1020,0.6419426048565121,0.5062761506276151,0.5825442568958419,0.7290922087205146,1,1,0
375,УИК №1199,2706,1689,81,1735,719,"(55.780532, 37.723663)",2223,1242,50,1270,878,0.6541019955654102,0.4144092219020173,0.5811965811965812,0.6913385826771653,0,1,0
376,УИК №1200,2379,1407,107,1481,682,"(55.780679, 37.732386)",2250,1301,41,1299,922,0.6364018495166036,0.4604996623902768,0.5964444444444444,0.7097767513471901,0,1,0
377,УИК №1201,2390,1515,75,1537,663,"(55.7819233338061, 37.732328530401)",2071,1182,54,1212,843,0.6652719665271967,0.4313597918022121,0.5968131337518107,0.6955445544554455,1,1,0
378,УИК №1202,1558,970,36,985,392,"(55.7812297199052, 37.7400589920581)",2075,1075,31,1087,790,0.6456996148908858,0.3979695431472081,0.533012048192771,0.7267709291628335,1,0,0
379,УИК №1203,2177,1245,69,1284,578,"(55.780112, 37.738324)",2034,1152,37,1174,794,0.6035829122645843,0.4501557632398754,0.5845624385447394,0.676320272572402,1,0,0
380,УИК №1204,1727,1020,61,1056,468,"(55.778072, 37.72723)",2227,1254,42,1204,841,0.6259409380428489,0.4431818181818182,0.5819488100583745,0.6985049833887044,0,1,0
381,УИК №1205,2523,1412,93,1476,702,"(55.7751708881804, 37.7251323312521)",2028,1140,64,1182,816,0.5965120887831946,0.4756097560975609,0.5936883629191322,0.6903553299492385,0,1,0
382,УИК №1206,2525,1473,67,1500,742,"(55.7717807118123, 37.727468367666)",2478,1400,70,1444,980,0.6099009900990099,0.4946666666666666,0.5932203389830508,0.6786703601108033,0,0,1
383,УИК №1207,2440,1366,58,1388,689,"(55.773094, 37.736042)",2438,1287,68,1322,928,0.5836065573770491,0.4963976945244956,0.5557834290401968,0.7019667170953101,1,0,0
384,УИК №1208,2595,1441,63,1467,672,"(55.768532, 37.733257)",2547,1522,52,1548,1033,0.5795761078998073,0.4580777096114519,0.6179819395367099,0.667312661498708,1,0,0
385,УИК №1209,2172,1149,51,1178,620,"(55.766861, 37.731703)",2255,1324,53,1347,933,0.5524861878453039,0.5263157894736842,0.6106430155210643,0.6926503340757239,1,0,0
386,УИК №1210,2340,1270,93,1333,655,"(55.7629, 37.731901)",2135,1157,60,1200,868,0.5824786324786325,0.4913728432108027,0.5700234192037471,0.7233333333333334,0,0,1
387,УИК №1211,2399,1208,57,1242,608,"(55.765455679442, 37.7336967922747)",2010,1083,55,1123,822,0.5273030429345561,0.4895330112721417,0.5661691542288557,0.7319679430097952,1,0,0
388,УИК №1212,3054,1673,49,1678,764,"(55.765949, 37.73915)",2428,1284,64,1332,1012,0.5638506876227898,0.4553039332538736,0.5551894563426688,0.7597597597597597,1,0,0
389,УИК №1213,2175,1164,73,1211,607,"(55.7661299172944, 37.7424433082342)",1593,901,45,933,675,0.568735632183908,0.5012386457473162,0.5938480853735091,0.7234726688102894,1,0,0
390,УИК №1214,2584,1410,42,1424,665,"(55.760793, 37.73518)",1618,870,35,889,690,0.5619195046439629,0.4669943820224719,0.5593325092707045,0.7761529808773904,1,1,0
391,УИК №1215,2832,1504,115,1570,775,"(55.762971, 37.737695)",2745,1629,17,1622,1203,0.571680790960452,0.4936305732484076,0.5996357012750455,0.7416769420468557,1,1,0
392,УИК №1216,460,327,5,329,170,"(55.754517, 37.719172)",1989,1055,49,1093,807,0.7217391304347827,0.5167173252279635,0.555052790346908,0.7383348581884721,0,1,0
393,УИК №1217,215,137,4,136,61,"(55.760793, 37.73518)",1980,1134,37,1154,854,0.6558139534883721,0.4485294117647059,0.5914141414141414,0.7400346620450606,1,1,0
394,УИК №3291,1030,1020,0,1002,568,"(nan, nan)",1352,807,64,855,640,0.9902912621359224,0.5668662674650699,0.6442307692307693,0.7485380116959064,0,0,1
395,УИК №3292,483,477,0,475,298,"(nan, nan)",1170,734,61,782,589,0.9875776397515528,0.6273684210526316,0.6794871794871795,0.7531969309462916,0,0,1
396,УИК №3293,97,97,0,96,59,"(nan, nan)",1254,734,53,782,598,1.0,0.6145833333333334,0.6275917065390749,0.7647058823529411,0,0,1
397,УИК №3294,172,172,0,170,89,"(nan, nan)",1478,824,79,895,669,1.0,0.5235294117647059,0.6109607577807848,0.7474860335195531,0,0,1
398,УИК №1218,2105,1236,45,1253,542,"(55.784425, 37.681703)",2001,1070,64,1114,822,0.6085510688836104,0.432561851556265,0.5667166416791605,0.7378815080789947,0,1,0
399,УИК №1219,1474,799,30,813,356,"(55.7897266275715, 37.684852425009)",2133,1232,54,1278,931,0.562415196743555,0.4378843788437884,0.602906704172527,0.7284820031298904,0,1,0
400,УИК №1220,2107,1219,48,1235,528,"(55.785954, 37.685602)",2056,1123,56,1139,819,0.6013289036544851,0.4275303643724696,0.5734435797665369,0.7190517998244074,0,1,0
401,УИК №1221,2198,1330,58,1363,569,"(55.785954, 37.685602)",428,217,111,326,234,0.6314831665150137,0.417461482024945,0.7663551401869159,0.7177914110429447,0,1,0
402,УИК №1222,2078,1280,53,1280,532,"(55.787771, 37.675307)",2311,1172,81,1226,896,0.6414821944177094,0.415625,0.5421895283427088,0.7308319738988581,0,1,0
403,УИК №1223,1674,1000,32,1007,396,"(55.789836, 37.669711)",1749,945,33,960,701,0.6164874551971327,0.3932472691161867,0.5591766723842195,0.7302083333333333,0,1,0
404,УИК №1224,2080,1214,24,1206,530,"(55.787771, 37.675307)",1939,1070,59,1105,832,0.5951923076923077,0.439469320066335,0.5822588963383187,0.7529411764705882,0,1,0
405,УИК №1225,2044,1326,32,1331,582,"(55.791623, 37.67996)",2301,1312,86,1374,865,0.6643835616438356,0.4372652141247182,0.6075619295958279,0.6295487627365357,0,1,0
406,УИК №1226,1560,814,20,814,371,"(55.789628, 37.659326)",2815,1597,56,1624,1112,0.5346153846153846,0.4557739557739558,0.5872113676731794,0.6847290640394089,0,0,1
407,УИК №1227,2202,1268,30,1254,519,"(55.791071, 37.667869)",1877,1100,28,1095,758,0.5894641235240691,0.4138755980861244,0.6009589770911028,0.6922374429223744,0,1,0
408,УИК №1228,2100,1249,49,1273,520,"(55.791071, 37.667869)",1914,1105,54,1140,831,0.6180952380952381,0.408483896307934,0.6055381400208987,0.7289473684210527,0,1,0
409,УИК №1229,2101,1287,39,1278,545,"(55.793141, 37.684775)",2269,1454,51,1474,1031,0.6311280342693956,0.4264475743348982,0.6632877919788454,0.6994572591587517,0,1,0
410,УИК №1230,2057,1308,33,1313,559,"(55.793141, 37.684775)",2308,1332,45,1358,1022,0.6519202722411278,0.4257425742574257,0.5966204506065858,0.7525773195876289,0,1,0
411,УИК №1231,2149,1151,31,1148,460,"(55.795555, 37.688988)",1960,1071,53,1104,808,0.5500232666356445,0.4006968641114982,0.573469387755102,0.7318840579710145,0,1,0
412,УИК №1232,2399,1272,61,1301,580,"(55.80016, 37.693543)",2189,1184,61,1234,933,0.5556481867444769,0.4458109146810146,0.568752855185016,0.7560777957860616,0,0,1
413,УИК №1233,2157,1307,43,1312,604,"(55.794776, 37.696633)",2031,1167,39,1191,902,0.6258692628650904,0.4603658536585366,0.5937961595273265,0.7573467674223342,0,0,1
414,УИК №1234,2182,1160,22,1161,518,"(55.794776, 37.696633)",2174,1249,54,1280,907,0.541704857928506,0.446167097329888,0.5993560257589696,0.70859375,0,0,1
415,УИК №3295,420,404,0,396,241,"(nan, nan)",1296,795,73,858,641,0.961904761904762,0.6085858585858586,0.6697530864197531,0.747086247086247,0,0,1
416,УИК №3296,114,94,0,92,33,"(nan, nan)",1603,998,58,1036,778,0.8245614035087719,0.358695652173913,0.6587648159700561,0.750965250965251,0,0,1
417,УИК №3297,448,445,0,432,238,"(nan, nan)",1285,724,66,779,609,0.9933035714285714,0.5509259259259259,0.6147859922178989,0.7817715019255456,0,0,1
418,УИК №3298,900,867,0,822,479,"(nan, nan)",1419,853,57,892,669,0.9633333333333334,0.5827250608272506,0.6412966878083157,0.75,0,0,1
419,УИК №3299,97,84,13,95,63,"(nan, nan)",2213,1372,67,1424,1044,1.0,0.6631578947368421,0.6502485314053321,0.7331460674157303,0,0,1
420,УИК №3300,298,281,0,279,181,"(nan, nan)",591,342,21,360,275,0.9429530201342282,0.6487455197132617,0.6142131979695431,0.7638888888888888,0,0,1
421,УИК №3301,328,311,9,308,153,"(nan, nan)",4945,2979,52,2957,2119,0.975609756097561,0.4967532467532468,0.6129423660262892,0.7166046668921204,0,0,1
422,УИК №3302,274,274,0,261,154,"(nan, nan)",2241,1319,16,1324,956,1.0,0.5900383141762452,0.5957161981258366,0.7220543806646526,0,0,1
423,УИК №3303,548,17,489,453,188,"(nan, nan)",2552,1435,41,1463,1095,0.9233576642335768,0.4150110375275938,0.5783699059561128,0.7484620642515379,0,0,1
424,УИК №3304,567,557,0,494,384,"(nan, nan)",2266,1427,14,1423,1103,0.982363315696649,0.7773279352226721,0.6359223300970874,0.77512297962052,0,0,1
425,УИК №2425,954,377,121,491,289,"(55.607, 37.187441)",2660,1369,44,1393,1064,0.5220125786163522,0.5885947046843177,0.531203007518797,0.7638190954773869,0,0,1
426,УИК №2426,3049,1707,19,1695,861,"(55.613733, 37.253117)",2319,1232,79,1292,980,0.5660872417185963,0.5079646017699115,0.5653298835705045,0.7585139318885449,0,0,1
427,УИК №2427,2382,1197,44,1215,636,"(55.613733, 37.253117)",2228,1134,77,1196,912,0.520990764063812,0.5234567901234568,0.5435368043087971,0.7625418060200669,0,0,1
428,УИК №2428,2852,1443,78,1488,773,"(55.6129131248221, 37.2888785786927)",2729,1548,37,1567,1175,0.5333099579242637,0.519489247311828,0.5807988274093074,0.7498404594767071,0,0,1
429,УИК №2429,3166,1586,82,1643,833,"(55.6134565121642, 37.2948726452887)",2959,1447,47,1458,1061,0.5268477574226152,0.5069993913572732,0.5049003041568098,0.7277091906721537,0,0,1
430,УИК №2430,2992,1613,80,1670,826,"(55.6134565121642, 37.2948726452887)",2753,1491,23,1490,1103,0.5658422459893048,0.4946107784431138,0.5499455139847439,0.7402684563758389,0,0,1
431,УИК №4007,287,241,0,235,142,"(55.979670453747, 37.1728753857315)",899,753,0,743,545,0.8397212543554007,0.6042553191489362,0.8375973303670745,0.7335127860026918,0,0,1
432,УИК №2431,1338,743,44,777,330,"(55.740117, 37.565865)",2426,1388,36,1403,1045,0.5881913303437967,0.4247104247104247,0.5869744435284419,0.744832501781896,0,1,0
433,УИК №2432,2138,1212,62,1231,454,"(55.745199, 37.559901)",2629,1398,40,1426,1035,0.5958840037418148,0.3688058489033306,0.5469760365157855,0.7258064516129032,0,1,0
434,УИК №2433,1750,949,48,971,365,"(55.742924, 37.546803)",2419,1448,16,1447,1043,0.5697142857142857,0.3759011328527291,0.6052087639520463,0.7208016586040082,1,1,0
435,УИК №2434,1495,848,28,855,348,"(55.742924, 37.546803)",2677,1516,24,1518,1065,0.585953177257525,0.4070175438596491,0.57527082555099,0.7015810276679841,1,1,0
436,УИК №2435,2015,1059,38,1081,475,"(55.741085, 37.550217)",2671,1578,35,1584,1144,0.5444168734491315,0.4394079555966697,0.6038936727817297,0.7222222222222222,1,1,0
437,УИК №2436,2005,1162,37,1168,527,"(55.740299, 37.545186)",524,356,14,366,277,0.598004987531172,0.4511986301369863,0.7061068702290076,0.7568306010928961,1,1,0
438,УИК №2437,2039,1600,39,1598,578,"(55.740299, 37.545186)",2534,1567,30,1576,1173,0.803825404610103,0.3617021276595745,0.6302288871349645,0.7442893401015228,1,1,0
439,УИК №2438,2216,1267,50,1278,487,"(55.740299, 37.545186)",2380,1368,30,1377,1003,0.5943140794223827,0.3810641627543036,0.5873949579831933,0.7283950617283951,1,1,0
440,УИК №2439,1982,1071,30,1062,455,"(55.737603, 37.531577)",2451,1445,30,1456,1066,0.5554994954591322,0.4284369114877589,0.6017951856385149,0.7321428571428571,1,1,0
441,УИК №2440,1916,1062,39,1068,440,"(55.737603, 37.531577)",2695,1644,30,1645,1174,0.574634655532359,0.4119850187265917,0.6211502782931354,0.713677811550152,1,1,0
442,УИК №2441,2315,1367,40,1378,524,"(55.734298, 37.521462)",2183,1258,32,1273,954,0.6077753779697624,0.3802612481857765,0.5909299129638113,0.7494108405341713,1,1,0
443,УИК №2442,2500,1436,56,1455,566,"(55.738718, 37.518255)",2296,1387,21,1392,990,0.5968,0.3890034364261168,0.6132404181184669,0.7112068965517241,1,1,0
444,УИК №2443,1886,1084,43,1092,470,"(55.748594, 37.558571)",2236,1316,23,1325,970,0.5975609756097561,0.4304029304029304,0.5988372093023255,0.7320754716981132,0,1,0
445,УИК №2444,1834,1081,60,1114,406,"(55.743051, 37.538835)",2331,1393,21,1397,1018,0.6221374045801527,0.3644524236983842,0.6066066066066066,0.7287043664996421,1,1,0
446,УИК №2445,1187,745,33,765,335,"(55.744526, 37.545267)",2427,1291,31,1302,943,0.6554338668913227,0.4379084967320261,0.5447053976102184,0.7242703533026114,1,1,0
447,УИК №2446,1778,1069,42,1080,449,"(55.744526, 37.545267)",2274,1278,52,1308,968,0.624859392575928,0.4157407407407407,0.5848724714160071,0.7400611620795107,1,1,0
448,УИК №2447,2276,1313,52,1333,614,"(55.750033, 37.561257)",2232,1355,29,1370,1010,0.5997363796133568,0.4606151537884471,0.6200716845878136,0.7372262773722628,0,1,0
449,УИК №2448,2058,1196,67,1240,482,"(55.7467863421775, 37.5632568262518)",2190,1242,34,1265,900,0.6137026239067055,0.3887096774193548,0.582648401826484,0.7114624505928854,0,1,0
450,УИК №2449,2105,1200,39,1207,475,"(55.747586, 37.56794)",2111,1212,41,1230,865,0.5885985748218527,0.3935376967688483,0.5935575556608242,0.7032520325203252,0,1,0
451,УИК №2450,2035,1138,71,1164,421,"(55.747586, 37.56794)",2395,1454,24,1457,1047,0.5941031941031941,0.3616838487972508,0.6171189979123173,0.7185998627316403,0,1,0
452,УИК №4008,952,820,0,795,468,"(55.742904, 37.565767)",332,284,0,280,207,0.8613445378151261,0.5886792452830188,0.8554216867469879,0.7392857142857143,0,1,0
453,УИК №2451,2819,1610,53,1606,654,"(55.770517, 37.413664)",2252,1290,39,1314,933,0.5899255054984037,0.4072229140722291,0.5901420959147424,0.7100456621004566,0,0,1
454,УИК №2452,2860,1616,38,1604,688,"(55.770517, 37.413664)",2547,1426,51,1461,1092,0.5783216783216784,0.428927680798005,0.579897919120534,0.7474332648870636,0,0,1
455,УИК №2453,2956,1670,41,1657,725,"(55.770517, 37.413664)",2368,1333,38,1346,983,0.5788227334235453,0.4375377187688594,0.5789695945945946,0.7303120356612184,0,0,1
456,УИК №2454,2665,1527,30,1518,678,"(55.764648, 37.41467)",2271,1214,67,1267,929,0.5842401500938086,0.4466403162055335,0.5640686922060766,0.7332280978689818,0,1,0
457,УИК №2455,2301,1355,30,1340,552,"(55.764648, 37.41467)",2213,1267,41,1280,957,0.6019122120817036,0.4119402985074626,0.5910528694080434,0.74765625,0,1,0
458,УИК №2456,2420,1404,35,1412,632,"(55.76209, 37.411984)",2691,1427,38,1443,1014,0.5946280991735537,0.4475920679886686,0.5444072835377183,0.7027027027027027,0,1,0
459,УИК №2457,2414,1473,31,1475,715,"(55.76209, 37.411984)",2859,1588,26,1589,1125,0.6230323115161558,0.4847457627118644,0.5645330535152151,0.7079924480805538,0,1,0
460,УИК №2458,2239,1307,37,1319,581,"(55.762166, 37.4137)",2575,1535,18,1531,1112,0.6002679767753462,0.4404852160727824,0.6031067961165049,0.7263226649248857,0,1,0
461,УИК №2459,2055,1398,22,1399,711,"(55.762166, 37.4137)",2134,1187,28,1193,877,0.6909975669099757,0.5082201572551823,0.5693533270852859,0.7351215423302598,0,1,0
462,УИК №2460,2681,1588,44,1599,669,"(55.757536, 37.412721)",2438,1395,18,1391,1008,0.6087280865348751,0.4183864915572232,0.5795734208367515,0.7246585190510424,0,1,0
463,УИК №2461,2352,1421,28,1412,607,"(55.757536, 37.412721)",2454,1336,29,1354,980,0.6160714285714286,0.4298866855524079,0.5562347188264058,0.723781388478582,0,1,0
464,УИК №2462,2464,1504,45,1518,634,"(55.7559, 37.412837)",1414,924,11,926,681,0.6286525974025974,0.4176548089591568,0.6612446958981613,0.7354211663066955,0,1,0
465,УИК №2463,2945,1764,60,1783,770,"(55.7559, 37.412837)",1514,973,9,969,682,0.6193548387096774,0.4318564217610768,0.6486129458388376,0.7038183694530443,0,1,0
466,УИК №2464,2428,1434,36,1433,552,"(55.7559, 37.412837)",2284,1279,24,1283,930,0.6054365733113674,0.3852058618283321,0.5704903677758318,0.7248636009353079,0,1,0
467,УИК №2465,3129,1722,25,1710,669,"(55.759922, 37.40407)",2313,1381,30,1395,1005,0.5583253435602429,0.3912280701754386,0.6100302637267618,0.7204301075268817,0,1,0
468,УИК №2466,2916,1714,48,1717,745,"(55.759922, 37.40407)",2369,1338,29,1349,1010,0.6042524005486969,0.4338963308095515,0.5770367243562685,0.748702742772424,0,1,0
469,УИК №2467,2798,1619,59,1619,644,"(55.759922, 37.40407)",2909,1643,39,1663,1222,0.5997140814867763,0.3977764051883879,0.5782055689240289,0.7348165965123271,0,1,0
470,УИК №2468,2051,1260,46,1264,536,"(55.750869, 37.417787)",2610,1559,33,1576,1174,0.6367625548512921,0.4240506329113924,0.6099616858237548,0.7449238578680203,0,1,0
471,УИК №2469,2637,1551,38,1550,645,"(55.750869, 37.417787)",2436,1530,47,1550,1148,0.60257868790292,0.4161290322580645,0.6473727422003284,0.7406451612903225,0,1,0
472,УИК №2470,2284,1346,40,1354,531,"(55.750165, 37.419368)",2739,1574,35,1581,1174,0.6068301225919439,0.3921713441654357,0.5874406717780212,0.7425679949399114,0,1,0
473,УИК №2471,2310,1360,49,1371,638,"(55.750165, 37.419368)",2419,1262,19,1269,925,0.6099567099567099,0.4653537563822028,0.5295576684580405,0.7289204097714737,0,1,0
474,УИК №2472,1443,766,22,766,282,"(55.750165, 37.419368)",2545,1498,19,1493,1121,0.546084546084546,0.3681462140992167,0.5960707269155207,0.7508372404554589,0,1,0
475,УИК №2473,2813,1771,13,1744,714,"(55.7451834775334, 37.4288615584374)",2256,1382,11,1381,1017,0.6341983647351582,0.4094036697247706,0.6174645390070922,0.7364228819695873,0,0,1
476,УИК №2474,1762,982,24,985,407,"(55.736691, 37.427345)",2060,1154,30,1160,805,0.5709421112372304,0.4131979695431472,0.574757281553398,0.6939655172413793,0,0,1
477,УИК №2475,2390,1230,29,1213,552,"(55.736691, 37.427345)",2249,1441,26,1438,1078,0.5267782426778242,0.4550700741962077,0.6522899066251667,0.7496522948539638,0,0,1
478,УИК №2476,2520,1450,47,1454,544,"(55.731997, 37.439706)",1994,1150,48,1188,842,0.594047619047619,0.3741403026134801,0.600802407221665,0.7087542087542088,0,1,0
479,УИК №2477,2198,1327,56,1360,580,"(55.731997, 37.439706)",684,420,7,419,269,0.6292083712465878,0.4264705882352941,0.6242690058479532,0.6420047732696897,0,1,0
480,УИК №2478,2565,1445,29,1432,697,"(55.7861992434976, 37.3525225371122)",1057,585,21,598,452,0.5746588693957115,0.486731843575419,0.5733207190160833,0.7558528428093646,0,0,1
481,УИК №2479,2038,1212,29,1202,615,"(55.7842669995289, 37.3562524840235)",1502,859,28,873,620,0.6089303238469087,0.5116472545757071,0.5905459387483355,0.7101947308132875,0,0,1
482,УИК №2480,2053,1167,32,1179,595,"(55.786996, 37.361741)",2213,1247,54,1274,918,0.5840233804188991,0.5046649703138253,0.587889742431089,0.7205651491365777,0,0,1
483,УИК №2481,2704,1650,25,1631,680,"(55.7451834775334, 37.4288615584374)",1513,911,48,945,667,0.6194526627218935,0.4169221336603311,0.6338400528750826,0.7058201058201058,0,0,1
484,УИК №2482,2646,1672,11,1633,658,"(55.744982, 37.430175)",1595,920,37,941,640,0.6360544217687075,0.4029393753827311,0.6,0.6801275239107333,0,0,1
485,УИК №2483,2733,1425,38,1431,660,"(55.729753221432, 37.4333477206528)",2494,1345,49,1380,1019,0.535309184046835,0.4612159329140461,0.5589414595028067,0.7384057971014493,0,1,0
486,УИК №2484,2705,1457,39,1464,641,"(55.7284916392498, 37.427113763988)",2260,1309,24,1320,961,0.5530499075785582,0.4378415300546448,0.5898230088495575,0.728030303030303,0,0,1
487,УИК №2485,2076,1214,27,1215,592,"(55.732352, 37.423509)",1751,978,25,984,769,0.5977842003853564,0.4872427983539095,0.5728155339805825,0.7815040650406504,0,0,1
488,УИК №2486,2565,1320,34,1340,645,"(55.732099, 37.421919)",1685,980,24,993,739,0.5278752436647174,0.4813432835820895,0.5958456973293769,0.7442094662638469,0,0,1
489,УИК №2487,2596,1331,27,1331,589,"(55.732352, 37.423509)",2866,1530,53,1538,1111,0.5231124807395994,0.4425244177310293,0.552337752965806,0.7223667100130039,0,0,1
490,УИК №2488,2164,1174,32,1170,476,"(55.732099, 37.421919)",1531,923,18,934,706,0.5573012939001848,0.4068376068376068,0.6146309601567603,0.7558886509635975,0,0,1
491,УИК №2489,2753,1522,38,1497,687,"(55.730735, 37.410726)",461,301,10,309,223,0.5666545586632764,0.4589178356713427,0.6746203904555315,0.7216828478964401,0,0,1
492,УИК №2490,2652,1364,28,1355,635,"(55.732154, 37.408705)",1950,1130,33,1131,760,0.5248868778280543,0.4686346863468634,0.5964102564102564,0.671971706454465,0,0,1
493,УИК №2491,2217,1203,19,1198,590,"(55.72963, 37.410017)",1918,1020,9,1001,759,0.5511953089760938,0.4924874791318864,0.5364963503649635,0.7582417582417582,0,0,1
494,УИК №2492,2655,1406,25,1385,655,"(55.730735, 37.410726)",1102,588,20,601,457,0.5389830508474577,0.4729241877256318,0.5517241379310345,0.7603993344425957,0,0,1
495,УИК №2493,2848,1549,33,1540,751,"(55.737025, 37.414212)",1597,913,49,945,683,0.5554775280898876,0.4876623376623377,0.6023794614902943,0.7227513227513227,0,0,1
496,УИК №2494,1080,556,22,564,260,"(55.737025, 37.414212)",2203,1260,53,1301,955,0.5351851851851852,0.4609929078014184,0.596005447117567,0.7340507302075326,0,0,1
497,УИК №2495,2407,1415,57,1437,619,"(55.740086, 37.420275)",2311,1331,49,1320,866,0.6115496468633154,0.4307585247042449,0.597144093466032,0.656060606060606,0,0,1
498,УИК №2496,2204,1052,64,1087,530,"(55.7366281899592, 37.4139545112849)",2040,1203,51,1243,878,0.5063520871143375,0.4875804967801287,0.6147058823529412,0.7063555913113435,0,0,1
499,УИК №2497,1805,889,33,911,395,"(55.737025, 37.414212)",1495,876,16,879,616,0.510803324099723,0.433589462129528,0.5966555183946488,0.7007963594994312,0,0,1
500,УИК №2498,2634,1346,40,1365,666,"(55.738429, 37.404537)",1233,726,21,736,501,0.5261958997722096,0.4879120879120879,0.6058394160583942,0.6807065217391305,0,0,1
501,УИК №2499,2551,1320,51,1329,632,"(55.738429, 37.404537)",1780,1028,19,1007,738,0.537436299490396,0.4755455229495861,0.5882022471910112,0.7328699106256207,0,0,1
502,УИК №2500,2568,1309,35,1315,608,"(55.739438, 37.402399)",1768,983,38,1010,740,0.5233644859813084,0.4623574144486692,0.5774886877828054,0.7326732673267327,0,0,1
503,УИК №2501,2838,1601,39,1609,586,"(55.743107, 37.397045)",151,109,7,113,87,0.5778717406624383,0.3642013673088875,0.7682119205298014,0.7699115044247787,0,0,1
504,УИК №2502,2726,1524,48,1546,714,"(55.743107, 37.397045)",1873,1048,26,1034,717,0.5766691122523845,0.4618369987063389,0.5734116390816871,0.6934235976789168,0,0,1
505,УИК №2503,2285,1293,49,1300,575,"(55.747343, 37.401707)",623,365,16,379,258,0.587308533916849,0.4423076923076923,0.6115569823434992,0.6807387862796834,0,0,1
506,УИК №2504,2585,1404,46,1411,643,"(55.747343, 37.401707)",2426,1286,15,1280,1001,0.5609284332688588,0.4557051736357193,0.5362737015663643,0.78203125,0,0,1
507,УИК №2505,2520,1464,43,1470,634,"(55.742939, 37.410583)",2360,1415,38,1418,1062,0.598015873015873,0.4312925170068027,0.6156779661016949,0.7489421720733427,0,0,1
508,УИК №2506,2458,1289,47,1304,568,"(55.742296, 37.410565)",2165,1227,33,1239,863,0.5435313262815297,0.4355828220858895,0.581986143187067,0.6965294592413237,0,0,1
509,УИК №2507,2275,1170,54,1197,550,"(55.742939, 37.410583)",1115,686,25,697,533,0.538021978021978,0.4594820384294068,0.6376681614349776,0.7647058823529411,0,0,1
510,УИК №2508,1837,1062,21,1058,504,"(55.740086, 37.420275)",2074,1164,51,1199,887,0.5895481763745237,0.4763705103969754,0.585824493731919,0.7397831526271893,0,0,1
511,УИК №2509,1427,759,20,761,342,"(55.742382, 37.421246)",1059,579,34,606,427,0.5459004905395936,0.4494086727989487,0.5788479697828139,0.7046204620462047,0,0,1
512,УИК №2510,2494,1471,42,1469,635,"(55.736691, 37.427345)",1811,981,43,1008,699,0.6066559743384122,0.4322668481960517,0.5654334621755936,0.6934523809523809,0,0,1
513,УИК №3361,219,187,27,211,103,"(nan, nan)",2730,1683,35,1690,1282,0.9771689497716894,0.4881516587677725,0.6293040293040293,0.7585798816568048,0,0,1
514,УИК №3362,636,584,0,575,284,"(nan, nan)",1821,1015,21,1025,785,0.9182389937106918,0.4939130434782608,0.5689181768259198,0.7658536585365854,0,0,1
515,УИК №3363,128,115,2,115,72,"(nan, nan)",2255,1299,19,1296,985,0.9140625,0.6260869565217392,0.5844789356984479,0.7600308641975309,0,0,1
516,УИК №3364,421,358,0,353,195,"(nan, nan)",2675,1532,28,1545,1206,0.850356294536817,0.5524079320113314,0.5831775700934579,0.7805825242718447,0,0,1
517,УИК №3365,232,232,0,226,110,"(nan, nan)",1208,739,15,745,547,1.0,0.4867256637168141,0.6241721854304636,0.7342281879194631,0,0,1
518,УИК №3366,252,252,0,252,148,"(nan, nan)",3211,1766,39,1776,1325,1.0,0.5873015873015873,0.5621301775147929,0.7460585585585585,0,0,1
519,УИК №2511,2861,1661,58,1684,779,"(55.51721, 36.033223)",2465,1349,49,1343,1009,0.6008388675288361,0.4625890736342042,0.5671399594320486,0.7513030528667163,0,0,1
520,УИК №2512,2443,1183,52,1205,532,"(55.51721, 36.033223)",1511,836,27,854,627,0.5055259926320098,0.4414937759336099,0.57114493712773,0.734192037470726,0,0,1
521,УИК №2513,1988,1054,40,1070,524,"(55.717533, 37.435619)",2420,1441,32,1443,1038,0.5503018108651911,0.4897196261682243,0.6086776859504133,0.7193347193347194,0,0,1
522,УИК №2514,2347,1179,26,1173,570,"(55.717533, 37.435619)",1237,707,25,714,497,0.5134213890072433,0.4859335038363171,0.5917542441390461,0.696078431372549,0,0,1
523,УИК №2515,2528,1474,38,1469,684,"(55.7172791089936, 37.4193544685841)",1291,745,24,762,574,0.5981012658227848,0.4656228727025187,0.5956622773044152,0.7532808398950132,0,0,1
524,УИК №2516,2762,1650,22,1637,971,"(55.716103, 37.415945)",1133,636,25,652,495,0.6053584359160029,0.5931582162492364,0.5834068843777581,0.75920245398773,0,0,1
525,УИК №2517,2979,1774,25,1767,841,"(55.716103, 37.415945)",1472,791,3,780,579,0.6038939241356159,0.475947934352009,0.5394021739130435,0.7423076923076923,0,0,1
526,УИК №2518,2977,1449,53,1490,812,"(55.712695, 37.405534)",2166,1151,62,1185,875,0.5045347665435002,0.5449664429530201,0.5600184672206833,0.7383966244725738,0,0,1
527,УИК №2519,2957,1514,40,1515,756,"(55.712695, 37.405534)",1635,924,49,965,699,0.5255326344267839,0.499009900990099,0.5951070336391437,0.7243523316062176,0,0,1
528,УИК №2520,2127,1072,36,1077,476,"(55.711787, 37.399578)",1421,752,24,760,563,0.5209214856605547,0.4419684308263695,0.546094299788881,0.7407894736842106,0,0,1
529,УИК №2521,2241,1100,44,1114,679,"(55.711787, 37.399578)",1118,651,22,661,471,0.5104863900044623,0.6095152603231598,0.6019677996422182,0.7125567322239031,0,0,1
530,УИК №2522,2215,1167,34,1170,582,"(55.711787, 37.399578)",2246,1324,43,1344,941,0.5422121896162528,0.4974358974358974,0.6086375779162957,0.7001488095238095,0,0,1
531,УИК №2523,2138,1155,50,1181,683,"(55.708415, 37.39744)",1758,989,31,1009,751,0.5636108512628625,0.5783234546994073,0.5802047781569966,0.7443012884043607,0,0,1
532,УИК №2524,2054,1108,39,1136,520,"(55.708415, 37.39744)",896,560,13,563,400,0.5584225900681596,0.4577464788732394,0.6395089285714286,0.7104795737122558,0,0,1
533,УИК №2525,2137,1114,52,1086,608,"(55.708415, 37.39744)",1904,1097,31,1104,789,0.5456247075339261,0.5598526703499079,0.592436974789916,0.7146739130434783,0,0,1
534,УИК №2526,2132,1045,39,1063,538,"(55.708415, 37.39744)",1505,931,22,917,624,0.5084427767354597,0.5061147695202258,0.6332225913621262,0.6804798255179935,0,0,1
535,УИК №2527,1817,1043,33,1054,602,"(55.7237641259461, 37.3855702020228)",2254,1270,36,1277,915,0.5921849201981287,0.571157495256167,0.5794143744454303,0.716523101018011,0,0,1
536,УИК №2528,1547,885,26,892,474,"(55.719957, 37.388295)",1587,929,38,944,677,0.5888817065287654,0.531390134529148,0.6093257718966604,0.7171610169491526,0,0,1
537,УИК №2529,2224,1130,41,1138,550,"(55.71949, 37.39797)",1504,867,44,896,642,0.5265287769784173,0.4833040421792619,0.605718085106383,0.7165178571428571,0,0,1
538,УИК №2530,2396,1372,42,1381,648,"(55.718374986918, 37.3941366747022)",1693,1070,14,1062,781,0.5901502504173622,0.4692251991310644,0.6402835203780272,0.7354048964218456,0,0,1
539,УИК №2531,2398,1406,47,1421,671,"(55.718374986918, 37.3941366747022)",1191,740,22,741,525,0.6059216013344454,0.4722026741731175,0.6397984886649875,0.708502024291498,0,0,1
540,УИК №2532,2201,1162,32,1175,575,"(55.71949, 37.39797)",2176,1283,46,1310,923,0.542480690595184,0.4893617021276595,0.6107536764705882,0.7045801526717558,0,0,1
541,УИК №2533,2290,1105,75,1135,569,"(55.719931, 37.405741)",1540,931,42,948,663,0.5152838427947598,0.5013215859030837,0.6318181818181818,0.6993670886075949,0,0,1
542,УИК №2534,2144,1189,49,1212,589,"(55.717224, 37.405049)",1389,787,17,786,608,0.5774253731343284,0.485973597359736,0.5788336933045356,0.7735368956743003,0,0,1
543,УИК №2535,2956,1467,75,1504,750,"(55.722974, 37.408346)",1172,635,26,653,499,0.5216508795669824,0.4986702127659574,0.5639931740614335,0.7641653905053599,0,0,1
544,УИК №2536,2625,1295,79,1352,718,"(55.722974, 37.408346)",1862,1101,44,1120,834,0.5234285714285715,0.5310650887573964,0.6149301825993555,0.7446428571428572,0,0,1
545,УИК №2537,2718,1358,52,1380,651,"(55.721087, 37.4114)",2000,1135,47,1136,868,0.5187637969094923,0.4717391304347826,0.591,0.7640845070422535,0,0,1
546,УИК №2538,2778,1412,63,1442,716,"(55.504134, 35.995673)",1612,1000,29,994,693,0.5309575233981282,0.4965325936199722,0.6383374689826302,0.6971830985915493,0,0,1
547,УИК №2539,2635,1275,54,1310,595,"(55.504134, 35.995673)",1572,957,42,981,720,0.5043643263757116,0.4541984732824427,0.6354961832061069,0.7339449541284404,0,0,1
548,УИК №2540,2609,1340,90,1407,668,"(55.721681, 37.421308)",2076,1291,50,1208,914,0.5481027213491759,0.4747690120824449,0.6459537572254336,0.7566225165562914,0,0,1
549,УИК №2541,2348,1294,49,1303,616,"(55.724748, 37.422099)",1388,594,110,691,545,0.5719761499148212,0.4727551803530315,0.5072046109510087,0.788712011577424,0,0,1
550,УИК №2542,2348,1209,66,1246,659,"(55.721549, 37.428827)",2880,1702,31,1707,1336,0.543015332197615,0.528892455858748,0.6017361111111111,0.7826596367896895,0,0,1
551,УИК №2543,2710,1402,71,1431,673,"(55.724713, 37.426914)",2117,1181,26,1188,899,0.5435424354243542,0.4703004891684137,0.5701464336324988,0.7567340067340067,0,0,1
552,УИК №2544,2269,1138,68,1167,559,"(55.724596, 37.443964)",925,645,20,661,480,0.5315116791538123,0.4790059982862039,0.7189189189189189,0.7261724659606656,0,1,0
553,УИК №2545,2379,1256,59,1287,615,"(55.724596, 37.443964)",2589,1463,59,1506,1145,0.5527532576712905,0.4778554778554778,0.5878717651602936,0.7602921646746348,0,1,0
554,УИК №2546,2671,1454,32,1451,575,"(55.724596, 37.443964)",3000,1578,64,1622,1213,0.5563459378509922,0.3962784286698828,0.5473333333333333,0.747842170160296,0,1,0
555,УИК №3367,567,305,209,505,289,"(nan, nan)",1865,1118,6,1112,837,0.9065255731922398,0.5722772277227722,0.6026809651474531,0.7526978417266187,0,0,1
556,УИК №3368,179,175,0,170,91,"(nan, nan)",2193,1310,38,1332,997,0.9776536312849162,0.5352941176470588,0.6146830825353398,0.7484984984984985,0,0,1
557,УИК №2547,2015,1226,10,1213,540,"(55.646447, 37.343901)",2973,1592,81,1651,1239,0.6133995037220844,0.4451772464962902,0.5627312478977464,0.7504542701393095,0,0,1
558,УИК №2548,1859,881,91,958,505,"(55.661613, 37.347)",1335,701,37,722,462,0.5228617536309844,0.5271398747390397,0.5528089887640449,0.6398891966759003,0,0,1
559,УИК №2549,2201,1263,13,1210,617,"(55.645207, 37.345616)",2157,1200,70,1248,778,0.5797364834166288,0.5099173553719009,0.5887807139545665,0.6233974358974359,0,0,1
560,УИК №2550,2246,1235,12,1221,614,"(55.642636, 37.341385)",1563,792,35,809,512,0.5552092609082814,0.5028665028665029,0.5291106845809341,0.6328800988875154,0,0,1
561,УИК №2551,2352,1242,21,1232,609,"(55.642636, 37.341385)",1448,730,31,743,499,0.5369897959183674,0.4943181818181818,0.5255524861878453,0.6716016150740243,0,0,1
562,УИК №2552,2041,1149,32,1155,563,"(55.638866, 37.347656)",2102,1036,48,1067,720,0.5786379225869672,0.4874458874458874,0.5156993339676499,0.6747891283973758,0,0,1
563,УИК №2553,2332,1277,16,1260,666,"(55.638866, 37.347656)",1815,976,53,1005,685,0.5544596912521441,0.5285714285714286,0.5669421487603306,0.681592039800995,0,0,1
564,УИК №2554,2142,1144,22,1142,611,"(55.638866, 37.347656)",2016,1160,34,1176,749,0.5443510737628384,0.5350262697022767,0.5922619047619048,0.6369047619047619,0,0,1
565,УИК №2555,2747,1580,30,1591,806,"(55.636336, 37.343425)",2065,1090,62,1127,713,0.586093920640699,0.5065996228786926,0.5578692493946731,0.6326530612244898,0,0,1
566,УИК №2556,2686,1450,19,1435,743,"(55.636336, 37.343425)",1798,964,38,986,658,0.546909903201787,0.5177700348432056,0.557285873192436,0.6673427991886409,0,0,1
567,УИК №2557,2518,1400,25,1394,660,"(55.639502, 37.337397)",1884,941,46,978,632,0.5659253375694996,0.4734576757532281,0.5238853503184714,0.6462167689161554,0,0,1
568,УИК №2558,2794,1551,18,1547,697,"(55.643023, 37.33825)",2206,1221,45,1245,828,0.5615604867573372,0.4505494505494505,0.5738893925657298,0.6650602409638554,0,0,1
569,УИК №2559,2476,1436,13,1415,712,"(55.642708, 37.37156)",3067,1864,57,1877,1223,0.5852180936995154,0.5031802120141343,0.6263449625040757,0.6515716568993074,0,0,1
570,УИК №2560,2704,1410,25,1399,696,"(55.642708, 37.37156)",1770,985,41,1005,693,0.5306952662721893,0.4974982130092923,0.5796610169491525,0.6895522388059702,0,0,1
571,УИК №2561,2272,1202,21,1195,606,"(55.642708, 37.37156)",1820,1071,70,1124,713,0.5382922535211268,0.507112970711297,0.6269230769230769,0.6343416370106761,0,0,1
572,УИК №2562,1713,966,11,960,451,"(55.641646, 37.371596)",1097,662,32,688,453,0.5703444249854057,0.4697916666666666,0.6326344576116681,0.6584302325581395,0,0,1
573,УИК №2563,2154,1171,23,1174,580,"(55.641646, 37.371596)",1858,1061,48,1087,733,0.5543175487465181,0.4940374787052811,0.5968783638320775,0.6743330266789328,0,0,1
574,УИК №2564,2091,1109,17,1097,520,"(55.641646, 37.371596)",2375,1438,58,1460,903,0.5384983261597321,0.4740200546946217,0.6298947368421053,0.6184931506849315,0,0,1
575,УИК №2565,1782,1061,10,1051,508,"(55.640609, 37.360969)",1838,977,73,1037,644,0.601010101010101,0.483349191246432,0.5712731229597389,0.6210221793635486,0,0,1
576,УИК №2566,2199,1227,30,1241,649,"(55.63909, 37.36352)",2006,1048,75,1115,704,0.5716234652114598,0.5229653505237711,0.5598205383848455,0.6313901345291479,0,0,1
577,УИК №2567,2246,1157,29,1169,626,"(55.63909, 37.36352)",1857,902,65,944,567,0.5280498664292075,0.5355004277159966,0.5207323640280022,0.600635593220339,0,0,1
578,УИК №2569,2526,1392,18,1380,681,"(55.639776, 37.362253)",2640,1530,55,1569,1125,0.5581947743467933,0.4934782608695652,0.6003787878787878,0.7170172084130019,0,0,1
579,УИК №2570,2315,1220,11,1208,659,"(55.639776, 37.362253)",2834,1672,35,1680,1176,0.5317494600431966,0.5455298013245033,0.6023288637967537,0.7,0,0,1
580,УИК №2571,2212,1206,17,1199,583,"(55.6508524499198, 37.3670832440257)",2767,1394,46,1414,979,0.5528933092224232,0.4862385321100917,0.5204192265992049,0.6923620933521923,0,0,1
581,УИК №2572,1820,998,15,991,492,"(55.640985, 37.351078)",2638,1652,76,1690,1219,0.5565934065934066,0.496468213925328,0.6550416982562547,0.721301775147929,0,0,1
582,УИК №2573,2276,1316,20,1312,686,"(55.640985, 37.351078)",3139,1865,49,1884,1373,0.5869947275922671,0.5228658536585366,0.6097483274928321,0.7287685774946921,0,0,1
583,УИК №2574,2477,1304,30,1309,653,"(55.640985, 37.351078)",2287,1326,40,1325,926,0.5385547032700848,0.4988540870893812,0.5972890249234806,0.6988679245283019,0,0,1
584,УИК №2575,2846,1671,13,1643,769,"(55.641239, 37.354105)",1774,1011,50,1050,732,0.5917076598735067,0.4680462568472306,0.5980834272829764,0.6971428571428572,0,0,1
585,УИК №2576,2065,1185,12,1176,599,"(55.645207, 37.345616)",2117,1212,37,1234,873,0.5796610169491525,0.5093537414965986,0.5899858290033065,0.7074554294975689,0,0,1
586,УИК №2577,2385,1390,20,1375,705,"(55.645365, 37.348689)",2543,1988,33,2002,1495,0.5911949685534591,0.5127272727272727,0.7947306331104994,0.7467532467532467,0,0,1
587,УИК №2578,2358,1384,6,1360,668,"(55.64858, 37.341215)",2612,1572,34,1585,1104,0.5894826123833757,0.4911764705882352,0.614854517611026,0.6965299684542586,0,0,1
588,УИК №3369,66,60,3,61,38,"(nan, nan)",2423,1515,26,1528,1197,0.9545454545454546,0.6229508196721312,0.6359884440775898,0.7833769633507853,0,0,1
589,УИК №2579,3012,1472,23,1436,848,"(55.712031, 37.477651)",2190,1283,33,1300,900,0.4963479415670651,0.5905292479108635,0.6009132420091324,0.6923076923076923,0,0,1
590,УИК №2580,2472,1414,33,1405,655,"(55.712031, 37.477651)",2738,1620,46,1627,1128,0.5853559870550162,0.4661921708185053,0.6084733382030679,0.693300553165335,0,0,1
591,УИК №2581,2140,1064,46,1086,486,"(55.714171, 37.482412)",2631,1480,55,1483,1032,0.5186915887850467,0.4475138121546961,0.5834283542379324,0.6958867161159811,0,0,1
592,УИК №2582,2450,1171,53,1197,570,"(55.714171, 37.482412)",2597,1522,43,1544,1060,0.4995918367346939,0.4761904761904761,0.6026184058529072,0.6865284974093264,0,0,1
593,УИК №2583,2240,1256,44,1257,561,"(55.708942, 37.475046)",2889,1521,40,1529,1072,0.5803571428571429,0.4463007159904534,0.540325372101073,0.7011118378024853,0,0,1
594,УИК №2584,2654,1461,52,1477,763,"(55.708942, 37.475046)",2850,1646,51,1677,1188,0.5700828937452901,0.5165876777251185,0.5954385964912281,0.7084078711985689,0,0,1
595,УИК №2585,1945,1082,41,1103,514,"(55.707699, 37.475809)",2757,1511,65,1545,1087,0.5773778920308483,0.4660018132366273,0.5716358360536815,0.7035598705501618,0,0,1
596,УИК №2586,2157,1245,29,1246,640,"(55.707699, 37.475809)",1982,1209,49,1243,878,0.5906351414000928,0.5136436597110754,0.6347124117053481,0.7063555913113435,0,0,1
597,УИК №2587,2131,1206,40,1219,619,"(55.707699, 37.475809)",2429,1409,26,1417,1025,0.5847020178320037,0.5077932731747334,0.590778097982709,0.7233592095977417,0,0,1
598,УИК №2588,2685,1713,49,1526,696,"(55.704605, 37.467877)",2118,1298,23,1282,880,0.6562383612662942,0.456094364351245,0.6237016052880076,0.6864274570982839,0,0,1
599,УИК №2589,2209,1219,47,1226,526,"(55.704605, 37.467877)",2062,1193,54,1224,883,0.5731100045269353,0.4290375203915171,0.604752667313288,0.7214052287581699,0,0,1
600,УИК №2590,2295,1197,39,1205,659,"(55.705625, 37.464095)",1445,758,29,775,525,0.538562091503268,0.5468879668049793,0.5446366782006921,0.6774193548387096,0,0,1
601,УИК №2591,2118,1164,32,1169,670,"(55.705625, 37.464095)",2744,1654,20,1630,1109,0.5646836638338055,0.5731394354148845,0.6100583090379009,0.6803680981595092,0,0,1
602,УИК №2592,2305,1215,50,1225,730,"(55.705625, 37.464095)",1330,797,34,822,555,0.5488069414316703,0.5959183673469388,0.6248120300751879,0.6751824817518248,0,0,1
603,УИК №2593,2518,1101,5,1077,625,"(55.703084, 37.45416)",2754,1449,37,1466,1008,0.4392374900714853,0.5803156917363046,0.5395787944807553,0.6875852660300137,0,0,1
604,УИК №2594,2031,1055,28,1057,541,"(55.695443, 37.457331)",2507,1356,59,1364,904,0.5332348596750369,0.5118259224219489,0.5644196250498604,0.6627565982404692,0,0,1
605,УИК №2595,2359,1348,16,1327,746,"(55.695443, 37.457331)",2059,1234,33,1241,842,0.5782111064010174,0.5621703089675961,0.61534725594949,0.6784850926672039,0,0,1
606,УИК №2596,2172,1099,50,1133,673,"(55.695443, 37.457331)",2232,1338,29,1343,982,0.5290055248618785,0.5939982347749339,0.6124551971326165,0.731198808637379,0,0,1
607,УИК №2597,2469,1461,17,1443,856,"(55.683767, 37.456972)",1992,1179,44,1206,885,0.5986229242608343,0.5932085932085932,0.6139558232931727,0.7338308457711443,0,0,1
608,УИК №2598,1516,797,25,794,432,"(55.680047, 37.453504)",1557,905,41,933,710,0.5422163588390502,0.5440806045340051,0.6075786769428388,0.7609860664523044,0,0,1
609,УИК №2599,2139,1125,24,1123,569,"(55.683767, 37.456972)",2611,1557,50,1589,1124,0.5371669004207573,0.5066785396260017,0.6154729988510149,0.7073631214600378,0,0,1
610,УИК №2600,2582,1306,28,1301,655,"(55.683767, 37.456972)",2674,1681,17,1670,1134,0.5166537567776918,0.5034588777863183,0.6350037397157816,0.6790419161676646,0,0,1
611,УИК №2601,2977,1626,22,1597,733,"(55.680047, 37.453504)",2911,1583,32,1592,1068,0.5535774269398723,0.4589855979962429,0.5547921676399863,0.6708542713567839,0,0,1
612,УИК №2602,2436,1156,42,1180,618,"(55.67526, 37.448141)",2655,1411,40,1434,1003,0.4917898193760263,0.523728813559322,0.5465160075329567,0.699442119944212,0,0,1
613,УИК №2603,2477,1163,39,1173,599,"(55.67526, 37.448141)",2159,1200,37,1208,836,0.4852644327815906,0.5106564364876386,0.5729504400185271,0.6920529801324503,0,0,1
614,УИК №2604,2511,1713,50,1723,958,"(55.674169, 37.454843)",2383,1278,43,1310,976,0.702110712863401,0.5560069645966338,0.5543432647922787,0.7450381679389313,0,0,1
615,УИК №2605,2987,1629,31,1626,823,"(55.674169, 37.454843)",2471,1294,36,1312,927,0.555741546702377,0.506150061500615,0.5382436260623229,0.7065548780487805,0,0,1
616,УИК №2606,2441,1356,9,1346,789,"(55.677509, 37.446021)",2000,1107,40,1122,753,0.5591970503891848,0.5861812778603269,0.5735,0.6711229946524064,0,0,1
617,УИК №2607,874,456,275,714,544,"(55.717528, 37.473869)",2490,1399,53,1432,1048,0.8363844393592678,0.7619047619047619,0.5831325301204819,0.7318435754189944,0,0,1
618,УИК №3370,243,235,0,232,160,"(nan, nan)",3287,1941,61,1971,1485,0.9670781893004116,0.6896551724137931,0.6090660176452692,0.7534246575342466,0,0,1
619,УИК №3371,267,267,0,266,147,"(nan, nan)",3176,1933,95,1991,1499,1.0,0.5526315789473685,0.6385390428211587,0.7528879959819186,0,0,1
620,УИК №2608,1551,901,13,895,408,"(55.675758, 37.486643)",2562,1394,33,1401,1016,0.5892972275951,0.4558659217877095,0.5569867291178766,0.7251962883654532,0,0,1
621,УИК №2609,2053,1248,28,1212,504,"(55.680722, 37.484559)",2379,1401,28,1418,1044,0.6215294690696541,0.4158415841584158,0.6006725514922236,0.7362482369534555,0,0,1
622,УИК №2610,1675,957,33,970,430,"(55.675758, 37.486643)",2509,1373,51,1368,993,0.591044776119403,0.4432989690721649,0.5675567955360702,0.7258771929824561,0,0,1
623,УИК №2611,2025,1118,34,1133,483,"(55.678194, 37.500567)",2288,1222,38,1235,899,0.5688888888888889,0.4263018534863195,0.5506993006993007,0.7279352226720648,0,1,0
624,УИК №2612,1615,839,25,840,342,"(55.672757, 37.492805)",1295,762,12,743,541,0.534984520123839,0.4071428571428571,0.5976833976833977,0.7281292059219381,0,1,0
625,УИК №2613,1805,965,37,984,433,"(55.672757, 37.492805)",2526,1407,51,1434,996,0.5551246537396122,0.4400406504065041,0.5771971496437055,0.694560669456067,0,1,0
626,УИК №2614,2089,1074,43,1064,491,"(55.675473, 37.495114)",2583,1365,68,1409,962,0.5347056007659167,0.4614661654135338,0.5547812620983352,0.6827537260468417,0,1,0
627,УИК №2615,1963,1125,34,1138,539,"(55.677164, 37.495626)",2175,1228,53,1258,868,0.5904228222109017,0.4736379613356766,0.5889655172413794,0.6899841017488076,0,1,0
628,УИК №2616,2655,1527,49,1521,513,"(55.676986, 37.509622)",2228,1226,38,1242,898,0.5935969868173258,0.3372781065088757,0.5673249551166966,0.7230273752012882,0,1,0
629,УИК №2617,1827,972,32,986,429,"(55.672813, 37.504349)",2563,1441,55,1457,1029,0.5495347564313081,0.4350912778904665,0.5836909871244635,0.7062457103637612,0,1,0
630,УИК №2618,2261,1195,40,1211,515,"(55.672813, 37.504349)",2485,1325,57,1356,976,0.5462184873949579,0.4252683732452518,0.5561368209255533,0.7197640117994101,0,1,0
631,УИК №2619,2616,1510,47,1535,652,"(55.672422, 37.510718)",2805,1426,63,1461,938,0.5951834862385321,0.4247557003257329,0.5308377896613191,0.6420260095824778,0,1,0
632,УИК №2620,2071,1060,45,1073,428,"(55.672422, 37.510718)",2636,1338,54,1373,983,0.5335586673104781,0.3988816402609506,0.5280728376327769,0.7159504734158776,0,1,0
633,УИК №2621,2107,1157,30,1149,506,"(55.666909, 37.509191)",2142,1215,46,1219,852,0.5633602278120551,0.4403829416884247,0.588702147525677,0.6989335520918786,0,0,1
634,УИК №2622,1598,909,34,919,427,"(55.666909, 37.509191)",2475,1373,52,1396,989,0.5901126408010012,0.4646354733405876,0.5757575757575758,0.7084527220630372,0,0,1
635,УИК №2623,1454,770,39,783,338,"(55.672169, 37.504879)",1943,1073,53,1114,737,0.5563961485557084,0.4316730523627075,0.5795162120432321,0.6615798922800719,0,1,0
636,УИК №2624,2200,1171,42,1179,510,"(55.672169, 37.504879)",2389,1274,46,1302,872,0.5513636363636364,0.4325699745547073,0.5525324403516115,0.6697388632872504,0,1,0
637,УИК №2625,2239,1204,58,1238,412,"(55.684046, 37.493533)",1789,926,66,978,702,0.5636444841447075,0.332794830371567,0.5544997205142538,0.7177914110429447,0,1,0
638,УИК №2626,2310,1390,15,1373,592,"(55.680722, 37.484559)",1940,1124,30,1139,780,0.6082251082251082,0.4311726147123088,0.5948453608247423,0.684811237928007,0,0,1
639,УИК №3372,933,933,0,918,776,"(nan, nan)",2781,1847,82,1891,1376,1.0,0.8453159041394336,0.6936353829557713,0.7276573241671074,0,0,1
640,УИК №2627,2021,1102,32,1103,541,"(55.7307, 37.533014)",2389,1286,57,1317,939,0.5611083621969322,0.4904805077062557,0.5621598995395563,0.7129840546697038,0,0,1
641,УИК №2628,1314,751,25,755,317,"(55.7307, 37.533014)",2203,1263,60,1297,878,0.5905631659056316,0.4198675496688742,0.6005447117566954,0.676946800308404,0,0,1
642,УИК №2629,2191,1241,50,1261,547,"(55.727628, 37.523303)",690,394,9,394,286,0.5892286627110909,0.4337827121332276,0.5840579710144927,0.7258883248730964,0,0,1
643,УИК №2630,1793,851,36,869,364,"(55.727628, 37.523303)",2811,1592,68,1622,1172,0.4947016174010039,0.4188722669735328,0.5905371753824262,0.7225647348951911,0,0,1
644,УИК №2631,2246,1390,79,1436,596,"(55.726669, 37.533975)",2319,1198,61,1224,872,0.6540516473731077,0.415041782729805,0.5429064251832687,0.7124183006535948,0,0,1
645,УИК №2632,2141,1020,64,1059,483,"(55.727628, 37.523303)",1877,1042,55,1073,800,0.5063054647361046,0.4560906515580736,0.5844432605221097,0.7455731593662628,0,0,1
646,УИК №2633,2779,1626,48,1642,719,"(55.72058, 37.511715)",2263,1276,39,1245,901,0.6023749550197913,0.4378806333739342,0.5810870525850641,0.7236947791164658,0,0,1
647,УИК №2634,1461,875,7,871,452,"(55.72058, 37.511715)",2385,1447,46,1462,1035,0.6036960985626283,0.5189437428243399,0.6259958071278826,0.7079343365253078,0,0,1
648,УИК №2635,2122,1163,45,1180,425,"(nan, nan)",2141,1238,36,1256,928,0.5692742695570217,0.3601694915254237,0.595049042503503,0.7388535031847133,0,0,1
649,УИК №2636,2529,1463,35,1455,604,"(55.714085, 37.514545)",2317,1479,35,1476,1094,0.5923289837880585,0.4151202749140893,0.6534311609840311,0.7411924119241192,1,0,0
650,УИК №2637,2655,1367,28,1354,536,"(55.714085, 37.514545)",2117,1212,24,1196,888,0.5254237288135594,0.3958641063515509,0.5838450637694851,0.7424749163879598,1,0,0
651,УИК №2638,2407,1345,37,1345,564,"(55.709272, 37.513556)",2536,1337,45,1354,1024,0.5741587037806398,0.4193308550185873,0.5449526813880127,0.7562776957163959,1,0,0
652,УИК №2639,3848,2049,19,1984,847,"(55.702769, 37.530238)",2642,1426,37,1433,1100,0.5374220374220374,0.4269153225806452,0.5537471612414837,0.7676203768318214,1,0,0
653,УИК №2640,2096,1136,3,1123,456,"(55.702495, 37.512649)",3178,1777,48,1801,1276,0.5434160305343512,0.4060552092609082,0.5742605412208936,0.7084952803997779,1,0,0
654,УИК №2641,2181,1214,14,1201,434,"(55.70182, 37.50831)",2367,1174,64,1218,912,0.5630444750114626,0.3613655287260616,0.5230249260667512,0.7487684729064039,1,0,0
655,УИК №2642,2272,1198,23,1196,591,"(55.697092, 37.5099)",2254,1300,60,1344,986,0.5374119718309859,0.4941471571906354,0.6033717834960071,0.7336309523809523,1,0,0
656,УИК №2643,2396,1377,22,1367,620,"(55.697092, 37.5099)",2085,1174,60,1223,903,0.583889816360601,0.4535479151426481,0.5918465227817746,0.7383483237939493,1,0,0
657,УИК №2644,2465,1513,14,1497,652,"(55.694124, 37.507026)",2027,1178,46,1196,865,0.61947261663286,0.4355377421509686,0.6038480513073508,0.7232441471571907,1,0,0
658,УИК №2645,2610,1459,9,1437,609,"(55.694124, 37.507026)",2546,1335,85,1400,1031,0.5624521072796935,0.4237995824634655,0.5577376276512176,0.7364285714285714,1,0,0
659,УИК №2646,2086,1240,20,1212,630,"(55.694124, 37.507026)",2160,1162,56,1192,899,0.6040268456375839,0.5198019801980198,0.5638888888888889,0.7541946308724832,1,0,0
660,УИК №2647,2482,1590,24,1583,745,"(55.693581, 37.494108)",1874,1024,36,1044,740,0.6502820306204674,0.4706253948199621,0.5656350053361793,0.7088122605363985,1,0,0
661,УИК №2648,2111,1184,36,1185,529,"(55.688806, 37.497369)",1502,905,36,930,703,0.5779251539554714,0.4464135021097046,0.6264980026631158,0.7559139784946236,1,0,0
662,УИК №2649,1857,1038,26,1044,465,"(55.688806, 37.497369)",2248,1209,47,1233,905,0.5729671513193323,0.4454022988505747,0.5587188612099644,0.7339821573398215,1,0,0
663,УИК №2650,2799,1622,34,1615,711,"(55.690461, 37.500405)",2216,1334,41,1362,962,0.5916398713826366,0.4402476780185758,0.6204873646209387,0.7063142437591777,1,0,0
664,УИК №2651,2288,1314,27,1308,510,"(55.690461, 37.500405)",2219,1313,54,1326,966,0.5861013986013986,0.3899082568807339,0.6160432627309599,0.7285067873303167,1,0,0
665,УИК №2652,2869,1740,18,1722,721,"(55.688806, 37.497369)",2140,1150,38,1173,869,0.612757058208435,0.4186991869918699,0.5551401869158878,0.7408354646206309,1,0,0
666,УИК №2653,2618,1547,25,1552,677,"(55.684366, 37.485493)",2398,1238,68,1247,932,0.6004583651642476,0.4362113402061855,0.5446205170975813,0.7473937449879712,0,0,1
667,УИК №2654,2129,1265,15,1255,515,"(55.684366, 37.485493)",2103,1148,56,1191,855,0.6012212306247064,0.4103585657370518,0.5725154541131716,0.7178841309823678,0,0,1
668,УИК №2655,1583,937,12,920,424,"(55.684366, 37.485493)",2683,1385,70,1443,1092,0.5994946304485155,0.4608695652173913,0.5423033917256802,0.7567567567567568,0,0,1
669,УИК №2656,2078,1247,43,1260,512,"(55.694378, 37.487784)",2540,1343,82,1411,1078,0.6207892204042348,0.4063492063492063,0.5610236220472441,0.7639971651311127,1,0,0
670,УИК №2657,2005,1106,40,1121,503,"(55.696813, 37.490048)",2605,1343,58,1324,931,0.571571072319202,0.4487065120428189,0.5378119001919386,0.7031722054380665,1,0,0
671,УИК №2658,2405,1346,37,1351,608,"(55.696813, 37.490048)",2650,1364,62,1398,1042,0.575051975051975,0.4500370096225018,0.5381132075471698,0.7453505007153076,1,0,0
672,УИК №2659,1913,1083,27,1094,535,"(55.696813, 37.490048)",2683,1338,70,1387,1041,0.5802404600104548,0.4890310786106033,0.5247856876630638,0.7505407354001442,1,0,0
673,УИК №2660,3022,1515,80,1554,721,"(55.703175, 37.503819)",2548,1364,75,1414,1061,0.527796161482462,0.4639639639639639,0.564756671899529,0.7503536067892503,1,0,0
674,УИК №2661,3030,1569,23,1551,463,"(55.706817, 37.510161)",2368,1324,41,1340,990,0.5254125412541254,0.2985170857511283,0.5764358108108109,0.7388059701492538,1,0,0
675,УИК №3181,1848,1080,0,1049,391,"(55.6987741624292, 37.5232909061015)",1272,762,28,780,599,0.5844155844155844,0.3727359389895138,0.6210691823899371,0.767948717948718,1,0,0
676,УИК №3373,105,75,30,103,55,"(nan, nan)",2385,1479,49,1495,1211,1.0,0.5339805825242718,0.6406708595387841,0.8100334448160535,0,0,1
677,УИК №3374,87,87,0,82,47,"(nan, nan)",2684,1705,27,1713,1361,1.0,0.573170731707317,0.6453055141579732,0.7945125510799766,0,0,1
678,УИК №2662,2235,1015,71,1073,609,"(55.66274, 37.41414)",2465,1370,58,1403,1026,0.4859060402684563,0.5675675675675675,0.5793103448275863,0.7312900926585887,0,0,1
679,УИК №2663,2778,1413,57,1447,759,"(55.65758, 37.409199)",2759,1481,84,1519,1094,0.5291576673866091,0.5245335176226675,0.5672345052555273,0.7202106649111257,0,0,1
680,УИК №2664,2329,1268,38,1282,651,"(55.65758, 37.409199)",2107,1131,79,1198,875,0.5607556891369686,0.5078003120124805,0.5742762221167537,0.7303839732888147,0,0,1
681,УИК №2665,2722,1418,64,1448,778,"(55.657535, 37.406531)",2301,1277,72,1323,990,0.544452608376194,0.537292817679558,0.5862668405041287,0.7482993197278912,0,0,1
682,УИК №2666,2350,1240,45,1264,654,"(55.65243, 37.413772)",2744,1478,46,1498,1064,0.5468085106382978,0.5174050632911392,0.5553935860058309,0.7102803738317757,0,0,1
683,УИК №2667,2379,1258,39,1274,671,"(55.65243, 37.413772)",2413,1503,39,1524,1145,0.5451870533837747,0.5266875981161695,0.6390385412349772,0.7513123359580053,0,0,1
684,УИК №2668,2414,1206,16,1188,622,"(55.645715, 37.409037)",2543,1441,50,1470,1120,0.5062137531068766,0.5235690235690236,0.5863153755407,0.7619047619047619,0,0,1
685,УИК №2669,2453,1272,44,1276,651,"(55.645715, 37.409037)",2126,1183,54,1214,948,0.5364859355890746,0.5101880877742947,0.5818438381937912,0.7808896210873146,0,0,1
686,УИК №2670,2723,1444,39,1443,803,"(55.645715, 37.409037)",1615,957,14,945,727,0.5446199045170768,0.5564795564795565,0.6012383900928793,0.7693121693121693,0,0,1
687,УИК №2671,2915,1364,50,1379,709,"(55.655305, 37.414778)",2056,1215,45,1212,908,0.4850771869639794,0.514140681653372,0.6128404669260701,0.7491749174917491,0,0,1
688,УИК №2672,2760,1341,65,1398,749,"(55.652883, 37.402228)",1971,1154,24,1153,884,0.5094202898550725,0.5357653791130186,0.5976661593099949,0.766695576756288,0,0,1
689,УИК №2673,2659,1203,61,1242,602,"(55.652883, 37.402228)",2096,1234,40,1256,976,0.4753666792027078,0.4847020933977455,0.607824427480916,0.7770700636942676,0,0,1
690,УИК №2674,1750,805,60,848,470,"(55.652867, 37.403603)",2206,1205,39,1228,950,0.4942857142857143,0.5542452830188679,0.5639165911151405,0.7736156351791531,0,0,1
691,УИК №2675,2316,1279,22,1281,678,"(55.650434, 37.394422)",2091,1169,42,1196,933,0.5617443868739206,0.5292740046838408,0.5791487326637972,0.7801003344481605,0,0,1
692,УИК №2676,2657,1542,43,1556,747,"(55.64886, 37.398779)",2350,1344,25,1350,1009,0.596537448249906,0.4800771208226221,0.5825531914893617,0.7474074074074074,0,0,1
693,УИК №2677,2544,1351,40,1360,745,"(55.64886, 37.398779)",2099,1221,26,1222,921,0.5467767295597484,0.5477941176470589,0.5940924249642687,0.7536824877250409,0,0,1
694,УИК №2678,2796,1369,124,1463,759,"(55.642372, 37.408238)",1771,1066,20,1064,814,0.5339771101573677,0.518796992481203,0.6132128740824393,0.7650375939849624,0,0,1
695,УИК №2679,2795,1593,20,1557,794,"(55.646061, 37.401707)",1584,911,21,917,686,0.5771019677996422,0.5099550417469493,0.5883838383838383,0.7480916030534351,0,0,1
696,УИК №2680,2552,1443,23,1443,739,"(55.646061, 37.401707)",1944,1246,26,1259,947,0.5744514106583072,0.5121275121275122,0.654320987654321,0.7521842732327244,0,0,1
697,УИК №2681,2387,1278,23,1274,649,"(55.646584, 37.399964)",1221,652,17,658,500,0.5450356095517386,0.5094191522762951,0.547911547911548,0.7598784194528876,0,0,1
698,УИК №2682,2418,1294,25,1301,668,"(55.646584, 37.399964)",2380,1408,44,1440,1073,0.5454921422663358,0.5134511913912375,0.6100840336134454,0.7451388888888889,0,0,1
699,УИК №2683,2428,1374,35,1372,761,"(55.634278, 37.380992)",2114,1274,27,1281,995,0.5803130148270181,0.5546647230320699,0.6154210028382214,0.7767369242779079,0,0,1
700,УИК №2684,2745,1524,20,1449,800,"(55.634278, 37.380992)",2041,1159,29,1174,899,0.5624772313296903,0.5521048999309869,0.5820676139147477,0.7657580919931857,0,0,1
701,УИК №2685,1635,896,25,901,433,"(55.648936, 37.383328)",1898,1077,23,1079,815,0.563302752293578,0.4805771365149833,0.5795574288724974,0.7553290083410565,0,0,1
702,УИК №2686,2781,1488,32,1500,799,"(55.648936, 37.383328)",2136,1242,35,1260,922,0.5465659834591874,0.5326666666666666,0.5978464419475655,0.7317460317460317,0,0,1
703,УИК №2687,2440,1218,69,1265,644,"(55.700902, 37.395814)",2212,1311,29,1317,994,0.5274590163934426,0.509090909090909,0.6057866184448463,0.7547456340167046,0,0,1
704,УИК №2688,2410,1167,48,1193,597,"(55.700902, 37.395814)",1402,838,12,835,669,0.504149377593361,0.5004191114836547,0.6062767475035663,0.8011976047904191,0,0,1
705,УИК №3375,475,383,80,454,331,"(nan, nan)",2077,1320,26,1336,1051,0.9747368421052632,0.7290748898678414,0.6480500722195475,0.7866766467065869,0,0,1
706,УИК №2689,2299,1296,10,1279,520,"(55.666442, 37.455543)",1611,924,22,931,683,0.5680730752501087,0.4065676309616888,0.5872129112352577,0.7336197636949516,0,0,1
707,УИК №2690,1919,1108,7,1026,374,"(55.666442, 37.455543)",1387,837,24,852,653,0.5810317873892652,0.3645224171539961,0.6207642393655372,0.7664319248826291,0,0,1
708,УИК №2691,2207,1410,3,1393,638,"(55.666442, 37.455543)",1745,1046,39,1067,806,0.6402356139555958,0.4580043072505384,0.6217765042979942,0.7553889409559512,0,0,1
709,УИК №2692,1598,964,9,958,417,"(55.694124, 37.507026)",1828,1118,12,1108,812,0.6088861076345432,0.4352818371607516,0.6181619256017505,0.7328519855595668,1,0,0
710,УИК №2693,2577,1629,31,1631,675,"(55.694124, 37.507026)",2193,1275,23,1274,992,0.6441598758246022,0.413856529736358,0.5918832649338805,0.7786499215070644,1,0,0
711,УИК №2694,1802,1032,22,1030,495,"(55.6693589545686, 37.461005654186)",2238,1240,39,1254,992,0.5849056603773585,0.4805825242718446,0.5714924039320822,0.7910685805422647,0,0,1
712,УИК №2695,2596,1509,41,1507,627,"(55.6693589545686, 37.461005654186)",2390,1366,32,1372,1011,0.5970724191063174,0.4160583941605839,0.5849372384937238,0.7368804664723032,0,0,1
713,УИК №2696,1930,1172,6,1157,441,"(55.671534, 37.470734)",2148,1223,27,1237,909,0.6103626943005181,0.3811581676750216,0.5819366852886406,0.7348423605497171,0,0,1
714,УИК №2697,2065,1151,27,1153,511,"(55.661983, 37.465802)",2088,1226,32,1236,972,0.5704600484261502,0.443191673894189,0.6024904214559387,0.7864077669902912,0,0,1
715,УИК №2698,2821,1568,12,1533,821,"(55.661983, 37.465802)",1965,1227,18,1224,879,0.5600850762141085,0.5355512067840835,0.6335877862595419,0.7181372549019608,0,0,1
716,УИК №2699,2377,1408,39,1408,543,"(55.663202, 37.490371)",2540,1526,17,1514,1107,0.6087505258729491,0.3856534090909091,0.6074803149606299,0.7311756935270806,0,1,0
717,УИК №2700,2278,1360,27,1350,705,"(55.664299, 37.491611)",2162,1470,14,1469,1070,0.6088674275680421,0.5222222222222223,0.6864014801110083,0.7283866575901974,0,1,0
718,УИК №2701,1888,1080,26,1061,432,"(55.664299, 37.491611)",2046,1214,116,1304,1018,0.5858050847457628,0.4071630537229029,0.6500488758553274,0.7806748466257669,0,1,0
719,УИК №2702,1836,1094,33,1104,419,"(55.664299, 37.491611)",2517,1377,30,1393,1018,0.6138344226579521,0.3795289855072464,0.5589988081048868,0.7307968413496052,0,1,0
720,УИК №2703,2357,1397,50,1418,596,"(55.656925, 37.496219)",1046,693,70,726,574,0.6139159949087823,0.4203102961918195,0.7294455066921606,0.790633608815427,0,0,1
721,УИК №2704,2188,1275,61,1303,485,"(55.663202, 37.490371)",2533,1415,51,1454,1088,0.6106032906764168,0.3722179585571757,0.5787603632056849,0.7482806052269602,0,1,0
722,УИК №2705,1559,925,45,947,314,"(55.656016, 37.486158)",2764,1516,37,1524,1014,0.622193713919179,0.3315733896515311,0.5618668596237337,0.6653543307086615,0,1,0
723,УИК №2706,2772,1739,43,1734,658,"(55.657113, 37.487676)",2184,1102,54,1133,807,0.6428571428571429,0.3794694348327566,0.5293040293040293,0.7122683142100618,0,1,0
724,УИК №2707,1315,797,23,787,302,"(55.657113, 37.487676)",2583,1284,48,1288,934,0.623574144486692,0.3837357052096569,0.5156794425087108,0.7251552795031055,0,1,0
725,УИК №2708,2556,1501,55,1511,572,"(55.656016, 37.486158)",2130,1251,47,1268,893,0.6087636932707355,0.3785572468563865,0.6093896713615023,0.7042586750788643,0,1,0
726,УИК №2709,2049,1420,26,1420,687,"(55.651181, 37.483095)",2155,1190,52,1220,873,0.705710102489019,0.4838028169014085,0.5763341067285382,0.7155737704918033,1,0,0
727,УИК №2710,1787,1111,25,1107,492,"(55.653101, 37.483616)",2362,1303,56,1341,953,0.6357022943480694,0.4444444444444444,0.5753598645215918,0.7106636838180462,0,0,1
728,УИК №2711,2954,2209,11,2179,1326,"(55.653304, 37.469665)",2144,1176,35,1183,813,0.7515233581584293,0.6085360256998623,0.5648320895522388,0.687235841081995,1,0,0
729,УИК №2712,2900,1981,12,1926,690,"(55.657037, 37.476043)",2036,1094,70,1136,756,0.6872413793103448,0.3582554517133956,0.5717092337917485,0.6654929577464789,0,1,0
730,УИК №2713,3247,1849,11,1829,640,"(55.657037, 37.476043)",2627,1472,57,1501,1039,0.5728364644287034,0.3499179879715691,0.5820327369623144,0.6922051965356429,0,1,0
731,УИК №2714,1793,1760,33,1754,706,"(55.658413, 37.467257)",2325,1307,60,1316,894,1.0,0.4025085518814139,0.5879569892473119,0.6793313069908815,0,0,1
732,УИК №2715,2179,1342,10,1319,593,"(55.658413, 37.467257)",2445,1366,47,1392,982,0.6204681046351538,0.4495830174374526,0.5779141104294478,0.7054597701149425,0,0,1
733,УИК №2716,2548,1447,15,1433,594,"(55.658413, 37.467257)",2178,1214,39,1230,885,0.5737833594976453,0.4145150034891835,0.5752984389348026,0.7195121951219512,0,0,1
734,УИК №2717,2542,1438,19,1407,757,"(55.658413, 37.467257)",2215,1206,48,1233,914,0.573170731707317,0.5380241648898365,0.5661399548532732,0.7412814274128142,0,0,1
735,УИК №2718,2052,1200,27,1198,524,"(55.668935, 37.465002)",2601,1391,6,1376,986,0.597953216374269,0.4373956594323873,0.5371011149557863,0.7165697674418605,0,0,1
736,УИК №2719,1770,1061,3,1038,412,"(55.673438, 37.473294)",2099,1129,34,1148,898,0.6011299435028249,0.3969171483622351,0.554073368270605,0.7822299651567944,0,0,1
737,УИК №2720,2252,1049,65,1083,542,"(55.737704, 37.495276)",2431,1506,23,1506,1089,0.4946714031971581,0.5004616805170822,0.6289592760180995,0.7231075697211156,0,1,0
738,УИК №2721,2506,1307,56,1336,608,"(55.737704, 37.495276)",2200,1121,62,1165,842,0.5438946528332003,0.4550898203592814,0.5377272727272727,0.7227467811158799,0,1,0
739,УИК №2722,2215,1245,77,1233,623,"(55.73926, 37.502911)",3436,2220,0,2184,1585,0.5968397291196388,0.505271695052717,0.6461001164144354,0.7257326007326007,0,1,0
740,УИК №2723,1589,780,60,824,379,"(55.73926, 37.502911)",3016,2286,24,2267,1750,0.5286343612334802,0.4599514563106796,0.7659151193633952,0.7719453021614469,0,1,0
741,УИК №2724,1276,724,13,698,304,"(55.738875, 37.487496)",2726,1529,20,1529,1089,0.5775862068965517,0.4355300859598854,0.5682318415260454,0.7122302158273381,0,1,0
742,УИК №2725,2352,1317,54,1342,544,"(55.738814, 37.496003)",2259,1250,47,1243,908,0.5829081632653061,0.405365126676602,0.5741478530323152,0.7304907481898633,0,1,0
743,УИК №2726,2276,1301,38,1265,598,"(55.740446, 37.495419)",2466,1325,24,1330,974,0.5883128295254832,0.4727272727272727,0.5470397404703974,0.7323308270676692,0,1,0
744,УИК №2727,1328,767,31,778,321,"(55.740446, 37.495419)",2925,1692,36,1703,1202,0.6009036144578314,0.4125964010282776,0.5907692307692308,0.7058132706987669,0,1,0
745,УИК №2728,2242,1095,55,1120,609,"(55.744075, 37.487101)",2663,1473,18,1454,1060,0.5129348795718108,0.54375,0.5598948554262111,0.7290233837689133,0,1,0
746,УИК №2729,2159,1240,75,1210,788,"(55.745372, 37.494854)",2266,1257,44,1282,943,0.6090782769800833,0.6512396694214876,0.5741394527802295,0.7355694227769111,0,1,0
747,УИК №2730,2706,1573,50,1583,851,"(55.745372, 37.494854)",2565,1334,36,1324,997,0.5997782705099778,0.5375868603916614,0.5341130604288499,0.7530211480362538,0,1,0
748,УИК №2731,1656,954,33,953,440,"(55.747454, 37.498599)",2387,1311,37,1317,992,0.5960144927536232,0.4616998950682057,0.5647255969836615,0.7532270311313591,0,1,0
749,УИК №2732,2259,1291,82,1338,556,"(55.747454, 37.498599)",2380,1401,49,1432,1019,0.6077910579902612,0.4155455904334828,0.6092436974789915,0.7115921787709497,0,1,0
750,УИК №2733,1134,609,16,607,231,"(55.752121, 37.504322)",3259,1886,19,1853,1335,0.5511463844797179,0.3805601317957166,0.5845351334765265,0.7204533189422558,0,1,0
751,УИК №2734,2541,1334,27,1324,598,"(55.752121, 37.504322)",1519,899,28,907,658,0.5356158992522629,0.4516616314199396,0.6102699144173799,0.7254685777287762,0,1,0
752,УИК №2735,2099,1097,39,1093,457,"(55.754260999154, 37.5030698999763)",1929,1196,44,1229,870,0.5412101000476417,0.4181152790484904,0.64282011404873,0.7078925956061839,0,0,1
753,УИК №2736,2043,1115,83,1174,638,"(55.745732, 37.509631)",1253,704,23,717,501,0.5863925599608419,0.5434412265758092,0.5802075019952115,0.698744769874477,0,1,0
754,УИК №2737,1073,578,20,582,266,"(55.7472774668668, 37.5156925432384)",2456,1329,49,1360,930,0.5573159366262814,0.4570446735395189,0.5610749185667753,0.6838235294117647,0,1,0
755,УИК №2738,443,156,8,162,86,"(55.742208674487, 37.5015510991216)",1238,647,44,666,433,0.3702031602708803,0.5308641975308642,0.5581583198707593,0.6501501501501501,0,1,0
756,УИК №2739,2600,1430,27,1420,589,"(55.76405, 37.491179)",1655,887,48,922,658,0.5603846153846154,0.4147887323943662,0.5649546827794562,0.7136659436008677,0,0,1
757,УИК №2740,1831,1066,40,1075,538,"(55.76405, 37.491179)",2070,1148,47,1169,824,0.6040415073730202,0.5004651162790698,0.5772946859903382,0.7048759623609923,0,0,1
758,УИК №2741,2232,1176,51,1196,575,"(55.763938, 37.484864)",2377,1359,66,1391,972,0.5497311827956989,0.4807692307692308,0.5994951619688683,0.6987778576563624,0,0,1
759,УИК №2742,2386,1282,48,1304,693,"(55.763938, 37.484864)",2106,1117,81,1177,712,0.5574182732606874,0.531441717791411,0.5688509021842355,0.6049277824978759,0,0,1
760,УИК №2743,2641,1470,52,1493,737,"(55.765741, 37.484765)",1728,943,33,952,682,0.5762968572510413,0.4936369725385131,0.5648148148148148,0.7163865546218487,0,0,1
761,УИК №3376,624,246,116,354,212,"(nan, nan)",3322,2172,59,2204,1686,0.5801282051282052,0.5988700564971752,0.6715833835039133,0.76497277676951,0,0,1
762,УИК №3377,58,58,0,58,39,"(nan, nan)",974,682,25,691,524,1.0,0.6724137931034483,0.7258726899383984,0.7583212735166426,0,0,1
763,УИК №2744,2375,1531,68,1562,522,"(55.734004, 37.451276)",2387,1316,62,1351,930,0.6732631578947369,0.3341869398207426,0.5772936740678676,0.688378978534419,0,1,0
764,УИК №2745,284,284,0,284,218,"(nan, nan)",2667,1408,80,1458,980,1.0,0.7676056338028169,0.5579302587176603,0.6721536351165981,0,0,1
765,УИК №2746,2128,1113,41,1118,481,"(55.736432, 37.464158)",1964,956,47,990,650,0.5422932330827067,0.4302325581395348,0.5106924643584522,0.6565656565656566,0,1,0
766,УИК №2747,2034,1107,47,1129,521,"(55.736432, 37.464158)",1853,947,50,976,688,0.567354965585054,0.4614703277236492,0.5380464112250405,0.7049180327868853,0,1,0
767,УИК №2748,2029,1111,33,1106,506,"(55.741647, 37.47766)",1706,935,55,975,702,0.5638245441103992,0.45750452079566,0.5803048065650644,0.72,0,1,0
768,УИК №2749,2134,1117,42,1129,528,"(55.741647, 37.47766)",1830,1081,41,1102,782,0.5431115276476102,0.4676705048715677,0.6131147540983607,0.7096188747731398,0,1,0
769,УИК №2750,2608,1358,43,1359,618,"(55.734988, 37.480139)",2374,1335,87,1407,1037,0.5371932515337423,0.4547461368653421,0.598989048020219,0.7370291400142146,0,1,0
770,УИК №2751,2729,1487,51,1501,751,"(55.734988, 37.480139)",2394,1176,71,1212,780,0.5635764016123122,0.5003331112591606,0.5208855472013367,0.6435643564356436,0,1,0
771,УИК №2752,2542,1331,41,1341,645,"(55.732676, 37.481406)",2316,1327,24,1340,922,0.5397324940991345,0.4809843400447427,0.5833333333333334,0.6880597014925374,0,1,0
772,УИК №2753,2407,1355,40,1366,590,"(55.732732, 37.467311)",2018,970,43,996,713,0.5795596177814707,0.431918008784773,0.501982160555005,0.7158634538152611,0,1,0
773,УИК №2754,2545,1396,54,1414,593,"(55.732732, 37.467311)",1327,687,42,719,500,0.5697445972495089,0.4193776520509193,0.549359457422758,0.6954102920723226,0,1,0
774,УИК №2755,3008,1642,35,1638,729,"(55.731734, 37.465685)",2513,1267,87,1329,907,0.5575132978723404,0.445054945054945,0.5387982491046558,0.6824680210684725,0,1,0
775,УИК №2756,2593,1427,31,1423,619,"(55.731136, 37.45628)",1743,898,44,933,634,0.5622830698033167,0.4349964862965566,0.540447504302926,0.6795284030010718,0,1,0
776,УИК №2757,2460,1342,73,1379,581,"(55.731136, 37.45628)",2305,1261,92,1334,878,0.5752032520325203,0.4213197969543147,0.5869848156182212,0.6581709145427287,0,1,0
777,УИК №2758,2102,995,32,1002,510,"(55.725721, 37.455543)",2205,1072,80,1135,818,0.4885823025689819,0.5089820359281437,0.5224489795918368,0.720704845814978,0,1,0
778,УИК №2759,2491,1356,44,1383,633,"(55.723896, 37.466386)",2726,1543,62,1555,1047,0.5620232838217584,0.457700650759219,0.5887747615553925,0.6733118971061093,0,1,0
779,УИК №2760,2689,1529,55,1552,650,"(55.723896, 37.466386)",1087,533,7,537,373,0.5890665674972109,0.4188144329896907,0.4967801287948482,0.6945996275605214,0,1,0
780,УИК №2761,2910,1700,58,1714,731,"(55.725554, 37.473698)",1969,1062,37,1070,669,0.6041237113402061,0.426487747957993,0.558151345860843,0.625233644859813,0,1,0
781,УИК №2762,3015,1591,40,1595,683,"(55.725554, 37.473698)",2352,1223,65,1238,832,0.5409618573797679,0.4282131661442006,0.5476190476190477,0.6720516962843296,0,1,0
782,УИК №2763,2560,1326,45,1347,653,"(55.72126, 37.467635)",3215,1605,40,1605,1081,0.535546875,0.4847809948032665,0.5116640746500778,0.6735202492211838,0,1,0
783,УИК №2764,2948,1542,48,1555,685,"(55.722624, 37.457636)",2362,1341,60,1380,911,0.5393487109905021,0.4405144694533762,0.5931414055884844,0.6601449275362319,0,0,1
784,УИК №2765,2692,1507,45,1511,747,"(55.722624, 37.457636)",1551,1096,21,1084,683,0.5765230312035661,0.4943745863666446,0.720180528691167,0.6300738007380073,0,0,1
785,УИК №2766,2303,1228,64,1264,614,"(55.720053, 37.460457)",2298,1285,3,1275,898,0.5610073816760747,0.485759493670886,0.5604873803307223,0.7043137254901961,0,0,1
786,УИК №2767,2480,1271,59,1309,637,"(55.720053, 37.460457)",2957,1427,9,1405,900,0.5362903225806451,0.4866310160427807,0.4856273249915455,0.6405693950177936,0,0,1
787,УИК №2768,2674,1376,53,1399,643,"(55.716595, 37.461095)",2195,1260,21,1260,844,0.5344053851907256,0.4596140100071479,0.5835990888382688,0.6698412698412698,0,0,1
788,УИК №2769,2916,1463,24,1456,701,"(55.716595, 37.461095)",2299,1268,27,1281,917,0.5099451303155007,0.4814560439560439,0.5632883862548934,0.7158469945355191,0,0,1
789,УИК №2770,2527,1300,49,1335,658,"(55.711914, 37.456298)",2722,1513,24,1513,971,0.5338345864661654,0.4928838951310861,0.5646583394562822,0.64177131526768,0,0,1
790,УИК №3124,992,620,90,698,392,"(55.987352, 37.176518)",2384,1324,36,1348,916,0.7157258064516129,0.5616045845272206,0.5704697986577181,0.6795252225519288,0,0,1
791,УИК №3125,1253,736,78,798,441,"(55.987352, 37.176518)",2641,1490,83,1548,1026,0.6496408619313647,0.5526315789473685,0.5956077243468383,0.6627906976744186,0,0,1
792,УИК №3126,1338,867,34,888,430,"(55.987352, 37.176518)",2080,1209,38,1224,863,0.6733931240657698,0.4842342342342342,0.5995192307692307,0.7050653594771242,0,0,1
793,УИК №3127,902,537,24,555,286,"(55.987352, 37.176518)",2442,1408,47,1429,1005,0.6219512195121951,0.5153153153153153,0.5958230958230958,0.7032890132960112,0,0,1
794,УИК №3128,1044,637,61,686,362,"(55.987437, 37.175341)",2206,1362,44,1386,974,0.6685823754789272,0.5276967930029155,0.6373526745240253,0.7027417027417028,0,0,1
795,УИК №3129,999,586,27,605,318,"(55.987437, 37.175341)",1972,1113,50,1143,776,0.6136136136136137,0.5256198347107438,0.5897565922920892,0.678915135608049,0,0,1
796,УИК №3130,946,566,35,592,359,"(55.987437, 37.175341)",1812,1067,34,1086,697,0.635306553911205,0.606418918918919,0.6076158940397351,0.641804788213628,0,0,1
797,УИК №3131,1216,671,42,694,344,"(55.987437, 37.175341)",1872,1066,22,1070,747,0.5863486842105263,0.4956772334293948,0.5811965811965812,0.6981308411214954,0,0,1
798,УИК №3132,1177,785,41,771,357,"(55.997185, 37.186112)",2100,1208,25,1221,861,0.7017841971112999,0.4630350194552529,0.5871428571428572,0.7051597051597052,0,0,1
799,УИК №3133,1088,748,41,776,433,"(55.997185, 37.186112)",1900,1080,40,1111,735,0.7251838235294118,0.5579896907216495,0.5894736842105263,0.6615661566156615,0,0,1
800,УИК №3134,1006,613,15,619,305,"(55.997185, 37.186112)",1566,881,34,907,604,0.6242544731610338,0.4927302100161551,0.5842911877394636,0.6659316427783903,0,0,1
801,УИК №3135,1278,753,20,757,380,"(55.997185, 37.186112)",2421,1501,39,1527,1102,0.6048513302034428,0.5019815059445178,0.6361007847996696,0.7216764898493778,0,0,1
802,УИК №3136,2037,1227,53,1250,595,"(55.997185, 37.186112)",1924,1173,26,1180,809,0.6283750613647521,0.476,0.6231808731808732,0.6855932203389831,0,0,1
803,УИК №3137,1202,724,14,725,360,"(55.998685, 37.177802)",2474,1420,55,1459,1035,0.6139767054908486,0.496551724137931,0.5962004850444624,0.7093899931459904,0,0,1
804,УИК №3138,1028,618,35,640,343,"(55.998685, 37.177802)",2703,1506,101,1585,1099,0.6352140077821011,0.5359375,0.5945246022937477,0.6933753943217665,0,0,1
805,УИК №3139,932,559,26,577,288,"(55.998685, 37.177802)",2485,1262,55,1300,892,0.6276824034334764,0.4991334488734835,0.5299798792756539,0.6861538461538461,0,0,1
806,УИК №3140,1309,813,31,831,428,"(55.998685, 37.177802)",2098,1148,30,1159,846,0.6447669977081741,0.5150421179302046,0.561487130600572,0.7299396031061259,0,0,1
807,УИК №3141,1958,1166,89,1228,639,"(55.992462, 37.172078)",1803,1000,49,1036,720,0.6409601634320735,0.5203583061889251,0.581808097615086,0.694980694980695,0,0,1
808,УИК №3142,1134,686,65,701,326,"(55.994013, 37.171649)",1782,996,48,1033,748,0.6622574955908289,0.4650499286733238,0.5858585858585859,0.7241045498547919,0,0,1
809,УИК №3143,1255,791,15,788,372,"(55.992462, 37.172078)",1941,1123,52,1157,802,0.6422310756972112,0.4720812182741117,0.6053580628541989,0.693171996542783,0,0,1
810,УИК №3144,1036,635,10,641,319,"(55.993223, 37.192669)",1795,1128,45,1166,873,0.6225868725868726,0.4976599063962558,0.6534818941504178,0.7487135506003431,0,0,1
811,УИК №3145,1161,868,19,794,397,"(55.993223, 37.192669)",1306,795,24,812,588,0.7639965546942291,0.5,0.6271056661562021,0.7241379310344828,0,0,1
812,УИК №3146,2029,1242,36,1262,586,"(55.993223, 37.192669)",1935,1071,39,1095,824,0.629866929521932,0.4643423137876387,0.5736434108527132,0.7525114155251141,0,0,1
813,УИК №3147,1177,723,29,743,368,"(55.993223, 37.192669)",2258,1174,60,1216,904,0.6389124893797791,0.4952893674293405,0.5465013286093888,0.743421052631579,0,0,1
814,УИК №3148,1049,688,47,724,358,"(55.993223, 37.192669)",2467,1385,71,1438,1029,0.7006673021925643,0.494475138121547,0.5901905147952979,0.7155771905424201,0,0,1
815,УИК №3401,181,181,0,178,159,"(nan, nan)",2697,1335,21,1326,939,1.0,0.8932584269662921,0.5027808676307007,0.7081447963800905,0,0,1
816,УИК №3028,1424,805,29,818,389,"(55.9865306773684, 37.1550787612796)",970,609,8,613,459,0.5856741573033708,0.4755501222493887,0.6360824742268041,0.7487765089722676,0,0,1
817,УИК №3029,1132,608,14,616,317,"(55.986526, 37.155057)",2461,1422,34,1446,1068,0.549469964664311,0.5146103896103896,0.5916294189353921,0.7385892116182573,0,0,1
818,УИК №3030,1034,558,24,566,277,"(55.9865306773684, 37.1550787612796)",2266,1306,26,1315,967,0.562862669245648,0.489399293286219,0.587819947043248,0.7353612167300381,0,0,1
819,УИК №3031,1519,799,40,828,448,"(55.986526, 37.155057)",1980,1093,32,1107,775,0.5523370638578012,0.5410628019323671,0.5681818181818182,0.7000903342366757,0,0,1
820,УИК №3032,1600,951,27,963,477,"(55.987442, 37.155605)",1221,654,26,671,471,0.61125,0.4953271028037383,0.556920556920557,0.7019374068554396,0,0,1
821,УИК №3033,1097,603,26,621,308,"(55.987442, 37.155605)",1635,1053,29,1069,727,0.5733819507748404,0.4959742351046698,0.6617737003058104,0.6800748362956034,0,0,1
822,УИК №3034,1274,760,15,761,391,"(55.987442, 37.155605)",1832,1035,25,1047,781,0.6083202511773941,0.5137976346911958,0.5786026200873362,0.7459407831900668,0,0,1
823,УИК №3035,1473,836,22,853,411,"(55.987442, 37.155605)",1685,972,15,971,700,0.5824847250509165,0.4818288393903868,0.5857566765578635,0.7209062821833162,0,0,1
824,УИК №3036,1211,696,12,694,342,"(55.9865306773684, 37.1550787612796)",2478,1457,45,1482,1091,0.5846407927332783,0.4927953890489913,0.606133979015335,0.7361673414304993,0,0,1
825,УИК №3037,1422,823,23,838,423,"(55.986526, 37.155057)",1227,670,22,684,513,0.5949367088607594,0.5047732696897375,0.5639771801140995,0.75,0,0,1
826,УИК №3038,1356,742,19,749,370,"(55.985967, 37.160581)",2443,1441,53,1468,1103,0.5612094395280236,0.4939919893190921,0.6115431846090872,0.7513623978201635,0,0,1
827,УИК №3039,1364,781,21,778,380,"(55.985967, 37.160581)",2237,1320,37,1346,1002,0.5879765395894428,0.4884318766066838,0.6066160035762181,0.7444279346210996,0,0,1
828,УИК №3040,1336,839,49,878,414,"(55.985967, 37.160581)",2237,1256,35,1273,954,0.6646706586826348,0.4715261958997722,0.5771122038444345,0.7494108405341713,0,0,1
829,УИК №3041,921,516,4,515,252,"(55.985967, 37.160581)",2119,1195,65,1242,910,0.5646036916395223,0.4893203883495146,0.5946201038225578,0.7326892109500805,0,0,1
830,УИК №3042,1847,986,16,990,463,"(55.985967, 37.160581)",1432,854,30,867,674,0.5425013535462913,0.4676767676767677,0.61731843575419,0.7773933102652826,0,0,1
831,УИК №3043,774,458,10,461,220,"(55.985967, 37.160581)",1924,1169,26,1179,875,0.6046511627906976,0.4772234273318872,0.6211018711018711,0.7421543681085666,0,0,1
832,УИК №3044,1145,705,7,703,327,"(55.9822, 37.164956)",2182,1276,39,1298,977,0.6218340611353712,0.465149359886202,0.6026581118240146,0.7526964560862865,0,0,1
833,УИК №3045,1677,1014,15,1012,438,"(55.9822, 37.164956)",2264,1312,32,1324,965,0.6135957066189625,0.4328063241106719,0.5936395759717314,0.7288519637462235,0,0,1
834,УИК №3046,1443,813,22,826,407,"(55.979903, 37.153691)",2166,1228,6,1224,889,0.5786555786555787,0.4927360774818402,0.569713758079409,0.7263071895424836,0,0,1
835,УИК №3047,1130,651,11,655,331,"(55.979903, 37.153691)",1801,1007,33,1007,753,0.5858407079646017,0.5053435114503817,0.5774569683509162,0.7477656405163853,0,0,1
836,УИК №3048,1219,720,25,727,343,"(55.979903, 37.153691)",1666,935,43,964,715,0.6111566858080394,0.4718019257221458,0.5870348139255702,0.741701244813278,0,0,1
837,УИК №3049,1545,839,33,858,414,"(55.979903, 37.153691)",2352,1347,59,1388,1005,0.5644012944983818,0.4825174825174825,0.5977891156462585,0.7240634005763689,0,0,1
838,УИК №3050,1531,818,23,827,404,"(55.981006, 37.153682)",2036,1171,51,1199,850,0.5493141737426519,0.4885126964933494,0.600196463654224,0.7089241034195163,0,0,1
839,УИК №3051,1190,662,17,670,322,"(55.981006, 37.153682)",1776,979,53,1020,750,0.5705882352941176,0.4805970149253731,0.581081081081081,0.7352941176470589,0,0,1
840,УИК №3052,1535,889,27,903,421,"(55.981953, 37.156287)",2065,1207,46,1238,928,0.596742671009772,0.4662236987818383,0.6067796610169491,0.7495961227786753,0,0,1
841,УИК №3053,1294,758,16,764,374,"(55.981953, 37.156287)",1553,988,13,989,673,0.598145285935085,0.4895287958115183,0.6445589182227945,0.6804853387259858,0,0,1
842,УИК №3054,1781,975,27,988,446,"(55.981006, 37.153682)",1686,979,18,985,706,0.562605277933745,0.451417004048583,0.5913404507710558,0.716751269035533,0,0,1
843,УИК №3055,1126,568,14,567,300,"(55.981006, 37.153682)",2317,1331,32,1352,968,0.5168738898756661,0.5291005291005291,0.588260681916271,0.7159763313609467,0,0,1
844,УИК №3056,1243,707,33,730,325,"(55.981953, 37.156287)",2513,1507,53,1545,1106,0.5953338696701529,0.4452054794520548,0.6207719856744927,0.7158576051779936,0,0,1
845,УИК №3057,1559,887,5,877,424,"(55.981953, 37.156287)",2399,1420,47,1446,1072,0.5721616420782553,0.4834663625997719,0.6115047936640267,0.7413554633471646,0,0,1
846,УИК №3058,1146,693,15,699,332,"(55.975516, 37.153485)",3259,1980,25,1981,1472,0.6178010471204188,0.474964234620887,0.6152193924516723,0.7430590610802625,0,0,1
847,УИК №3059,1398,766,36,793,404,"(55.975516, 37.153485)",2273,1513,24,1488,1053,0.5736766809728183,0.5094577553593947,0.6761988561372635,0.7076612903225806,0,0,1
848,УИК №3060,1065,545,17,555,268,"(55.975516, 37.153485)",1850,1331,10,1316,931,0.5276995305164319,0.4828828828828829,0.7248648648648649,0.7074468085106383,0,0,1
849,УИК №3061,1070,616,27,633,328,"(55.975516, 37.153485)",2934,1589,33,1606,1105,0.6009345794392523,0.5181674565560821,0.5528289025221541,0.6880448318804483,0,0,1
850,УИК №3062,1120,680,15,680,283,"(55.972443, 37.155147)",2445,1392,49,1435,1006,0.6205357142857143,0.4161764705882353,0.5893660531697341,0.7010452961672474,0,0,1
851,УИК №3063,1274,807,10,807,379,"(55.972443, 37.155147)",2467,1460,47,1492,1066,0.641287284144427,0.4696406443618339,0.6108633968382651,0.7144772117962467,0,0,1
852,УИК №3064,1305,738,38,763,384,"(55.972443, 37.155147)",706,449,20,468,331,0.5946360153256705,0.5032765399737876,0.6643059490084986,0.7072649572649573,0,0,1
853,УИК №3065,907,544,15,551,251,"(55.972443, 37.155147)",2215,1433,14,1432,987,0.6163175303197354,0.455535390199637,0.6532731376975169,0.6892458100558659,0,0,1
854,УИК №3066,1470,931,38,950,425,"(55.975184, 37.159171)",2138,1219,30,1228,875,0.6591836734693878,0.4473684210526316,0.5841908325537886,0.7125407166123778,0,0,1
855,УИК №3067,1046,668,9,657,299,"(55.975184, 37.159171)",3001,1695,62,1733,1275,0.6472275334608031,0.4550989345509893,0.5854715094968344,0.7357184073860358,0,0,1
856,УИК №3068,1227,739,24,751,325,"(55.979193, 37.168864)",2259,1133,38,1152,857,0.6218418907905461,0.4327563249001331,0.5183709606020362,0.7439236111111112,0,0,1
857,УИК №3069,1235,691,38,723,333,"(55.9822, 37.164956)",2299,1210,52,1246,905,0.5902834008097166,0.4605809128630705,0.5489343192692475,0.7263242375601926,0,0,1
858,УИК №3070,1222,712,20,717,342,"(55.9822, 37.164956)",3072,1818,47,1827,1283,0.5990180032733224,0.4769874476987448,0.6070963541666666,0.7022441160372195,0,0,1
859,УИК №3071,1446,798,42,821,438,"(55.979193, 37.168864)",1485,859,29,869,631,0.5809128630705395,0.5334957369062119,0.597979797979798,0.7261219792865362,0,0,1
860,УИК №3072,1431,678,68,736,407,"(55.979193, 37.168864)",2686,1419,37,1437,979,0.5213137665967854,0.5529891304347826,0.5420699925539836,0.6812804453723034,0,0,1
861,УИК №3073,1362,657,65,714,366,"(55.979193, 37.168864)",2641,1450,31,1467,1041,0.5301027900146843,0.5126050420168067,0.5607724346838319,0.7096114519427403,0,0,1
862,УИК №3074,1206,634,16,634,339,"(55.973113, 37.165738)",2351,1412,58,1448,1054,0.538971807628524,0.5347003154574133,0.6252658443215653,0.7279005524861878,0,0,1
863,УИК №3075,1257,621,0,610,311,"(55.973113, 37.165738)",1999,1102,48,1140,841,0.4940334128878281,0.5098360655737705,0.575287643821911,0.737719298245614,0,0,1
864,УИК №3076,871,454,9,459,235,"(55.973113, 37.165738)",2035,1122,63,1170,863,0.5315729047072331,0.5119825708061002,0.5823095823095823,0.7376068376068377,0,0,1
865,УИК №3077,714,402,23,417,236,"(55.973113, 37.165738)",2036,1057,47,1097,773,0.5952380952380952,0.565947242206235,0.5422396856581533,0.7046490428441203,0,0,1
866,УИК №3078,1169,655,14,654,338,"(55.9734533192053, 37.1702847070992)",2167,1214,49,1245,935,0.572284003421728,0.5168195718654435,0.5828334102445778,0.751004016064257,0,0,1
867,УИК №3079,842,423,12,428,223,"(55.9734533192053, 37.1702847070992)",1953,1014,28,1033,732,0.5166270783847982,0.5210280373831776,0.5335381464413722,0.7086156824782188,0,0,1
868,УИК №3149,1271,749,47,784,405,"(55.976992, 37.19081)",2230,1225,96,1266,917,0.6262785208497246,0.5165816326530612,0.5923766816143498,0.7243285939968405,0,0,1
869,УИК №3150,1475,788,25,798,419,"(55.978543, 37.183003)",2313,1220,55,1264,936,0.5511864406779661,0.525062656641604,0.5512321660181583,0.740506329113924,0,0,1
870,УИК №3151,1371,779,25,790,416,"(55.982406, 37.187037)",2073,1093,57,1116,804,0.5864332603938731,0.5265822784810127,0.5547515677761699,0.7204301075268817,0,0,1
871,УИК №3152,1332,816,45,854,450,"(55.982406, 37.187037)",1509,812,21,815,573,0.6463963963963963,0.5269320843091335,0.5520212060967529,0.7030674846625767,0,0,1
872,УИК №3153,1299,754,37,774,386,"(55.982406, 37.187037)",1591,948,22,957,659,0.6089299461123941,0.4987080103359173,0.6096794468887492,0.6886102403343782,0,0,1
873,УИК №3154,1558,879,30,883,489,"(55.976992, 37.19081)",1408,737,33,766,571,0.5834403080872914,0.5537938844847112,0.546875,0.7454308093994778,0,0,1
874,УИК №3155,1424,856,42,892,430,"(55.984385, 37.186085)",1193,670,27,686,494,0.6306179775280899,0.4820627802690583,0.584241408214585,0.7201166180758017,0,0,1
875,УИК №3156,1363,804,56,841,464,"(55.976992, 37.19081)",1635,935,37,964,690,0.6309611151870873,0.5517241379310345,0.5944954128440367,0.7157676348547718,0,0,1
876,УИК №3157,1326,763,47,799,427,"(55.984385, 37.186085)",2300,1169,34,1192,864,0.6108597285067874,0.5344180225281602,0.5230434782608696,0.7248322147651006,0,0,1
877,УИК №3158,1305,679,50,718,348,"(55.978543, 37.183003)",2240,1241,34,1265,932,0.5586206896551724,0.4846796657381615,0.5691964285714286,0.7367588932806324,0,0,1
878,УИК №3159,1361,814,30,834,449,"(55.985106, 37.189884)",2322,1357,40,1380,1047,0.6201322556943424,0.5383693045563549,0.6016365202411714,0.758695652173913,0,0,1
879,УИК №3160,1203,699,26,714,352,"(55.980659, 37.182141)",2338,1344,47,1381,1031,0.6026600166251039,0.4929971988795518,0.5949529512403764,0.7465604634322954,0,0,1
880,УИК №3161,1167,663,21,674,367,"(55.976992, 37.19081)",2249,1205,74,1229,884,0.5861182519280206,0.5445103857566765,0.5686971987550022,0.7192839707078926,0,0,1
881,УИК №3162,1362,801,39,829,431,"(55.984385, 37.186085)",2635,1378,104,1467,1114,0.6167400881057269,0.5199034981905911,0.5624288425047438,0.7593728698023177,0,0,1
882,УИК №3163,1396,818,27,828,423,"(55.980659, 37.182141)",1773,1128,43,1151,833,0.6053008595988538,0.5108695652173914,0.6604624929498026,0.7237185056472633,0,0,1
883,УИК №3164,1608,883,26,888,477,"(55.982406, 37.187037)",1736,953,55,1003,771,0.5652985074626866,0.5371621621621622,0.5806451612903226,0.7686939182452642,0,0,1
884,УИК №3080,1367,816,54,859,432,"(56.005903, 37.211821)",1662,922,67,981,706,0.6364301389904902,0.5029103608847497,0.5950661853188929,0.7196738022426096,0,0,1
885,УИК №3081,1169,637,28,651,357,"(56.005903, 37.211821)",2030,1178,46,1210,892,0.5688622754491018,0.5483870967741935,0.6029556650246305,0.7371900826446282,0,0,1
886,УИК №3082,1048,620,36,644,301,"(56.005903, 37.211821)",2005,1133,65,1182,836,0.6259541984732825,0.4673913043478261,0.5975062344139651,0.7072758037225042,0,0,1
887,УИК №3083,1057,577,53,618,328,"(56.005903, 37.211821)",1929,1124,35,1142,782,0.5960264900662252,0.5307443365695793,0.60082944530845,0.6847635726795096,0,0,1
888,УИК №3084,1188,707,41,699,333,"(56.006301, 37.210887)",2055,1136,29,1154,826,0.6296296296296297,0.4763948497854077,0.5669099756690997,0.7157712305025996,0,0,1
889,УИК №3085,1401,813,64,864,464,"(56.006301, 37.210887)",1952,995,55,1038,736,0.6259814418272662,0.5370370370370371,0.5379098360655737,0.7090558766859345,0,0,1
890,УИК №3086,1215,714,30,737,358,"(56.006301, 37.210887)",1986,1161,46,1187,837,0.6123456790123457,0.485753052917232,0.607754279959718,0.7051390058972199,0,0,1
891,УИК №3087,1265,728,21,726,361,"(56.006301, 37.210887)",2288,1200,44,1224,907,0.5920948616600791,0.4972451790633609,0.5437062937062938,0.7410130718954249,0,0,1
892,УИК №3088,1252,746,57,797,389,"(56.002672, 37.200592)",2556,1429,59,1470,1021,0.6413738019169329,0.4880803011292346,0.5821596244131455,0.6945578231292517,0,0,1
893,УИК №3089,1297,737,69,759,398,"(56.002672, 37.200592)",2191,1205,58,1247,877,0.6214340786430224,0.5243741765480896,0.5764491099954359,0.7032878909382518,0,0,1
894,УИК №3090,1246,751,30,766,374,"(56.002672, 37.200592)",1969,1088,57,1135,775,0.6268057784911717,0.4882506527415143,0.5815134586084306,0.6828193832599119,0,0,1
895,УИК №3091,1222,722,45,753,387,"(56.002672, 37.200592)",2066,1284,34,1305,943,0.6276595744680851,0.5139442231075697,0.6379477250726041,0.7226053639846743,0,0,1
896,УИК №3092,1198,704,61,752,422,"(55.995649, 37.2022)",2292,1377,28,1382,1005,0.6385642737896494,0.5611702127659575,0.6130017452006981,0.7272069464544139,0,0,1
897,УИК №3093,1265,727,43,759,404,"(55.995649, 37.2022)",1994,1165,47,1196,812,0.6086956521739131,0.5322793148880105,0.6078234704112337,0.6789297658862876,0,0,1
898,УИК №3094,1255,701,75,768,395,"(55.995649, 37.2022)",2327,1287,60,1280,904,0.6183266932270917,0.5143229166666666,0.5788568972926514,0.70625,0,0,1
899,УИК №3095,1334,838,76,882,489,"(55.995649, 37.2022)",2073,1007,29,1025,733,0.6851574212893553,0.5544217687074829,0.4997588036661842,0.7151219512195122,0,0,1
900,УИК №3096,1263,647,43,655,341,"(55.995649, 37.2022)",2296,1182,41,1201,833,0.5463182897862233,0.5206106870229008,0.5326655052264808,0.6935886761032473,0,0,1
901,УИК №3097,1297,727,63,775,397,"(55.995649, 37.2022)",1864,994,42,1025,746,0.6090979182729376,0.512258064516129,0.555793991416309,0.7278048780487805,0,0,1
902,УИК №3098,1323,778,29,790,409,"(55.993877, 37.207653)",2309,1218,51,1255,910,0.6099773242630385,0.5177215189873418,0.5495885664789952,0.7250996015936255,0,0,1
903,УИК №3099,1247,663,45,684,369,"(55.993877, 37.207653)",1821,1026,32,1048,703,0.5677626303127506,0.5394736842105263,0.5809994508511807,0.6708015267175572,0,0,1
904,УИК №3100,1291,796,53,832,442,"(55.993877, 37.207653)",1961,1093,50,1125,832,0.6576297443841983,0.53125,0.5828658847526772,0.7395555555555555,0,0,1
905,УИК №3101,1106,644,48,676,323,"(55.993877, 37.207653)",2040,1135,28,1148,808,0.6256781193490054,0.4778106508875739,0.5700980392156862,0.7038327526132404,0,0,1
906,УИК №3102,1382,780,68,825,446,"(55.993877, 37.207653)",1186,691,28,714,522,0.613603473227207,0.5406060606060606,0.606239460370995,0.7310924369747899,0,0,1
907,УИК №3103,1155,684,42,714,386,"(55.993877, 37.207653)",2020,1116,56,1152,784,0.6285714285714286,0.5406162464985994,0.5801980198019802,0.6805555555555556,0,0,1
908,УИК №199,2566,1460,72,1500,600,"(55.794234, 37.560502)",2719,1506,65,1533,989,0.5970381917381138,0.4,0.5777859507171754,0.6451402478799739,1,1,0
909,УИК №200,1923,1114,17,1115,429,"(55.795904, 37.545159)",2312,1132,48,1160,810,0.5881435257410297,0.3847533632286996,0.5103806228373703,0.6982758620689655,1,1,0
910,УИК №201,2441,1417,62,1426,542,"(55.795904, 37.545159)",2023,1198,44,1223,827,0.6058992216304793,0.3800841514726508,0.6139396935244686,0.6762060506950123,1,1,0
911,УИК №202,2316,1300,43,1309,569,"(55.799978, 37.539644)",1891,1038,7,1014,603,0.5798791018998273,0.4346829640947288,0.5526176626123744,0.5946745562130178,0,1,0
912,УИК №203,2422,1465,54,1476,485,"(55.800661, 37.535134)",2217,1236,64,1283,876,0.6271676300578035,0.328590785907859,0.5863779882724403,0.6827747466874513,0,1,0
913,УИК №204,2342,1373,107,1442,542,"(55.802341, 37.529151)",2088,1167,64,1209,816,0.6319385140905209,0.3758668515950069,0.5895593869731801,0.674937965260546,0,1,0
914,УИК №205,2956,1618,41,1617,607,"(55.807385, 37.516979)",2583,1400,73,1449,971,0.5612313937753721,0.3753865182436611,0.570267131242741,0.6701173222912353,0,1,0
915,УИК №206,2457,1397,62,1415,576,"(55.807764, 37.515847)",2432,1355,103,1446,1007,0.5938135938135938,0.4070671378091873,0.5995065789473685,0.6964038727524204,0,1,0
916,УИК №207,1877,1069,30,1072,427,"(55.808361, 37.523339)",2390,1275,76,1326,917,0.5855087906233352,0.3983208955223881,0.5652719665271967,0.691553544494721,0,1,0
917,УИК №208,2726,1511,50,1508,675,"(55.809934, 37.527184)",2137,1181,45,1185,770,0.5726338958180485,0.4476127320954907,0.5737014506317267,0.6497890295358649,0,1,0
918,УИК №209,2567,1436,49,1448,604,"(55.811589, 37.532852)",2184,1106,91,1160,821,0.5784962991819245,0.4171270718232044,0.5480769230769231,0.7077586206896552,0,0,1
919,УИК №210,2571,1466,66,1494,563,"(55.804845, 37.532035)",2546,1309,48,1340,870,0.5958770906262155,0.3768406961178046,0.53299293008641,0.6492537313432836,0,1,0
920,УИК №211,2295,1243,50,1259,565,"(55.809732, 37.531451)",2221,1259,56,1292,907,0.5633986928104575,0.448768864177919,0.5920756416028816,0.7020123839009288,0,1,0
921,УИК №212,2718,1342,41,1358,629,"(55.8058108659764, 37.5484807044268)",1073,571,34,597,409,0.5088300220750552,0.4631811487481591,0.5638397017707363,0.6850921273031826,0,0,1
922,УИК №213,2245,1828,0,1799,1269,"(55.806646, 37.542958)",2130,1124,49,1153,816,0.8142538975501113,0.7053918843802113,0.5507042253521127,0.7077189939288812,0,1,0
923,УИК №214,2442,1357,42,1369,542,"(55.803853, 37.541404)",2247,1241,51,1271,846,0.5728910728910729,0.39590942293645,0.5749888740542947,0.6656176239181747,0,1,0
924,УИК №215,2223,1245,50,1258,508,"(55.803853, 37.541404)",2178,1143,46,1170,771,0.5825461088618983,0.4038155802861685,0.5459136822773186,0.658974358974359,0,1,0
925,УИК №216,2467,1332,39,1343,578,"(55.800995, 37.546668)",2290,1257,60,1279,864,0.5557357113903526,0.430379746835443,0.5751091703056769,0.6755277560594214,0,1,0
926,УИК №217,2561,1534,63,1560,633,"(55.800625, 37.552058)",2238,1169,67,1223,874,0.6235845372901211,0.4057692307692307,0.5522788203753352,0.7146361406377759,1,0,0
927,УИК №3234,30,30,0,30,18,"(nan, nan)",1227,726,64,769,579,1.0,0.6,0.6438467807660961,0.752925877763329,0,0,1
928,УИК №3235,106,52,54,105,45,"(nan, nan)",1094,631,39,659,474,1.0,0.4285714285714285,0.6124314442413162,0.7192716236722306,0,0,1
929,УИК №3236,193,0,193,188,112,"(nan, nan)",1298,722,43,755,582,1.0,0.5957446808510638,0.5893682588597843,0.7708609271523179,0,0,1
930,УИК №218,2521,1461,42,1462,581,"(55.779484, 37.577283)",2518,1473,54,1509,1087,0.5961919873066244,0.3974008207934336,0.6064336775218427,0.7203445990722332,0,1,0
931,УИК №219,2676,1482,54,1498,621,"(55.780071, 37.568677)",870,864,6,838,594,0.5739910313901345,0.4145527369826435,1.0,0.7088305489260143,0,1,0
932,УИК №220,2490,1249,66,1270,574,"(55.780071, 37.568677)",3112,1799,75,1828,1346,0.5281124497991968,0.4519685039370079,0.6021850899742931,0.7363238512035011,0,1,0
933,УИК №221,2111,1211,35,1210,451,"(55.782365, 37.55982)",2969,1412,35,1432,1047,0.5902415916627191,0.3727272727272727,0.4873694846749747,0.7311452513966481,0,1,0
934,УИК №222,2612,1413,36,1413,592,"(55.7840029675189, 37.5591045990586)",2941,1655,70,1705,1204,0.5547473200612557,0.418966737438075,0.5865351921115267,0.706158357771261,1,1,0
935,УИК №223,2943,1573,51,1593,726,"(55.785199, 37.571624)",3054,1710,78,1678,1287,0.5518178729187904,0.455743879472693,0.5854616895874263,0.766984505363528,0,1,0
936,УИК №224,2455,1299,32,1300,545,"(55.7861892306506, 37.572478260845)",2651,1466,58,1506,1140,0.5421588594704684,0.4192307692307692,0.5748774047529234,0.7569721115537849,0,1,0
937,УИК №225,2171,1280,34,1251,504,"(55.784693, 37.574354)",2464,1274,64,1282,974,0.605251036388761,0.4028776978417266,0.5430194805194806,0.7597503900156006,0,1,0
938,УИК №226,2341,1289,62,1322,531,"(55.788591, 37.580616)",1863,1113,28,1107,814,0.577103801794105,0.4016641452344932,0.6124530327428879,0.7353206865401988,1,1,0
939,УИК №227,2446,1487,44,1473,701,"(55.784693, 37.574354)",2290,1208,60,1226,920,0.6259198691741619,0.4758995247793618,0.5537117903930131,0.7504078303425775,0,1,0
940,УИК №3237,1638,1300,0,1277,698,"(nan, nan)",1110,685,35,709,518,0.7936507936507936,0.5465935787000783,0.6486486486486487,0.7306064880112835,0,0,1
941,УИК №3238,169,169,0,166,111,"(nan, nan)",1421,863,42,891,651,1.0,0.6686746987951807,0.6368754398311048,0.7306397306397306,0,0,1
942,УИК №3239,163,160,0,156,84,"(nan, nan)",1385,858,53,898,654,0.98159509202454,0.5384615384615384,0.6577617328519856,0.7282850779510023,0,0,1
943,УИК №228,2419,1290,39,1292,581,"(55.857801, 37.56644)",2169,1283,50,1304,989,0.5494005787515502,0.4496904024767801,0.6145689257722453,0.7584355828220859,1,0,0
944,УИК №229,2490,1037,35,1032,516,"(55.858028, 37.560826)",2055,1062,57,1092,833,0.4305220883534136,0.5,0.5445255474452555,0.7628205128205128,1,0,0
945,УИК №230,2565,1387,37,1390,651,"(55.862868, 37.556882)",2088,1116,57,1164,890,0.5551656920077973,0.4683453237410072,0.5617816091954023,0.7646048109965635,1,0,0
946,УИК №231,2835,1259,41,1278,660,"(55.871157, 37.542374)",2075,1145,55,1181,894,0.4585537918871252,0.5164319248826291,0.5783132530120482,0.7569856054191363,0,0,1
947,УИК №232,3132,1724,46,1734,887,"(55.870799, 37.552804)",2311,1306,70,1338,1005,0.5651340996168582,0.5115340253748558,0.595413241021203,0.7511210762331838,0,0,1
948,УИК №233,1128,495,14,502,222,"(55.870799, 37.552804)",2455,1404,54,1433,1067,0.4512411347517731,0.4422310756972111,0.5938900203665988,0.7445917655268667,0,0,1
949,УИК №234,2831,1428,46,1428,753,"(55.871819, 37.542249)",2350,1242,85,1310,988,0.5206640762981278,0.5273109243697479,0.5646808510638298,0.7541984732824427,0,0,1
950,УИК №235,2882,1438,58,1455,753,"(55.871819, 37.542249)",2431,1398,45,1417,1027,0.5190839694656488,0.5175257731958763,0.5935828877005348,0.7247706422018348,0,0,1
951,УИК №236,2754,1544,33,1549,735,"(55.875344, 37.539706)",2457,1343,57,1380,1039,0.5726216412490922,0.4744996772111039,0.5698005698005698,0.7528985507246376,0,0,1
952,УИК №237,2772,1419,66,1452,769,"(55.875359, 37.541683)",2579,1399,48,1426,1031,0.5357142857142857,0.5296143250688705,0.5610701822411788,0.7230014025245441,0,0,1
953,УИК №238,2648,1451,45,1461,700,"(55.875359, 37.541683)",2631,1492,38,1507,1081,0.5649546827794562,0.4791238877481177,0.5815279361459521,0.7173191771731918,0,0,1
954,УИК №239,2768,1350,68,1398,697,"(55.874905, 37.55452)",2271,1302,74,1361,952,0.5122832369942196,0.4985693848354792,0.6059004843681197,0.6994856722997795,0,0,1
955,УИК №240,2752,1413,66,1448,763,"(55.875178, 37.555571)",2815,1602,63,1636,1121,0.5374273255813954,0.5269337016574586,0.5914742451154529,0.6852078239608802,0,0,1
956,УИК №241,2661,1457,59,1488,742,"(55.873678, 37.555975)",2017,1137,60,1181,781,0.5697106350995866,0.4986559139784946,0.593455627169063,0.6613039796782387,0,0,1
957,УИК №242,2751,1417,54,1446,704,"(55.873678, 37.555975)",2345,1370,51,1394,934,0.534714649218466,0.4868603042876901,0.6059701492537314,0.6700143472022956,0,0,1
958,УИК №243,2783,1460,67,1492,742,"(55.868263, 37.561437)",2989,1607,78,1661,1094,0.5486884656845131,0.4973190348525469,0.5637336901973904,0.658639373871162,0,0,1
959,УИК №244,2688,1502,60,1528,765,"(55.868263, 37.561437)",2938,1587,94,1639,1117,0.5811011904761905,0.5006544502617801,0.5721579305650102,0.6815131177547284,0,0,1
960,УИК №245,2696,1394,56,1418,689,"(55.861802, 37.562955)",2531,1534,58,1563,1053,0.537833827893175,0.4858956276445698,0.6290003951007507,0.6737044145873321,1,0,0
961,УИК №246,2413,1285,30,1289,575,"(55.857801, 37.56644)",2274,1256,84,1320,984,0.5449647741400746,0.4460822342901474,0.5892700087950747,0.7454545454545455,1,0,0
962,УИК №3240,246,237,0,234,128,"(nan, nan)",1670,1043,28,1053,781,0.9634146341463414,0.5470085470085471,0.641317365269461,0.741690408357075,0,0,1
963,УИК №3104,1803,1008,48,1030,466,"(55.997985, 37.220921)",1972,1153,43,1182,872,0.5856905158069884,0.4524271844660194,0.6064908722109533,0.7377326565143824,0,0,1
964,УИК №3105,1856,1024,51,1051,492,"(55.997985, 37.220921)",2057,1183,35,1189,862,0.5792025862068966,0.4681255946717412,0.5921244530870199,0.7249789739276703,0,0,1
965,УИК №3106,1724,936,23,942,482,"(55.997985, 37.220921)",2169,1243,27,1254,892,0.5562645011600929,0.5116772823779193,0.5855232826187183,0.7113237639553429,0,0,1
966,УИК №3107,1634,870,35,895,425,"(55.997985, 37.220921)",2256,1181,34,1208,873,0.5538555691554468,0.4748603351955307,0.538563829787234,0.722682119205298,0,0,1
967,УИК №3108,1737,1020,43,1044,491,"(55.997985, 37.220921)",2030,1181,35,1195,842,0.6119746689694876,0.4703065134099617,0.5990147783251232,0.704602510460251,0,0,1
968,УИК №3109,1077,621,32,642,328,"(55.99428, 37.222062)",1550,857,28,875,627,0.606313834726091,0.5109034267912772,0.5709677419354838,0.7165714285714285,0,0,1
969,УИК №3110,1150,679,48,713,335,"(55.99428, 37.222062)",895,503,4,497,350,0.6321739130434783,0.4698457223001402,0.5664804469273743,0.704225352112676,0,0,1
970,УИК №3111,1216,718,51,756,402,"(55.99428, 37.222062)",2423,1427,48,1451,999,0.6324013157894737,0.5317460317460317,0.6087494841106067,0.6884906960716747,0,0,1
971,УИК №3112,826,523,38,552,270,"(55.998056, 37.231629)",2012,1055,47,1094,770,0.6791767554479419,0.4891304347826087,0.547713717693837,0.7038391224862889,0,0,1
972,УИК №3113,749,477,36,496,244,"(55.998056, 37.231629)",2110,1107,58,1145,783,0.684913217623498,0.4919354838709677,0.5521327014218009,0.6838427947598253,0,0,1
973,УИК №3114,1235,765,50,799,393,"(55.998056, 37.231629)",2585,1360,41,1386,971,0.659919028340081,0.4918648310387985,0.541972920696325,0.7005772005772006,0,0,1
974,УИК №3115,1249,892,4,877,284,"(55.990056, 37.255327)",2684,1482,63,1521,1038,0.7173738991192954,0.3238312428734322,0.5756333830104322,0.6824457593688363,0,0,1
975,УИК №3116,1032,612,16,617,306,"(55.991566, 37.228234)",2188,1215,56,1258,902,0.6085271317829457,0.4959481361426256,0.5808957952468007,0.7170111287758346,0,0,1
976,УИК №3117,1023,625,7,621,310,"(55.991566, 37.228234)",2430,1381,55,1414,983,0.6177908113391984,0.499194847020934,0.5909465020576131,0.6951909476661952,0,0,1
977,УИК №3118,1067,570,47,604,326,"(55.991566, 37.228234)",2201,1427,30,1432,1015,0.5782567947516402,0.5397350993377483,0.6619718309859155,0.7087988826815642,0,0,1
978,УИК №3119,1129,696,25,707,387,"(55.991566, 37.228234)",1450,836,32,856,584,0.6386182462356067,0.5473833097595474,0.5986206896551725,0.6822429906542056,0,0,1
979,УИК №3120,1698,946,49,976,511,"(55.99143, 37.233534)",1062,792,3,784,560,0.5859835100117785,0.5235655737704918,0.748587570621469,0.7142857142857143,0,0,1
980,УИК №3121,519,293,29,316,153,"(55.99143, 37.233534)",2175,1214,34,1226,822,0.6204238921001927,0.4841772151898734,0.5737931034482758,0.6704730831973899,0,0,1
981,УИК №3122,1217,675,37,697,390,"(55.99143, 37.233534)",2215,1212,57,1244,808,0.5850451930977815,0.5595408895265424,0.5729119638826186,0.6495176848874598,0,0,1
982,УИК №3123,1085,591,52,635,351,"(55.99143, 37.233534)",2160,1229,59,1272,908,0.5926267281105991,0.552755905511811,0.5962962962962963,0.7138364779874213,0,0,1
983,УИК №3400,724,477,233,703,405,"(nan, nan)",1921,1252,29,1254,868,0.9806629834254144,0.5761024182076814,0.6668401874023946,0.6921850079744817,0,0,1
984,УИК №247,2243,1320,60,1336,597,"(55.8182309895839, 37.4962381459773)",1750,971,40,990,717,0.6152474364690147,0.4468562874251497,0.5777142857142857,0.7242424242424242,1,1,0
985,УИК №248,2709,1633,44,1621,718,"(55.8197355165597, 37.4911416135729)",2431,1423,62,1457,1019,0.6190476190476191,0.4429364589759407,0.6108597285067874,0.699382292381606,1,1,0
986,УИК №249,2183,1238,67,1275,537,"(55.8198079996664, 37.4912167154253)",2400,1366,66,1411,979,0.59780119102153,0.4211764705882353,0.5966666666666667,0.6938341601700921,1,1,0
987,УИК №250,2428,1461,55,1491,675,"(55.819808, 37.491045)",2769,1560,55,1564,1054,0.6243822075782537,0.4527162977867203,0.5832430480317804,0.6739130434782609,1,1,0
988,УИК №251,2498,1393,72,1434,552,"(55.829102, 37.491099)",2305,1364,73,1404,1004,0.5864691753402722,0.3849372384937238,0.6234273318872018,0.7150997150997151,0,0,1
989,УИК №252,2266,1314,42,1331,563,"(55.837803, 37.484406)",2127,1167,76,1228,877,0.5984112974404237,0.4229902329075883,0.5843911612599906,0.7141693811074918,0,1,0
990,УИК №253,2183,1245,48,1265,576,"(55.837803, 37.484406)",2445,1403,63,1435,1038,0.5923041685753551,0.4553359683794466,0.5995910020449898,0.7233449477351916,0,1,0
991,УИК №254,2601,1352,72,1390,714,"(55.835978, 37.506091)",2283,1329,69,1346,905,0.5474817377931565,0.5136690647482014,0.6123521681997371,0.6723625557206538,0,0,1
992,УИК №255,2438,1306,54,1330,617,"(55.829102, 37.491099)",2229,1312,44,1329,861,0.5578342904019689,0.4639097744360902,0.6083445491251682,0.6478555304740407,0,0,1
993,УИК №256,2463,1541,64,1584,779,"(55.820162, 37.50513)",2315,1301,72,1352,927,0.6516443361753959,0.4917929292929293,0.5930885529157668,0.6856508875739645,0,1,0
994,УИК №257,2623,1455,47,1470,631,"(55.824723, 37.515111)",2313,1388,84,1456,1075,0.5726267632481891,0.4292517006802721,0.6364029399048854,0.7383241758241759,0,0,1
995,УИК №258,2802,1686,49,1562,651,"(55.824723, 37.515111)",2268,1329,74,1358,993,0.6192005710206995,0.4167733674775928,0.6186067019400353,0.7312223858615611,0,0,1
996,УИК №259,2340,1296,51,1322,635,"(55.822938, 37.517195)",2553,1446,46,1473,1094,0.5756410256410256,0.4803328290468986,0.5844104974539757,0.7427019687712152,0,0,1
997,УИК №260,2138,1202,49,1223,559,"(55.816652, 37.519782)",2184,1239,68,1292,962,0.5851262862488307,0.4570727718724448,0.5984432234432234,0.7445820433436533,0,0,1
998,УИК №261,2569,1451,65,1489,679,"(55.8196, 37.511338)",2258,1256,69,1311,967,0.5901128843908136,0.4560107454667562,0.5868024800708592,0.7376048817696415,0,1,0
999,УИК №262,2393,1293,59,1311,547,"(55.8196, 37.511338)",2277,1350,46,1377,1050,0.5649811951525282,0.4172387490465293,0.6130873956960914,0.7625272331154684,0,1,0
1000,УИК №263,2264,1443,33,1441,545,"(55.818012, 37.506981)",2187,1085,76,1141,857,0.6519434628975265,0.3782095766828591,0.5308641975308642,0.7510955302366346,0,1,0
1001,УИК №264,2469,1466,58,1452,603,"(55.817471, 37.504879)",2522,1484,35,1487,1112,0.6172539489671932,0.4152892561983471,0.6022997620935765,0.7478143913920645,0,1,0
1002,УИК №3242,623,622,0,597,530,"(nan, nan)",1384,915,46,942,675,0.9983948635634028,0.8877721943048577,0.694364161849711,0.7165605095541401,0,0,1
1003,УИК №265,2448,1429,56,1450,678,"(55.861166, 37.570707)",2606,1589,42,1616,1173,0.6066176470588235,0.4675862068965517,0.625863392171911,0.7258663366336634,1,0,0
1004,УИК №266,2389,1364,57,1390,690,"(55.861166, 37.570707)",2175,1181,37,1203,892,0.5948095437421516,0.4964028776978417,0.56,0.741479634247714,1,0,0
1005,УИК №267,2629,1404,42,1424,716,"(55.862176, 37.566323)",2676,1573,29,1570,1159,0.5500190186382655,0.5028089887640449,0.5986547085201793,0.7382165605095541,1,0,0
1006,УИК №268,2411,1292,62,1320,657,"(55.862176, 37.566323)",2413,1293,52,1325,985,0.5615927001244297,0.4977272727272727,0.5573974305843349,0.7433962264150943,1,0,0
1007,УИК №269,2274,1412,64,1378,724,"(55.869309, 37.565668)",2509,1457,41,1477,1084,0.6490765171503958,0.525399129172714,0.5970506177760064,0.7339201083276913,0,0,1
1008,УИК №270,2353,1280,63,1316,675,"(55.869309, 37.565668)",2485,1546,45,1571,1147,0.5707607309817254,0.5129179331306991,0.6402414486921529,0.7301082113303629,0,0,1
1009,УИК №271,2133,1148,56,1180,617,"(55.870072, 37.567761)",2411,1413,63,1446,1038,0.5644631973745898,0.5228813559322034,0.6121941103276649,0.7178423236514523,0,0,1
1010,УИК №272,2642,1455,33,1453,712,"(55.870072, 37.567761)",2361,1367,49,1389,1018,0.5632096896290689,0.4900206469373709,0.5997458703939009,0.7329013678905687,0,0,1
1011,УИК №273,2382,1321,27,1314,630,"(55.872481, 37.566359)",2433,1395,41,1421,1089,0.5659109991603695,0.4794520547945205,0.5902178380600083,0.7663617171006334,0,0,1
1012,УИК №274,2435,1271,43,1281,685,"(55.872481, 37.566359)",2566,1523,41,1533,1161,0.5396303901437371,0.5347384855581577,0.6095089633671084,0.7573385518590998,0,0,1
1013,УИК №275,2601,1462,23,1443,701,"(55.872481, 37.566359)",2468,1468,76,1512,1127,0.5709342560553633,0.4857934857934858,0.6256077795786061,0.7453703703703703,0,0,1
1014,УИК №276,2477,1303,40,1325,637,"(55.877344, 37.562694)",2586,1316,75,1364,990,0.5421881308033912,0.4807547169811321,0.5378963650425367,0.7258064516129032,0,0,1
1015,УИК №277,2686,1525,22,1522,699,"(55.877344, 37.562694)",2157,1312,46,1344,1022,0.5759493670886076,0.4592641261498029,0.6295781177561428,0.7604166666666666,0,0,1
1016,УИК №278,2210,1748,31,1621,758,"(55.877344, 37.562694)",2541,1467,44,1492,1119,0.8049773755656109,0.4676125848241826,0.5946477764659582,0.75,0,0,1
1017,УИК №279,2905,1763,47,1766,748,"(55.881662, 37.562209)",2802,1713,58,1742,1323,0.6230636833046471,0.4235560588901472,0.6320485367594575,0.7594718714121699,0,0,1
1018,УИК №280,2531,1505,41,1468,728,"(55.881258, 37.554825)",2583,1638,43,1658,1207,0.6108257605689451,0.4959128065395095,0.6507936507936508,0.7279855247285887,0,0,1
1019,УИК №281,2627,1427,49,1451,734,"(55.881258, 37.554825)",2430,1451,41,1467,1079,0.5618576322801675,0.5058580289455548,0.6139917695473252,0.7355146557600545,0,0,1
1020,УИК №282,2705,1495,34,1497,733,"(55.881258, 37.554825)",2325,1264,39,1281,915,0.5652495378927911,0.4896459585838343,0.5604301075268817,0.7142857142857143,0,0,1
1021,УИК №283,2440,1317,64,1345,708,"(55.881662, 37.562209)",2726,1678,66,1727,1266,0.565983606557377,0.5263940520446097,0.6397652237710931,0.7330631152287204,0,0,1
1022,УИК №284,2565,1310,61,1324,635,"(55.885953, 37.560916)",2516,1472,88,1524,1064,0.5345029239766081,0.479607250755287,0.6200317965023847,0.6981627296587927,0,0,1
1023,УИК №285,2233,1282,43,1291,664,"(55.885953, 37.560916)",3360,1976,75,2006,1424,0.593372145096283,0.5143299767621998,0.6104166666666667,0.7098703888334995,0,0,1
1024,УИК №286,2421,1382,49,1399,700,"(55.885953, 37.560916)",2628,1561,76,1614,1155,0.5910780669144982,0.5003573981415297,0.6229071537290716,0.7156133828996283,0,0,1
1025,УИК №287,2636,1508,46,1517,762,"(55.891451, 37.560763)",2678,1507,67,1545,1093,0.5895295902883156,0.5023071852340145,0.5877520537714712,0.7074433656957929,0,0,1
1026,УИК №288,2817,1669,29,1663,773,"(55.891451, 37.560763)",2839,1669,54,1687,1198,0.6027689030883919,0.4648226097414311,0.6069038393800634,0.7101363366923533,0,0,1
1027,УИК №289,2007,1121,29,1130,583,"(55.8437909489989, 37.5230065919459)",2568,1411,91,1473,1023,0.57299451918286,0.515929203539823,0.5848909657320872,0.6945010183299389,1,0,0
1028,УИК №290,2648,1338,29,1322,636,"(55.845087, 37.520986)",2463,1500,39,1509,1015,0.5162386706948641,0.481089258698941,0.6248477466504263,0.6726308813783963,1,0,0
1029,УИК №291,2687,1534,43,1548,725,"(55.846851, 37.516844)",2337,1398,74,1443,1044,0.5868998883513212,0.4683462532299741,0.629867351305092,0.7234927234927235,1,0,0
1030,УИК №292,2488,1488,59,1514,616,"(55.846851, 37.516844)",2413,1318,84,1384,994,0.6217845659163987,0.4068692206076618,0.5810194778284293,0.7182080924855492,1,0,0
1031,УИК №293,2748,1474,74,1511,738,"(55.844172, 37.499938)",1970,1041,78,1104,799,0.5633187772925764,0.4884182660489742,0.5680203045685279,0.7237318840579711,0,1,0
1032,УИК №294,2597,1438,53,1451,670,"(55.844218, 37.490272)",2206,1109,54,1144,863,0.5741239892183289,0.461750516884907,0.5271985494106981,0.7543706293706294,0,1,0
1033,УИК №295,2783,1604,44,1603,707,"(55.843843, 37.488556)",2251,1205,57,1254,928,0.5921667265540783,0.4410480349344978,0.5606397156819192,0.7400318979266348,0,1,0
1034,УИК №296,2763,1527,47,1538,692,"(55.845895, 37.481145)",2151,1198,88,1272,942,0.5696706478465436,0.4499349804941482,0.597861459786146,0.7405660377358491,0,1,0
1035,УИК №297,2713,1453,84,1499,632,"(55.845895, 37.481145)",2447,1336,70,1377,1009,0.5665315149281238,0.4216144096064043,0.5745811197384553,0.7327523602033406,0,1,0
1036,УИК №298,2487,1533,30,1521,634,"(55.847937, 37.485951)",2611,1444,66,1484,1074,0.6284680337756333,0.4168310322156476,0.5783224818077365,0.7237196765498652,0,1,0
1037,УИК №299,2471,1450,62,1479,701,"(55.847937, 37.485951)",2692,1584,62,1613,1161,0.6118980169971672,0.4739688979039891,0.611441307578009,0.7197768133911965,0,1,0
1038,УИК №300,2522,1290,73,1341,583,"(55.849782, 37.494575)",2461,1437,45,1470,1037,0.5404440919904837,0.4347501864280387,0.6021942299878098,0.7054421768707483,0,0,1
1039,УИК №301,2159,1098,59,1136,530,"(55.848235, 37.498743)",2694,1485,73,1533,1099,0.5358962482630848,0.4665492957746479,0.5783221974758723,0.7168949771689498,0,0,1
1040,УИК №302,2264,1164,76,1214,575,"(55.853572, 37.507843)",2788,1682,46,1706,1207,0.5477031802120141,0.4736408566721581,0.6197991391678622,0.7075029308323564,0,0,1
1041,УИК №303,2422,1289,49,1311,632,"(55.853572, 37.507843)",2356,1338,64,1346,944,0.5524360033030553,0.4820747520976354,0.5950764006791172,0.7013372956909361,0,0,1
1042,УИК №304,2378,1331,87,1385,640,"(55.854734, 37.507996)",2414,1376,61,1407,1017,0.5962994112699748,0.4620938628158845,0.5952775476387738,0.7228144989339019,0,0,1
1043,УИК №305,2571,1336,54,1371,655,"(55.854734, 37.507996)",2177,1226,72,1279,949,0.5406456631660832,0.4777534646243618,0.5962333486449242,0.7419859265050821,0,0,1
1044,УИК №306,2557,1292,66,1319,641,"(55.851485, 37.509101)",2322,1334,69,1386,1036,0.5310911224090731,0.4859742228961334,0.6042204995693368,0.7474747474747475,0,0,1
1045,УИК №307,2750,1487,56,1519,678,"(55.845087, 37.520986)",2039,1127,73,1169,881,0.5610909090909091,0.4463462804476629,0.588523786169691,0.7536355859709153,1,0,0
1046,УИК №308,2539,1501,25,1498,593,"(55.85436, 37.517015)",2810,1565,72,1621,1259,0.6010240252067743,0.3958611481975967,0.5825622775800712,0.7766810610734115,0,0,1
1047,УИК №309,2798,1429,37,1434,643,"(55.85916, 37.524758)",2318,1188,85,1257,958,0.5239456754824875,0.4483960948396094,0.5491803278688525,0.762132060461416,0,0,1
1048,УИК №310,2537,1340,37,1351,652,"(55.86159, 37.513188)",2688,1493,66,1533,1146,0.5427670476941269,0.4826054774241303,0.5799851190476191,0.7475538160469667,0,0,1
1049,УИК №311,2392,1259,33,1266,573,"(55.8621, 37.510358)",2234,1284,85,1257,980,0.540133779264214,0.45260663507109,0.6128021486123545,0.7796340493237868,0,0,1
1050,УИК №312,2458,1294,48,1315,644,"(55.8653545359198, 37.5143507681787)",2649,1546,43,1576,1168,0.5459723352318958,0.4897338403041825,0.599848999622499,0.7411167512690355,0,0,1
1051,УИК №313,2155,1095,64,1130,579,"(55.864636, 37.515245)",2185,1327,54,1359,1055,0.5378190255220417,0.5123893805309735,0.6320366132723112,0.7763061074319353,0,0,1
1052,УИК №314,2404,1306,45,1324,664,"(55.856851, 37.516701)",2085,1173,22,1159,897,0.5619800332778702,0.5015105740181269,0.5731414868105515,0.7739430543572045,0,0,1
1053,УИК №315,2141,1087,66,1137,614,"(55.881899, 37.52209)",2413,1383,78,1445,1107,0.5385333956095283,0.5400175901495162,0.6054703688354746,0.7660899653979238,0,0,1
1054,УИК №316,2123,1047,49,1083,581,"(55.881899, 37.52209)",2561,1547,44,1566,1206,0.5162505887894488,0.5364727608494921,0.6212417024599766,0.7701149425287356,0,0,1
1055,УИК №317,2523,1229,64,1273,676,"(55.884115, 37.523016)",2291,1376,50,1384,1068,0.5124851367419738,0.5310290652003142,0.6224356176342208,0.7716763005780347,0,0,1
1056,УИК №318,2741,1431,80,1481,759,"(55.884115, 37.523016)",2327,1393,66,1433,1073,0.5512586647209048,0.512491559756921,0.6269875376020627,0.7487787857641311,0,0,1
1057,УИК №319,2285,1242,66,1210,610,"(55.886064, 37.518021)",2730,1493,69,1542,1185,0.5724288840262582,0.5041322314049587,0.5721611721611721,0.7684824902723736,0,0,1
1058,УИК №320,2612,1379,43,1397,784,"(55.889396, 37.52492)",2067,1224,50,1260,1002,0.5444104134762634,0.5612025769506085,0.6163522012578616,0.7952380952380952,0,0,1
1059,УИК №321,2227,1268,54,1294,738,"(55.889396, 37.52492)",2406,1263,80,1327,1006,0.593623709025595,0.5703245749613601,0.558187863674148,0.7581009796533534,0,0,1
1060,УИК №322,2173,1130,23,1130,627,"(55.892309, 37.540003)",2302,1254,62,1296,923,0.5306028531983433,0.5548672566371682,0.5716768027801912,0.7121913580246914,0,0,1
1061,УИК №323,2583,1420,42,1433,714,"(55.889396, 37.52492)",2329,1260,60,1302,988,0.5660085172280295,0.4982554082344731,0.5667668527264921,0.7588325652841782,0,0,1
1062,УИК №324,2615,1467,39,1470,769,"(55.893127, 37.533283)",2720,1552,64,1599,1189,0.5759082217973231,0.5231292517006803,0.5941176470588235,0.7435897435897436,0,0,1
1063,УИК №325,2260,1222,49,1250,693,"(55.896403, 37.532924)",2527,1433,64,1481,1127,0.5623893805309734,0.5544,0.592402057776019,0.7609723160027009,0,0,1
1064,УИК №326,2416,1293,74,1341,693,"(55.896403, 37.532924)",2631,1442,82,1510,1157,0.5658112582781457,0.5167785234899329,0.5792474344355758,0.7662251655629139,0,0,1
1065,УИК №327,2771,1344,73,1392,757,"(55.895454, 37.538018)",2599,1314,94,1393,1047,0.5113677372789607,0.5438218390804598,0.5417468257021931,0.7516152189519024,0,0,1
1066,УИК №328,2258,1194,71,1246,679,"(55.895454, 37.538018)",2188,1136,62,1187,915,0.5602302922940655,0.5449438202247191,0.5475319926873857,0.7708508845829823,0,0,1
1067,УИК №329,2348,1272,66,1321,683,"(55.892309, 37.540003)",2580,1500,79,1517,1122,0.5698466780238501,0.5170325510976533,0.612015503875969,0.7396176664469347,0,0,1
1068,УИК №330,2303,1237,63,1268,596,"(55.887291, 37.537425)",2357,1320,75,1364,1018,0.5644811115935736,0.4700315457413249,0.5918540517607128,0.7463343108504399,0,0,1
1069,УИК №331,2569,1296,42,1304,665,"(55.886327, 37.537245)",2536,1464,77,1524,1150,0.5208252238224991,0.5099693251533742,0.6076498422712934,0.7545931758530183,0,0,1
1070,УИК №332,2694,1430,51,1447,727,"(55.885181, 37.537119)",2614,1390,90,1464,1070,0.5497401633259095,0.502418797512094,0.5661820964039785,0.7308743169398907,0,0,1
1071,УИК №333,2525,1513,48,1445,726,"(55.885181, 37.537119)",2509,1431,81,1491,1121,0.6182178217821782,0.5024221453287198,0.60263053009167,0.7518443997317237,0,0,1
1072,УИК №334,2737,1437,70,1465,755,"(55.88249, 37.53437)",2551,1414,58,1444,1065,0.5506028498355864,0.515358361774744,0.5770286162289299,0.7375346260387812,0,0,1
1073,УИК №335,2758,1329,83,1310,633,"(55.88249, 37.53437)",166,85,67,146,143,0.5119651921682379,0.483206106870229,0.9156626506024096,0.9794520547945206,0,0,1
1074,УИК №336,2289,1085,41,1106,581,"(55.88249, 37.53437)",2773,1593,82,1631,1201,0.491917868064657,0.5253164556962026,0.6040389469888208,0.73635806253832,0,0,1
1075,УИК №3243,538,234,304,538,453,"(nan, nan)",1024,608,26,624,447,1.0,0.8420074349442379,0.619140625,0.7163461538461539,0,0,1
1076,УИК №337,2392,1274,60,1302,661,"(55.864111, 37.540533)",2966,1645,102,1721,1277,0.5576923076923077,0.5076804915514593,0.5890087660148348,0.7420104590354445,0,0,1
1077,УИК №338,2408,1244,65,1274,660,"(55.864111, 37.540533)",2777,1607,67,1660,1203,0.5436046511627907,0.5180533751962323,0.6028087864602089,0.7246987951807229,0,0,1
1078,УИК №339,2613,1390,76,1435,733,"(55.866809, 37.534308)",2875,1642,74,1691,1243,0.5610409491006506,0.510801393728223,0.5968695652173913,0.7350680070963926,0,0,1
1079,УИК №340,2628,1296,70,1342,700,"(55.866809, 37.534308)",2775,1603,85,1671,1254,0.5197869101978692,0.5216095380029806,0.6082882882882883,0.7504488330341114,0,0,1
1080,УИК №341,2619,1392,71,1427,742,"(55.867041, 37.529582)",2822,1694,52,1729,1280,0.5586101565483009,0.5199719691660827,0.6187101346562721,0.7403123192596877,0,0,1
1081,УИК №342,2447,1296,50,1303,657,"(55.867041, 37.529582)",2697,1495,73,1554,1179,0.55006129955047,0.5042210283960092,0.5813867259918428,0.7586872586872587,0,0,1
1082,УИК №343,2667,1419,72,1463,713,"(55.874536, 37.520572)",2958,1801,74,1779,1321,0.5590551181102362,0.4873547505126452,0.6338742393509128,0.7425519955030916,0,0,1
1083,УИК №344,2789,1360,104,1438,707,"(55.874536, 37.520572)",2519,1346,128,1421,1058,0.52491932592327,0.4916550764951321,0.5851528384279476,0.7445460942997889,0,0,1
1084,УИК №345,2740,1456,59,1477,715,"(55.874339, 37.519306)",2763,1532,64,1574,1164,0.5529197080291971,0.4840893703452945,0.5776330076004343,0.7395171537484116,0,0,1
1085,УИК №346,2701,1406,49,1413,654,"(55.874339, 37.519306)",2203,1353,49,1392,1053,0.5386893743058127,0.4628450106157112,0.6364049024058103,0.7564655172413793,0,0,1
1086,УИК №347,2697,1383,76,1444,697,"(55.8729, 37.510781)",1971,1206,29,1187,899,0.5409714497589915,0.4826869806094183,0.6265854895991883,0.7573715248525695,0,0,1
1087,УИК №348,2425,1318,80,1360,626,"(55.8729, 37.510781)",1967,1051,29,1065,802,0.5764948453608247,0.4602941176470588,0.5490594814438231,0.7530516431924883,0,0,1
1088,УИК №349,2623,1396,26,1396,681,"(55.878501, 37.514185)",2307,1273,21,1278,978,0.5421273351124667,0.4878223495702006,0.5609016038144776,0.7652582159624414,0,0,1
1089,УИК №350,2522,1415,35,1388,635,"(55.878501, 37.514185)",2190,1186,37,1196,897,0.5749405233941316,0.4574927953890489,0.5584474885844749,0.75,0,0,1
1090,УИК №351,2560,1272,121,1354,695,"(55.878501, 37.514185)",2625,1449,69,1507,1012,0.544140625,0.5132939438700148,0.5782857142857143,0.6715328467153284,0,0,1
1091,УИК №352,2908,1409,73,1461,769,"(55.878501, 37.514185)",2453,1408,54,1446,1021,0.5096286107290234,0.5263518138261465,0.5960048919690175,0.7060857538035962,0,0,1
1092,УИК №353,2458,1373,25,1365,643,"(55.882429, 37.492428)",2751,1623,83,1670,1177,0.5687550854353133,0.471062271062271,0.6201381315885133,0.7047904191616766,1,0,0
1093,УИК №354,2136,1216,31,1193,598,"(55.882429, 37.492428)",2376,1493,63,1530,1083,0.5838014981273408,0.501257334450964,0.6548821548821548,0.707843137254902,1,0,0
1094,УИК №355,2099,1034,26,1033,524,"(55.882429, 37.492428)",2503,1354,91,1433,1021,0.505002382086708,0.5072604065827686,0.5773072313224131,0.7124912770411723,1,0,0
1095,УИК №356,2257,1134,20,1123,543,"(55.8836, 37.492042)",1937,1045,67,1043,793,0.511298183429331,0.4835262689225289,0.574083634486319,0.7603068072866731,1,0,0
1096,УИК №357,2439,1163,18,1163,606,"(55.8831343851409, 37.4921278283)",2531,1373,47,1402,1028,0.4842148421484215,0.5210662080825451,0.5610430659818254,0.7332382310984308,1,0,0
1097,УИК №3244,355,344,11,354,271,"(nan, nan)",1151,705,40,741,554,1.0,0.7655367231638418,0.6472632493483927,0.747638326585695,0,0,1
1098,УИК №3245,247,231,16,247,225,"(nan, nan)",1145,680,57,731,556,1.0,0.9109311740890688,0.6436681222707423,0.7606019151846786,0,0,1
1099,УИК №358,2665,1470,62,1503,653,"(55.815848, 37.527606)",2862,1692,91,1702,1162,0.574859287054409,0.4344644045242847,0.6229909154437456,0.6827262044653349,0,0,1
1100,УИК №359,2997,1725,48,1731,706,"(55.824921, 37.523932)",2802,1637,40,1651,1137,0.5915915915915916,0.4078567302137493,0.5985010706638115,0.6886735311932163,0,0,1
1101,УИК №360,2489,1405,46,1434,599,"(55.827661, 37.519225)",2286,1233,37,1262,967,0.5829650462032945,0.4177126917712692,0.5555555555555556,0.7662440570522979,0,0,1
1102,УИК №361,2388,1428,59,1465,724,"(55.827661, 37.519225)",2606,1396,80,1465,1106,0.6226968174204355,0.49419795221843,0.5663852647735994,0.7549488054607508,0,0,1
1103,УИК №362,2635,1391,51,1411,652,"(55.828758, 37.526887)",2493,1308,76,1357,940,0.5472485768500949,0.4620836286321758,0.5551544324107501,0.6927044952100221,0,0,1
1104,УИК №363,2027,1081,44,1107,574,"(55.838597, 37.519908)",2686,1431,81,1453,1005,0.555007400098668,0.5185185185185185,0.5629188384214445,0.6916724019270475,1,0,0
1105,УИК №364,2667,1346,58,1374,599,"(55.834168, 37.52554)",2703,1426,59,1464,1065,0.5264341957255343,0.4359534206695779,0.5493895671476138,0.7274590163934426,1,0,0
1106,УИК №365,2738,1526,76,1574,688,"(55.83846, 37.527229)",2613,1410,67,1406,1020,0.5850986121256392,0.4371029224904701,0.5652506697282816,0.7254623044096729,1,0,0
1107,УИК №366,2959,1642,35,1642,712,"(55.842565, 37.533391)",2624,1334,80,1390,1033,0.5667455221358567,0.4336175395858709,0.5388719512195121,0.7431654676258993,1,0,0
1108,УИК №367,2359,1101,26,1103,566,"(55.841741, 37.541898)",2550,1445,82,1494,1093,0.4777448071216617,0.5131459655485041,0.5988235294117648,0.7315930388219545,0,0,1
1109,УИК №368,2856,1549,45,1554,773,"(55.84445, 37.551744)",2957,1665,45,1693,1197,0.5581232492997199,0.4974259974259974,0.5782888062225229,0.707028942705257,0,0,1
1110,УИК №369,2535,1362,46,1366,590,"(55.84445, 37.551744)",2811,1700,73,1754,1305,0.5554240631163708,0.431918008784773,0.6307363927427961,0.7440136830102623,0,0,1
1111,УИК №370,2282,1207,61,1236,559,"(55.8445406012987, 37.5519897043705)",2489,1425,79,1493,1093,0.5556529360210342,0.4522653721682848,0.6042587384491763,0.7320830542531815,0,0,1
1112,УИК №371,2552,1285,51,1305,611,"(55.8445406012987, 37.5519897043705)",2105,1188,62,1198,867,0.5235109717868338,0.4681992337164751,0.5938242280285035,0.7237061769616027,0,0,1
1113,УИК №372,2698,1421,37,1403,674,"(55.841741, 37.541898)",2435,1438,35,1449,1029,0.5404002965159377,0.4803991446899501,0.6049281314168378,0.7101449275362319,0,0,1
1114,УИК №373,2658,1280,99,1342,706,"(55.838541, 37.533688)",2637,1463,84,1516,1032,0.5188111361926261,0.526080476900149,0.5866514979142965,0.6807387862796834,1,0,0
1115,УИК №374,2439,1357,45,1351,628,"(55.838541, 37.533688)",2446,1251,69,1307,929,0.5748257482574826,0.464840858623242,0.5396565821749796,0.7107880642693191,1,0,0
1116,УИК №375,2776,1608,44,1590,696,"(55.836888, 37.535475)",2091,1107,97,1182,795,0.5951008645533141,0.4377358490566038,0.5758010521281683,0.6725888324873096,1,0,0
1117,УИК №376,2750,1627,47,1653,761,"(55.836135, 37.527157)",2305,1308,48,1328,910,0.6087272727272727,0.4603750756200847,0.5882863340563992,0.6852409638554217,1,0,0
1118,УИК №377,2593,1439,50,1462,719,"(55.833203, 37.528909)",2931,1635,68,1652,1136,0.5742383339760895,0.4917920656634746,0.5810303650631183,0.6876513317191283,1,0,0
1119,УИК №378,2202,1212,39,1212,552,"(55.828758, 37.526887)",2776,1579,83,1633,1132,0.5681198910081744,0.4554455445544554,0.5987031700288185,0.6932026944274342,0,0,1
1120,УИК №379,2517,1453,41,1438,619,"(55.824921, 37.523932)",2640,1406,72,1445,1012,0.5935637663885578,0.4304589707927677,0.5598484848484848,0.7003460207612456,0,0,1
1121,УИК №380,2140,1294,46,1311,575,"(55.822883, 37.529367)",2204,1292,80,1346,974,0.6261682242990654,0.4385964912280701,0.6225045372050817,0.7236255572065379,0,0,1
1122,УИК №381,2350,1272,38,1290,646,"(55.822883, 37.529367)",2774,1635,89,1683,1247,0.5574468085106383,0.5007751937984496,0.6214852198990627,0.7409387997623291,0,0,1
1123,УИК №3246,172,172,0,167,79,"(nan, nan)",809,539,40,573,435,1.0,0.4730538922155688,0.715698393077874,0.7591623036649214,0,0,1
1124,УИК №3247,420,409,0,404,221,"(nan, nan)",762,470,19,485,355,0.9738095238095238,0.5470297029702971,0.6417322834645669,0.7319587628865979,0,0,1
1125,УИК №382,2518,1353,112,1415,613,"(55.857978, 37.465892)",2704,1484,58,1530,1130,0.5818109610802223,0.4332155477031802,0.5702662721893491,0.738562091503268,1,1,0
1126,УИК №383,2864,1591,141,1699,774,"(55.856141289019, 37.4730524607003)",3049,1806,68,1834,1295,0.6047486033519553,0.455562095350206,0.6146277468022302,0.7061068702290076,1,1,0
1127,УИК №384,2914,1560,90,1627,734,"(55.856093, 37.473267)",2746,1469,108,1559,1091,0.5662319835277968,0.4511370620774431,0.5742898761835397,0.699807568954458,1,1,0
1128,УИК №385,2765,1568,59,1585,694,"(55.865919, 37.467886)",3142,1820,71,1862,1326,0.5884267631103074,0.4378548895899053,0.6018459579885423,0.7121374865735768,1,0,0
1129,УИК №386,2567,1352,54,1371,599,"(55.868182, 37.468551)",2773,1569,69,1582,1047,0.5477210751850409,0.436907366885485,0.5906959971150378,0.6618204804045512,1,0,0
1130,УИК №387,2388,1404,123,1495,787,"(55.87337, 37.465236)",697,419,12,421,303,0.6394472361809045,0.5264214046822743,0.6183644189383071,0.7197149643705463,0,0,1
1131,УИК №388,2508,1412,46,1429,661,"(55.87337, 37.465236)",896,620,177,775,647,0.5813397129186603,0.4625612316305108,0.8895089285714286,0.8348387096774194,0,0,1
1132,УИК №389,2627,1508,128,1606,847,"(55.868182, 37.468551)",2996,1884,96,1946,1502,0.6227636086791016,0.5273972602739726,0.6608811748998665,0.7718396711202467,1,0,0
1133,УИК №390,2551,1308,42,1316,579,"(55.867086, 37.476169)",2539,1399,61,1417,927,0.529204233633869,0.4399696048632219,0.575029539188657,0.6541990119971771,1,0,0
1134,УИК №391,2742,1541,83,1574,661,"(55.860171, 37.479232)",2134,1058,124,1167,792,0.5922684172137126,0.4199491740787802,0.5538894095595126,0.6786632390745502,1,1,0
1135,УИК №393,2689,1495,50,1429,650,"(55.860171, 37.479232)",2879,1645,63,1676,1126,0.5745630345853477,0.4548635409377187,0.5932615491490101,0.6718377088305489,1,1,0
1136,УИК №394,2498,1595,42,1603,590,"(55.85674, 37.486454)",2252,1214,55,1250,860,0.655324259407526,0.3680598877105427,0.5634991119005328,0.688,0,1,0
1137,УИК №3248,497,343,42,374,296,"(nan, nan)",1055,649,50,692,507,0.7746478873239436,0.7914438502673797,0.6625592417061611,0.7326589595375722,0,0,1
1138,УИК №3249,774,391,383,771,583,"(nan, nan)",1797,1151,81,1208,868,1.0,0.7561608300907912,0.6855870895937674,0.7185430463576159,0,0,1
1139,УИК №3250,82,82,0,76,61,"(nan, nan)",1031,650,24,667,494,1.0,0.8026315789473685,0.6537342386032978,0.7406296851574213,0,0,1
1140,УИК №395,2182,978,120,1073,549,"(55.923539, 37.387424)",2421,1325,74,1380,993,0.5032080659945004,0.5116495806150979,0.5778603882693102,0.7195652173913043,0,0,1
1141,УИК №396,2409,1354,31,1358,567,"(55.798024, 37.559954)",2462,1337,53,1375,979,0.5749273557492736,0.4175257731958763,0.5645816409423233,0.712,1,1,0
1142,УИК №397,2217,1154,110,1224,556,"(55.802396, 37.561158)",2412,1238,83,1301,906,0.5701398285972035,0.4542483660130719,0.5476782752902156,0.6963873943120676,0,0,1
1143,УИК №398,2192,1191,58,1220,535,"(55.796395, 37.565623)",2124,1180,48,1198,875,0.5697992700729927,0.4385245901639344,0.5781544256120528,0.7303839732888147,1,1,0
1144,УИК №399,2785,1525,42,1533,635,"(55.797954, 37.573851)",3284,1913,101,1976,1316,0.562657091561939,0.4142204827136334,0.6132764920828259,0.6659919028340081,1,1,0
1145,УИК №400,2364,1209,31,1210,513,"(55.802396, 37.561158)",2500,1588,60,1624,1148,0.5245346869712352,0.4239669421487603,0.6592,0.7068965517241379,0,0,1
1146,УИК №401,2462,1281,47,1305,649,"(55.805948, 37.576205)",3102,1944,79,1997,1356,0.5393988627132412,0.4973180076628352,0.6521598968407479,0.6790185277916875,0,1,0
1147,УИК №402,2657,1464,60,1498,671,"(55.805948, 37.576205)",2424,1379,86,1439,998,0.5735792246894994,0.4479305740987984,0.6043729372937293,0.6935371785962474,0,1,0
1148,УИК №403,2648,1220,48,1220,548,"(55.803226, 37.575298)",2600,1395,83,1451,978,0.4788519637462236,0.4491803278688525,0.5684615384615385,0.6740179186767746,0,1,0
1149,УИК №404,2192,1210,37,1219,543,"(55.797954, 37.573851)",2961,1690,71,1724,1139,0.5688868613138686,0.4454470877768662,0.5947315096251267,0.6606728538283063,1,1,0
1150,УИК №405,2657,1428,47,1450,691,"(55.797802, 37.581164)",2502,1468,53,1502,954,0.5551373729770418,0.476551724137931,0.6079136690647482,0.6351531291611185,1,1,0
1151,УИК №406,2784,1718,31,1698,825,"(55.792938, 37.579232)",2141,1173,73,1205,805,0.6282327586206896,0.4858657243816254,0.5819710415693601,0.6680497925311203,1,1,0
1152,УИК №407,2777,1622,87,1604,723,"(55.797356, 37.574381)",2263,1302,77,1361,863,0.6154123154483255,0.4507481296758104,0.6093680954485197,0.6340925789860397,1,1,0
1153,УИК №408,2427,1369,51,1394,644,"(55.792336, 37.573483)",2407,1388,45,1409,903,0.5850844664194479,0.4619799139167862,0.5953469048608226,0.6408800567778566,1,1,0
1154,УИК №409,2670,1415,38,1413,604,"(55.793677, 37.573088)",2738,1462,41,1409,907,0.5441947565543072,0.4274593064401981,0.5489408327246165,0.6437189496096523,1,1,0
1155,УИК №410,2871,1613,56,1629,676,"(55.796284, 37.568399)",1948,1108,34,1122,782,0.5813305468477882,0.4149785144260282,0.5862422997946611,0.696969696969697,1,1,0
1156,УИК №3251,200,196,0,191,102,"(nan, nan)",1084,678,15,686,486,0.98,0.5340314136125655,0.6392988929889298,0.7084548104956269,0,0,1
1157,УИК №3252,564,450,0,441,253,"(nan, nan)",1009,650,36,675,536,0.7978723404255319,0.5736961451247166,0.6798810703666998,0.794074074074074,0,0,1
1158,УИК №411,2502,1503,48,1523,525,"(55.794143, 37.506783)",2196,1312,47,1348,892,0.6199040767386091,0.3447143795141169,0.6188524590163934,0.6617210682492581,1,1,0
1159,УИК №412,2228,1288,63,1304,535,"(55.795975, 37.505651)",1863,1092,60,1141,735,0.6063734290843806,0.4102760736196319,0.6183574879227053,0.6441717791411042,1,1,0
1160,УИК №413,2254,1353,62,1387,567,"(55.795975, 37.505651)",2715,1574,70,1597,1021,0.6277728482697427,0.4087959625090122,0.605524861878453,0.6393237319974953,1,1,0
1161,УИК №414,2544,1475,46,1475,592,"(55.802295, 37.497872)",2196,1231,73,1264,820,0.597877358490566,0.4013559322033898,0.5938069216757741,0.6487341772151899,1,1,0
1162,УИК №415,2972,1528,23,1527,582,"(55.804764, 37.497863)",2729,1580,66,1621,1049,0.5218707940780619,0.381139489194499,0.6031513374862587,0.6471314003701419,1,0,0
1163,УИК №416,2067,1161,23,1154,491,"(55.812064, 37.490389)",2138,1208,51,1235,781,0.5728108369617804,0.4254766031195841,0.5888681010289991,0.6323886639676113,1,1,0
1164,УИК №417,2054,1276,31,1270,443,"(55.809975, 37.496515)",2198,1291,66,1325,851,0.6363193768257059,0.3488188976377953,0.6173794358507735,0.6422641509433962,1,1,0
1165,УИК №418,1793,1064,44,1078,406,"(55.810602, 37.499058)",2484,1392,61,1432,932,0.6179587283881762,0.3766233766233766,0.5849436392914654,0.6508379888268156,1,1,0
1166,УИК №419,2494,1434,40,1428,521,"(55.805518, 37.500612)",2599,1555,63,1568,1040,0.591018444266239,0.3648459383753501,0.6225471335128896,0.6632653061224489,1,1,0
1167,УИК №420,2206,1271,52,1282,496,"(55.799684, 37.508418)",2457,1407,67,1451,990,0.599728014505893,0.3868954758190328,0.5999185999186,0.6822880771881461,1,1,0
1168,УИК №421,2522,1484,26,1465,523,"(55.802508, 37.515515)",2570,1505,86,1570,1128,0.598731165741475,0.3569965870307167,0.6190661478599222,0.7184713375796178,0,1,0
1169,УИК №422,2156,1259,55,1276,461,"(55.801212, 37.519108)",2451,1446,45,1463,984,0.6094619666048238,0.3612852664576803,0.6083231334149327,0.6725905673274094,0,1,0
1170,УИК №423,2278,1342,24,1332,456,"(55.798272, 37.515461)",2489,1342,99,1415,998,0.5996488147497805,0.3423423423423423,0.5789473684210527,0.7053003533568905,1,1,0
1171,УИК №424,2500,1446,46,1463,527,"(55.794173, 37.516341)",2424,1318,62,1358,936,0.5968,0.3602187286397812,0.5693069306930693,0.6892488954344624,1,0,0
1172,УИК №3253,47,46,0,46,21,"(nan, nan)",1056,655,28,673,498,0.9787234042553192,0.4565217391304347,0.646780303030303,0.7399702823179792,0,0,1
1173,УИК №3254,113,113,0,110,60,"(nan, nan)",1610,926,62,974,735,1.0,0.5454545454545454,0.613664596273292,0.7546201232032854,0,0,1
1174,УИК №425,2696,1620,34,1621,627,"(55.809054, 37.572351)",2218,1308,63,1280,880,0.6135014836795252,0.3867982726711906,0.6181244364292156,0.6875,0,1,0
1175,УИК №426,2430,1354,41,1358,586,"(55.806191, 37.560466)",2561,1471,90,1538,1056,0.5740740740740741,0.4315169366715758,0.6095275283092542,0.6866059817945384,0,0,1
1176,УИК №427,2597,1509,48,1522,686,"(55.808447, 37.560754)",2116,1233,53,1272,829,0.5995379283788987,0.4507227332457293,0.6077504725897921,0.6517295597484277,0,0,1
1177,УИК №428,2818,1449,47,1441,608,"(55.812631, 37.560395)",2675,1606,75,1642,1092,0.5308729595457772,0.4219292158223456,0.628411214953271,0.6650426309378806,0,0,1
1178,УИК №429,2448,1355,49,1368,595,"(55.808447, 37.560754)",1844,1005,43,1034,734,0.5735294117647058,0.4349415204678362,0.5683297180043384,0.7098646034816247,0,0,1
1179,УИК №430,2383,1329,54,1344,589,"(55.812631, 37.560395)",2189,1199,52,1231,891,0.580360889634914,0.4382440476190476,0.5714938328003655,0.7238017871649066,0,0,1
1180,УИК №431,2146,1228,50,1241,571,"(55.813334, 37.568929)",2215,1119,66,1162,780,0.5955265610438024,0.4601128122481869,0.5349887133182845,0.6712564543889845,0,1,0
1181,УИК №432,2692,1571,53,1573,674,"(55.819823, 37.562074)",1976,1051,46,1080,742,0.6032689450222882,0.4284806102987921,0.555161943319838,0.687037037037037,0,1,0
1182,УИК №433,1972,1200,31,1205,483,"(55.834239, 37.570321)",2354,1278,71,1334,953,0.6242393509127789,0.4008298755186722,0.5730671197960917,0.7143928035982009,1,1,0
1183,УИК №434,2943,1621,56,1645,723,"(55.835599, 37.56468)",2521,1680,106,1664,1141,0.5698267074413863,0.4395136778115501,0.7084490281634273,0.6856971153846154,1,1,0
1184,УИК №435,2627,1309,26,1279,606,"(55.8472107659621, 37.5622178055346)",1236,714,35,736,487,0.5081842405786068,0.473807662236122,0.6059870550161812,0.6616847826086957,1,0,0
1185,УИК №436,2301,1187,45,1197,591,"(55.8476454484299, 37.5641704536975)",2629,1500,62,1525,996,0.53541938287701,0.4937343358395989,0.5941422594142259,0.6531147540983606,1,0,0
1186,УИК №437,2343,1119,17,1099,512,"(55.842079, 37.572028)",2894,1501,75,1540,1041,0.4848484848484848,0.4658780709736124,0.544574982722875,0.675974025974026,1,1,0
1187,УИК №438,2036,1064,40,1078,493,"(55.842236, 37.573762)",2644,1493,71,1537,962,0.5422396856581533,0.4573283858998144,0.5915279878971256,0.6258945998698764,1,1,0
1188,УИК №439,2509,1264,67,1304,629,"(55.842236, 37.573762)",2244,1295,43,1303,851,0.5304902351534476,0.482361963190184,0.5962566844919787,0.6531082118188795,1,1,0
1189,УИК №440,2841,1581,49,1591,674,"(55.834239, 37.570321)",2525,1461,74,1494,1068,0.5737416402675114,0.4236329352608422,0.6079207920792079,0.714859437751004,1,1,0
1190,УИК №441,2467,1519,31,1512,657,"(55.834239, 37.570321)",2720,1604,49,1621,1085,0.6282934738548844,0.4345238095238095,0.6077205882352941,0.6693399136335595,1,1,0
1191,УИК №442,2713,1635,47,1634,659,"(55.823955, 37.567491)",2956,1650,80,1700,1145,0.6199778842609657,0.4033047735618115,0.5852503382949933,0.6735294117647059,0,1,0
1192,УИК №443,3059,1563,43,1565,703,"(55.823955, 37.567491)",3064,1620,57,1644,1101,0.5250081726054266,0.4492012779552715,0.5473237597911227,0.6697080291970803,0,1,0
1193,УИК №444,2662,1551,34,1545,572,"(55.816303, 37.574363)",2527,1341,94,1393,933,0.5954169797145004,0.3702265372168284,0.5678670360110804,0.6697774587221823,0,1,0
1194,УИК №445,2261,1386,30,1380,584,"(55.813334, 37.568929)",1970,1456,65,1499,1080,0.6262715612560814,0.4231884057971014,0.7720812182741117,0.7204803202134756,0,1,0
1195,УИК №3255,1068,330,728,1035,548,"(nan, nan)",475,292,20,309,249,0.9906367041198502,0.5294685990338164,0.6568421052631579,0.8058252427184466,0,0,1
1196,УИК №446,2548,1411,93,1467,656,"(55.857644, 37.505903)",2782,1691,47,1712,1192,0.5902668759811617,0.4471710974778459,0.6247304097771388,0.6962616822429907,0,0,1
1197,УИК №447,2681,1636,37,1594,669,"(55.855062, 37.502696)",2251,1321,61,1357,941,0.6240208877284595,0.4196988707653701,0.6139493558418481,0.6934414148857775,0,0,1
1198,УИК №448,2859,1691,41,1688,603,"(55.859499, 37.497351)",2825,1643,67,1681,1198,0.6058062259531305,0.3572274881516588,0.6053097345132743,0.7126710291493159,0,0,1
1199,УИК №449,2696,1538,38,1540,600,"(55.859499, 37.497351)",2868,1553,65,1600,1131,0.5845697329376854,0.3896103896103896,0.5641562064156206,0.706875,0,0,1
1200,УИК №450,2608,1472,73,1509,577,"(55.855062, 37.502696)",2481,1373,70,1424,1031,0.5924079754601227,0.3823724320742213,0.5816203143893591,0.7240168539325843,0,0,1
1201,УИК №451,2496,1436,48,1450,661,"(55.862196, 37.503064)",2797,1559,50,1581,1144,0.594551282051282,0.4558620689655172,0.5752592062924562,0.7235926628716003,0,0,1
1202,УИК №452,2679,1628,34,1618,673,"(55.86063, 37.492006)",2909,1634,80,1685,1248,0.620380739081747,0.4159456118665018,0.5892059126847714,0.7406528189910979,0,0,1
1203,УИК №453,2255,1314,57,1348,584,"(55.86063, 37.492006)",2571,1542,59,1578,1123,0.6079822616407983,0.4332344213649852,0.6227148969272657,0.711660329531052,0,0,1
1204,УИК №454,2741,1729,46,1742,828,"(55.866081, 37.489787)",2669,1539,66,1578,1086,0.6475738781466618,0.4753157290470723,0.6013488197826902,0.688212927756654,1,0,0
1205,УИК №455,2837,1624,45,1620,779,"(55.866081, 37.489787)",2750,1539,75,1603,1122,0.5882974973563624,0.4808641975308642,0.5869090909090909,0.6999376169681847,1,0,0
1206,УИК №456,2565,1413,46,1434,650,"(55.862196, 37.503064)",2936,1439,84,1509,1112,0.5688109161793372,0.4532775453277545,0.5187329700272479,0.7369118621603711,0,0,1
1207,УИК №457,2741,1435,34,1443,623,"(55.86203, 37.501339)",2639,1404,103,1493,1049,0.5359357898577162,0.4317394317394317,0.5710496400151572,0.7026121902210315,0,0,1
1208,УИК №458,2829,1551,44,1545,736,"(55.869329, 37.492248)",2795,1516,81,1585,1205,0.5638034641215978,0.4763754045307443,0.5713774597495528,0.7602523659305994,0,0,1
1209,УИК №459,3073,1695,47,1672,745,"(55.869329, 37.492248)",2721,1492,52,1530,1069,0.566872762772535,0.4455741626794258,0.5674384417493569,0.6986928104575163,0,0,1
1210,УИК №460,2496,1421,47,1406,598,"(55.871334, 37.49064)",2760,1555,55,1589,1113,0.5881410256410257,0.4253200568990042,0.5833333333333334,0.7004405286343612,1,0,0
1211,УИК №461,2784,1618,50,1625,707,"(55.87189, 37.489967)",2951,1695,39,1710,1205,0.5991379310344828,0.4350769230769231,0.5875974246018298,0.7046783625730995,1,0,0
1212,УИК №462,2542,1261,72,1293,572,"(55.870728, 37.49329)",3003,1693,40,1699,1207,0.524390243902439,0.4423820572312452,0.5770895770895771,0.7104178928781636,0,0,1
1213,УИК №463,2681,1393,82,1450,674,"(55.870728, 37.49329)",2799,1734,56,1756,1221,0.5501678478179783,0.4648275862068965,0.6395141121829224,0.6953302961275627,0,0,1
1214,УИК №464,2786,1500,82,1545,746,"(55.87189, 37.489967)",2861,1789,53,1810,1287,0.5678391959798995,0.4828478964401294,0.6438308283816847,0.7110497237569061,1,0,0
1215,УИК №465,2699,1407,55,1424,611,"(55.871334, 37.49064)",2808,1649,47,1667,1215,0.5416821044831419,0.4290730337078651,0.603988603988604,0.7288542291541692,1,0,0
1216,УИК №466,2664,1416,36,1418,645,"(55.869986, 37.491709)",2226,1345,29,1343,895,0.545045045045045,0.4548660084626234,0.6172506738544474,0.6664184661206255,0,0,1
1217,УИК №3256,190,175,0,171,84,"(nan, nan)",1123,645,38,673,534,0.9210526315789472,0.4912280701754385,0.6081923419412288,0.7934621099554234,0,0,1
1218,УИК №467,2775,1442,38,1464,666,"(55.773727, 37.542141)",2657,1557,96,1614,1094,0.5333333333333333,0.4549180327868852,0.6221302220549492,0.677819083023544,0,0,1
1219,УИК №468,2944,1629,36,1619,710,"(55.77197, 37.539051)",2089,1279,29,1281,883,0.5655570652173914,0.4385423100679432,0.6261369076112973,0.6893052302888368,0,0,1
1220,УИК №470,2243,1373,61,1399,595,"(55.77593, 37.551708)",2422,1409,25,1365,872,0.6393223361569327,0.4253037884203002,0.5920726672171759,0.6388278388278388,0,0,1
1221,УИК №471,1975,1106,82,1164,523,"(55.77633, 37.547387)",2788,1456,53,1380,951,0.6015189873417721,0.4493127147766323,0.5412482065997131,0.6891304347826087,0,0,1
1222,УИК №472,2605,1608,44,1619,707,"(55.777084, 37.53199)",2559,1401,78,1436,932,0.6341650671785029,0.4366893143915997,0.5779601406799532,0.649025069637883,1,1,0
1223,УИК №473,2897,1816,45,1819,794,"(55.777945, 37.529313)",2418,1274,3,1239,799,0.6423886779426994,0.4365035733919736,0.5281224152191895,0.6448748991121872,1,1,0
1224,УИК №474,2638,1531,58,1554,676,"(55.777945, 37.529313)",2563,1317,8,1270,827,0.6023502653525398,0.435006435006435,0.5169722980881779,0.6511811023622047,1,1,0
1225,УИК №475,2643,1752,34,1744,839,"(55.780122, 37.520348)",2807,1673,25,1641,1089,0.6757472569050321,0.4810779816513761,0.6049162807267545,0.6636197440585009,1,1,0
1226,УИК №476,2331,1369,68,1391,637,"(55.781448, 37.517213)",2929,1703,16,1690,1159,0.6164736164736164,0.4579439252336448,0.5868897234551042,0.6857988165680473,1,1,0
1227,УИК №477,2614,1516,46,1512,646,"(55.778846, 37.514158)",3150,2017,67,2027,1437,0.5975516449885233,0.4272486772486772,0.6615873015873016,0.7089294523926986,1,1,0
1228,УИК №478,2797,1888,44,1845,862,"(55.783706, 37.513377)",1732,957,77,1012,702,0.6907400786557025,0.4672086720867208,0.5969976905311778,0.6936758893280632,1,1,0
1229,УИК №479,2609,1584,41,1578,656,"(55.783706, 37.513377)",1815,808,7,808,516,0.6228440015331544,0.4157160963244613,0.4490358126721763,0.6386138613861386,1,1,0
1230,УИК №480,2404,1346,51,1359,578,"(55.796597, 37.520375)",3026,1701,56,1723,1134,0.5811148086522463,0.4253127299484915,0.5806345009914078,0.6581543818920488,0,1,0
1231,УИК №481,2699,1554,120,1638,595,"(55.798672, 37.523357)",2208,1162,62,1206,832,0.6202297147091516,0.3632478632478632,0.5543478260869565,0.6898839137645107,0,1,0
1232,УИК №482,2255,1439,14,1423,649,"(55.784369, 37.531702)",1814,1051,47,1079,741,0.6443458980044345,0.4560787069571328,0.6052921719955898,0.6867469879518072,1,0,0
1233,УИК №483,2776,1498,32,1485,548,"(55.784369, 37.531702)",1687,948,43,974,677,0.5511527377521613,0.369023569023569,0.5874333135743924,0.6950718685831622,1,0,0
1234,УИК №484,2663,1603,10,1573,564,"(55.790453, 37.521129)",1748,979,35,1003,639,0.6057078482914007,0.3585505403687222,0.580091533180778,0.6370887337986042,1,0,0
1235,УИК №485,2565,1655,54,1667,671,"(55.804268, 37.640991)",2444,1368,47,1406,947,0.6662768031189084,0.4025194961007798,0.5789689034369886,0.6735419630156472,0,1,0
1236,УИК №486,2275,1266,43,1274,597,"(55.810309, 37.656047)",3060,1852,63,1887,1252,0.5753846153846154,0.4686028257456829,0.6258169934640523,0.6634870164281929,0,0,1
1237,УИК №487,1748,1044,33,1045,451,"(55.810309, 37.656047)",2145,1178,43,1205,813,0.6161327231121282,0.431578947368421,0.5692307692307692,0.674688796680498,0,0,1
1238,УИК №488,1743,1060,18,1049,399,"(55.810309, 37.656047)",2506,1428,29,1441,979,0.6184738955823293,0.3803622497616777,0.5814046288906624,0.6793893129770993,0,0,1
1239,УИК №489,1738,1007,37,1020,384,"(55.819287, 37.664312)",1708,1006,52,1035,733,0.6006904487917146,0.3764705882352941,0.6194379391100703,0.7082125603864734,0,0,1
1240,УИК №490,2349,1349,41,1355,577,"(55.8186131436494, 37.6597694121301)",2836,1479,99,1546,987,0.5917411664538101,0.425830258302583,0.5564174894217208,0.6384217335058214,0,0,1
1241,УИК №491,2801,1713,69,1752,715,"(55.82172, 37.652885)",1766,1011,46,1042,686,0.6362013566583363,0.4081050228310502,0.5985277463193658,0.6583493282149712,0,1,0
1242,УИК №492,2580,1390,43,1403,618,"(55.817512, 37.655823)",2203,1293,45,1313,862,0.5554263565891473,0.4404846756949394,0.6073536087153881,0.6565118050266565,0,1,0
1243,УИК №493,2185,1252,41,1273,509,"(55.81559, 37.650154)",1689,958,42,983,670,0.5917620137299772,0.3998428908091123,0.5920663114268798,0.681586978636826,0,1,0
1244,УИК №494,1861,1036,54,1065,508,"(55.812909, 37.655212)",1990,1153,57,1198,818,0.5857066093498119,0.4769953051643192,0.6080402010050251,0.6828046744574291,0,0,1
1245,УИК №495,2940,1672,96,1721,658,"(55.807005, 37.641944)",1807,1023,42,1051,715,0.601360544217687,0.3823358512492736,0.5893746541228556,0.6803044719314938,0,1,0
1246,УИК №496,1838,1127,39,1138,469,"(55.810364, 37.642968)",1848,1076,44,1103,730,0.6343852013057671,0.4121265377855888,0.6060606060606061,0.6618313689936537,0,1,0
1247,УИК №497,2179,1332,55,1349,553,"(55.813875, 37.644405)",2641,1633,68,1670,1150,0.6365305185865076,0.4099332839140104,0.6440742143127604,0.688622754491018,0,1,0
1248,УИК №498,1709,972,38,984,448,"(55.813875, 37.644405)",2026,1144,33,1155,754,0.590988882387361,0.4552845528455284,0.5809476801579467,0.6528138528138528,0,1,0
1249,УИК №499,1735,975,61,1013,414,"(55.817092, 37.641602)",1676,918,22,924,639,0.5971181556195966,0.4086870681145113,0.5608591885441527,0.6915584415584416,0,1,0
1250,УИК №500,2355,1538,34,1526,778,"(55.8225021420716, 37.6485993526876)",1806,1009,44,1039,779,0.6675159235668789,0.509829619921363,0.5830564784053156,0.7497593840230992,0,1,0
1251,УИК №501,1739,1009,49,1027,409,"(55.827151, 37.653011)",2241,1355,61,1404,1046,0.6083956296722254,0.3982473222979552,0.6318607764390897,0.7450142450142451,0,1,0
1252,УИК №502,2972,2003,65,2016,773,"(55.823141, 37.652229)",2273,1201,78,1263,984,0.6958277254374159,0.3834325396825397,0.5626924769027717,0.7790973871733967,0,1,0
1253,УИК №503,1910,1237,23,1230,464,"(55.824283, 37.66574)",2051,1124,76,1188,880,0.6596858638743456,0.3772357723577236,0.5850804485616772,0.7407407407407407,0,0,1
1254,УИК №504,1554,918,36,942,439,"(55.823328, 37.665803)",1813,981,52,1018,771,0.6138996138996139,0.4660297239915074,0.5697738554881412,0.7573673870333988,0,0,1
1255,УИК №3257,695,695,0,680,441,"(nan, nan)",1099,671,39,702,521,1.0,0.6485294117647059,0.6460418562329391,0.7421652421652422,0,0,1
1256,УИК №505,1552,825,38,853,456,"(55.87545, 37.580041)",1830,984,30,1005,764,0.5560567010309279,0.5345838218053928,0.5540983606557377,0.7601990049751244,0,0,1
1257,УИК №506,2241,1250,51,1281,668,"(55.87545, 37.580041)",2362,1285,66,1331,992,0.5805443998215083,0.5214676034348166,0.5719729043183742,0.7453042824943651,0,0,1
1258,УИК №507,2427,1179,61,1222,618,"(55.87545, 37.580041)",2686,1665,57,1690,1274,0.5109188298310672,0.5057283142389526,0.6411020104244229,0.7538461538461538,0,0,1
1259,УИК №508,2120,1025,73,1075,584,"(55.880071, 37.579439)",2572,1476,58,1517,1166,0.5179245283018868,0.5432558139534883,0.5964230171073095,0.7686222808174028,0,0,1
1260,УИК №509,2289,1367,47,1391,738,"(55.882495, 37.57121)",2479,1494,42,1515,1157,0.617737003058104,0.5305535585909418,0.6196046793061718,0.7636963696369637,0,0,1
1261,УИК №510,1780,1036,44,1058,598,"(55.8828606406506, 37.5721579045058)",2670,1529,52,1557,1168,0.6067415730337079,0.5652173913043478,0.5921348314606741,0.7501605651894669,0,0,1
1262,УИК №511,2412,1284,59,1318,655,"(55.880071, 37.579439)",2623,1520,55,1552,1155,0.556799336650083,0.4969650986342944,0.6004574914220359,0.7442010309278351,0,0,1
1263,УИК №512,2584,1495,41,1517,803,"(55.881046, 37.593686)",2838,1568,74,1633,1239,0.5944272445820433,0.5293342122610415,0.5785764622973926,0.7587262706674831,0,1,0
1264,УИК №513,2698,1466,53,1492,782,"(55.881046, 37.593686)",2796,1672,50,1706,1305,0.5630096367679763,0.5241286863270778,0.6158798283261803,0.764947245017585,0,1,0
1265,УИК №514,2615,1579,30,1576,784,"(55.883237, 37.59074)",2555,1486,63,1516,1116,0.6152963671128107,0.4974619289340101,0.6062622309197652,0.7361477572559367,0,1,0
1266,УИК №515,2833,1594,31,1599,801,"(55.883237, 37.59074)",2313,1296,51,1322,952,0.5735968937522061,0.50093808630394,0.582360570687419,0.7201210287443268,0,1,0
1267,УИК №516,2728,1492,29,1495,761,"(55.884079917866, 37.5941495038569)",2018,1203,48,1241,895,0.5575513196480938,0.5090301003344482,0.6199207135777998,0.7211925866236906,0,1,0
1268,УИК №517,2918,1527,62,1558,829,"(55.884079917866, 37.5941495038569)",2392,1358,32,1363,944,0.5445510623714873,0.5320924261874198,0.5811036789297659,0.6925898752751284,0,1,0
1269,УИК №518,2403,1337,26,1349,703,"(55.884186, 37.595609)",2478,1352,70,1390,1024,0.5672076570952975,0.5211267605633803,0.5738498789346247,0.7366906474820144,0,1,0
1270,УИК №3165,1233,837,10,826,484,"(55.879172, 37.599965)",2442,1360,34,1375,1044,0.6869424168694241,0.585956416464891,0.5708435708435708,0.7592727272727273,0,1,0
1271,УИК №519,2659,1515,50,1527,787,"(55.861969, 37.676825)",2469,1393,64,1441,1029,0.588567130500188,0.5153896529142109,0.5901174564601053,0.714087439278279,0,0,1
1272,УИК №520,2271,1238,57,1264,599,"(55.859266, 37.668426)",2441,1398,80,1456,1043,0.5702333773667988,0.4738924050632911,0.605489553461696,0.7163461538461539,0,0,1
1273,УИК №521,2190,1284,49,1313,636,"(55.859266, 37.668426)",2240,1329,42,1341,951,0.608675799086758,0.4843869002284844,0.6120535714285714,0.70917225950783,0,0,1
1274,УИК №522,2432,1347,43,1371,676,"(55.859266, 37.668426)",2350,1303,44,1323,923,0.571546052631579,0.4930707512764405,0.5731914893617022,0.6976568405139834,0,0,1
1275,УИК №523,2260,1209,65,1242,576,"(55.859302, 37.6645)",2564,1426,50,1458,996,0.5637168141592921,0.463768115942029,0.5756630265210608,0.6831275720164609,0,1,0
1276,УИК №524,2449,1332,39,1324,654,"(55.859266, 37.668426)",2118,1292,41,1321,953,0.559820334830543,0.4939577039274924,0.6293673276676109,0.7214231642694928,0,0,1
1277,УИК №525,2522,1462,63,1427,642,"(55.866394, 37.671121)",2560,1514,51,1545,1113,0.6046788263283108,0.4498948843728101,0.611328125,0.7203883495145631,0,1,0
1278,УИК №526,2380,1429,33,1423,656,"(55.865859, 37.657269)",2520,1562,51,1590,1176,0.6142857142857143,0.4609978917779339,0.640079365079365,0.7396226415094339,0,1,0
1279,УИК №527,2433,1331,38,1335,609,"(55.866394, 37.671121)",1893,1018,45,1051,791,0.5626798191533087,0.4561797752808988,0.5615425250924458,0.7526165556612749,0,1,0
1280,УИК №528,2543,1424,55,1437,668,"(55.866586, 37.677041)",2050,1200,36,1175,820,0.5815965395202517,0.464857341684064,0.6029268292682927,0.6978723404255319,0,1,0
1281,УИК №529,2268,1395,34,1395,633,"(55.865859, 37.657269)",2444,1228,73,1289,912,0.6300705467372134,0.453763440860215,0.5323240589198036,0.7075252133436772,0,1,0
1282,УИК №530,2675,1628,51,1634,725,"(55.865859, 37.657269)",2225,1332,49,1365,1005,0.6276635514018691,0.4436964504283965,0.6206741573033708,0.7362637362637363,0,1,0
1283,УИК №531,2563,1618,32,1613,804,"(55.868273, 37.660476)",2530,1442,59,1480,1117,0.6437768240343348,0.4984500929944203,0.5932806324110672,0.7547297297297297,0,1,0
1284,УИК №532,1841,939,41,956,473,"(55.868273, 37.660476)",2306,1303,56,1329,991,0.532319391634981,0.4947698744769874,0.5893321769297485,0.745673438675696,0,1,0
1285,УИК №533,2180,1324,40,1332,599,"(55.868273, 37.660476)",2001,1126,30,1141,779,0.6256880733944954,0.4496996996996997,0.5777111444277861,0.6827344434706398,0,1,0
1286,УИК №534,2450,1319,63,1356,660,"(55.866394, 37.671121)",2176,1310,56,1350,984,0.5640816326530612,0.4867256637168141,0.6277573529411765,0.7288888888888889,0,1,0
1287,УИК №535,2420,1389,55,1416,672,"(55.870238, 37.669729)",2349,1367,34,1388,996,0.596694214876033,0.4745762711864407,0.5964240102171137,0.7175792507204611,0,1,0
1288,УИК №536,2640,1493,44,1499,729,"(55.872193, 37.670483)",1265,784,33,810,610,0.5821969696969697,0.486324216144096,0.6458498023715415,0.7530864197530864,0,1,0
1289,УИК №537,2473,1364,34,1363,713,"(55.872193, 37.670483)",2134,1186,51,1220,845,0.5653052972098666,0.5231107850330154,0.5796626054358013,0.6926229508196722,0,1,0
1290,УИК №538,2093,1195,40,1199,467,"(55.874279, 37.662946)",2370,1697,24,1694,1407,0.5900621118012422,0.3894912427022519,0.7261603375527426,0.8305785123966942,0,1,0
1291,УИК №539,2156,1233,37,1255,605,"(55.87446, 37.673843)",2374,1374,60,1417,1021,0.5890538033395176,0.4820717131474104,0.6040438079191238,0.7205363443895554,0,1,0
1292,УИК №540,2586,1385,32,1391,677,"(55.876763, 37.677616)",2644,1566,67,1614,1182,0.5479505027068832,0.4867002156721783,0.617624810892587,0.7323420074349443,0,0,1
1293,УИК №541,1309,773,21,782,391,"(55.874279, 37.662946)",2492,1341,73,1400,1059,0.6065699006875478,0.5,0.5674157303370787,0.7564285714285715,0,1,0
1294,УИК №542,2222,1325,42,1337,606,"(55.874279, 37.662946)",2544,1424,69,1469,1086,0.6152115211521152,0.4532535527299925,0.58687106918239,0.7392784206943499,0,1,0
1295,УИК №543,2568,1786,44,1775,1041,"(55.877263, 37.67184)",2635,1505,63,1546,1149,0.7126168224299065,0.5864788732394366,0.5950664136622391,0.7432082794307892,0,1,0
1296,УИК №3258,1000,448,552,983,593,"(nan, nan)",1132,723,42,755,570,1.0,0.6032553407934893,0.6757950530035336,0.7549668874172185,0,0,1
1297,УИК №544,2519,1337,75,1380,670,"(55.898624, 37.611688)",2487,1384,69,1364,1036,0.5605398967844383,0.4855072463768116,0.584238037796542,0.7595307917888563,0,0,1
1298,УИК №545,2665,1474,55,1506,763,"(55.898624, 37.611688)",1992,1126,40,1157,867,0.5737335834896811,0.5066401062416999,0.5853413654618473,0.749351771823682,0,0,1
1299,УИК №546,2418,1331,41,1342,712,"(55.89714, 37.616198)",2507,1484,72,1536,1140,0.5674110835401158,0.5305514157973175,0.6206621459912246,0.7421875,0,0,1
1300,УИК №547,2644,1329,59,1370,728,"(55.896842, 37.61759)",2355,1320,72,1363,1048,0.5249621785173979,0.5313868613138686,0.5910828025477707,0.768892149669846,0,0,1
1301,УИК №548,2756,1499,39,1512,753,"(55.896842, 37.61759)",2255,1369,44,1394,1076,0.558055152394775,0.498015873015873,0.6266075388026607,0.7718794835007173,0,0,1
1302,УИК №549,2478,1321,59,1343,681,"(55.893172, 37.621615)",2049,1164,45,1199,918,0.5569007263922519,0.5070737155621743,0.5900439238653001,0.7656380316930775,0,0,1
1303,УИК №550,2066,1144,44,1160,600,"(55.893172, 37.621615)",2029,1172,34,1194,917,0.5750242013552759,0.5172413793103449,0.5943814687037949,0.7680067001675042,0,0,1
1304,УИК №551,2549,1387,48,1409,715,"(55.895111, 37.625172)",1976,1202,47,1235,916,0.5629658689682229,0.5074520936834634,0.632085020242915,0.7417004048582996,0,0,1
1305,УИК №552,2429,1316,73,1293,655,"(55.895111, 37.625172)",2206,1350,36,1377,1040,0.5718402634829148,0.5065738592420727,0.628286491387126,0.7552650689905592,0,0,1
1306,УИК №553,2405,1387,10,1365,698,"(55.894949, 37.635781)",2482,1369,77,1426,1057,0.5808731808731808,0.5113553113553113,0.5825946817082998,0.741234221598878,0,0,1
1307,УИК №554,2162,1145,27,1145,594,"(55.894949, 37.635781)",2390,1205,71,1248,938,0.5420906567992599,0.5187772925764192,0.5338912133891214,0.7516025641025641,0,0,1
1308,УИК №555,2252,1216,25,1220,612,"(55.891623, 37.626511)",2718,1489,34,1507,1125,0.5510657193605684,0.5016393442622951,0.5603384841795438,0.7465162574651626,0,0,1
1309,УИК №556,2073,1182,26,1190,577,"(55.888124, 37.619243)",1559,883,36,912,690,0.582730342498794,0.4848739495798319,0.5894804361770366,0.756578947368421,0,0,1
1310,УИК №557,2408,1313,43,1325,696,"(55.888124, 37.619243)",1804,992,53,1027,788,0.5631229235880398,0.5252830188679245,0.5792682926829268,0.7672833495618305,0,0,1
1311,УИК №558,2561,1367,51,1384,678,"(55.888033, 37.607978)",2066,1206,51,1232,916,0.5536899648574776,0.4898843930635838,0.6084220716360116,0.7435064935064936,0,1,0
1312,УИК №559,2495,1292,48,1309,694,"(55.888033, 37.607978)",2243,1230,56,1278,968,0.5370741482965932,0.5301757066462949,0.5733392777530094,0.7574334898278561,0,1,0
1313,УИК №560,2834,1498,53,1525,765,"(55.888033, 37.607978)",2060,1168,62,1221,908,0.5472829922371206,0.5016393442622951,0.5970873786407767,0.7436527436527437,0,1,0
1314,УИК №561,1713,916,24,917,498,"(55.889649, 37.610206)",2789,1468,68,1495,1106,0.5487448920023351,0.5430752453653217,0.5507350304768734,0.7397993311036789,0,1,0
1315,УИК №562,1723,943,29,949,506,"(55.889649, 37.610206)",2110,1224,48,1253,902,0.5641323273360418,0.5331928345626976,0.6028436018957346,0.7198723064644852,0,1,0
1316,УИК №563,2461,1501,50,1468,772,"(55.891002, 37.612542)",2445,1359,97,1437,1095,0.6302316131653799,0.5258855585831063,0.5955010224948876,0.7620041753653445,0,1,0
1317,УИК №564,2322,1190,34,1193,602,"(55.891002, 37.612542)",2135,1173,70,1226,912,0.5271317829457365,0.5046102263202011,0.5822014051522248,0.7438825448613376,0,1,0
1318,УИК №565,2161,1161,48,1181,663,"(55.891002, 37.612542)",2145,1240,46,1265,941,0.5594632114761684,0.5613886536833192,0.5995337995337995,0.7438735177865613,0,1,0
1319,УИК №566,2638,1369,32,1367,660,"(55.890977, 37.60169)",2171,1196,51,1230,901,0.5310841546626232,0.4828090709583028,0.5743896821741133,0.732520325203252,0,1,0
1320,УИК №567,2381,1345,52,1312,611,"(55.890977, 37.60169)",2343,1315,67,1366,986,0.5867282654346913,0.4657012195121951,0.5898420827998293,0.7218155197657394,0,1,0
1321,УИК №568,2605,1404,93,1441,802,"(55.890977, 37.60169)",2610,1489,43,1507,1144,0.5746641074856046,0.556557945870923,0.5869731800766284,0.7591240875912408,0,1,0
1322,УИК №569,2328,1202,58,1239,667,"(55.89293, 37.603873)",2201,1288,52,1329,964,0.5412371134020618,0.5383373688458434,0.6088141753748296,0.7253574115876599,0,1,0
1323,УИК №570,2313,1255,65,1299,649,"(55.89293, 37.603873)",2354,1265,74,1323,1002,0.5706874189364461,0.4996150885296382,0.5688190314358539,0.7573696145124716,0,1,0
1324,УИК №571,2322,1277,53,1314,630,"(55.895045, 37.606442)",2157,1301,51,1333,969,0.5727820844099913,0.4794520547945205,0.6267964765878535,0.7269317329332333,0,0,1
1325,УИК №572,2483,1300,47,1314,653,"(55.895045, 37.606442)",2276,1251,66,1295,953,0.5424889246878776,0.4969558599695586,0.578646748681898,0.7359073359073359,0,0,1
1326,УИК №573,2739,1398,20,1390,703,"(55.89136, 37.592725)",2305,1346,82,1408,1090,0.5177071924059876,0.5057553956834533,0.6195227765726681,0.7741477272727273,0,1,0
1327,УИК №574,2472,1440,35,1454,695,"(55.89136, 37.592725)",2316,1341,63,1389,1044,0.5966828478964401,0.4779917469050894,0.6062176165803109,0.7516198704103672,0,1,0
1328,УИК №575,2520,1347,37,1349,674,"(55.89136, 37.592725)",2346,1322,58,1365,1001,0.5492063492063493,0.4996293550778354,0.5882352941176471,0.7333333333333333,0,1,0
1329,УИК №576,2223,1233,57,1257,587,"(55.894, 37.591369)",2327,1482,40,1506,1105,0.5802968960863698,0.4669848846459825,0.6540610227761066,0.7337317397078353,0,1,0
1330,УИК №577,2404,1256,58,1279,657,"(55.894, 37.591369)",2403,1440,50,1470,1097,0.5465890183028286,0.5136825645035183,0.6200582605076987,0.7462585034013606,0,1,0
1331,УИК №578,2399,1312,50,1329,711,"(55.896474, 37.595959)",2750,1515,17,1516,1142,0.5677365568987078,0.5349887133182845,0.5570909090909091,0.7532981530343008,0,1,0
1332,УИК №579,2442,1361,60,1396,668,"(55.896474, 37.595959)",2263,1371,31,1380,1034,0.5819000819000819,0.4785100286532951,0.6195315952275741,0.7492753623188406,0,1,0
1333,УИК №580,2466,1316,55,1346,675,"(55.896474, 37.595959)",2272,1388,61,1428,1066,0.5559610705596107,0.5014858841010401,0.6377640845070423,0.7464985994397759,0,1,0
1334,УИК №581,2458,1492,26,1489,732,"(55.896014, 37.589446)",1994,1208,53,1242,890,0.6175752644426363,0.4916051040967092,0.6323971915747242,0.71658615136876,0,1,0
1335,УИК №582,2481,1355,51,1385,672,"(55.896014, 37.589446)",1730,1015,46,1039,684,0.5667069729947601,0.4851985559566787,0.6132947976878613,0.65832531280077,0,1,0
1336,УИК №583,2715,1435,9,1410,795,"(55.899224, 37.596067)",2094,1112,37,1136,835,0.5318600368324126,0.5638297872340425,0.5487106017191977,0.7350352112676056,0,1,0
1337,УИК №584,2339,1304,32,1298,632,"(55.899451, 37.590246)",1499,795,39,825,557,0.5711842667806755,0.4869029275808937,0.5563709139426284,0.6751515151515152,0,1,0
1338,УИК №585,2034,1160,43,1174,577,"(55.901395, 37.590434)",2299,1282,66,1330,961,0.5914454277286135,0.4914821124361158,0.5863418877772945,0.7225563909774436,0,1,0
1339,УИК №586,2174,1277,28,1279,637,"(55.901395, 37.590434)",2144,1253,49,1289,866,0.6002759889604415,0.4980453479280688,0.6072761194029851,0.6718386346004654,0,1,0
1340,УИК №3166,1455,1173,7,1141,754,"(55.901395, 37.590434)",2252,1315,36,1339,982,0.8109965635738832,0.6608238387379491,0.599911190053286,0.7333831217326363,0,1,0
1341,УИК №3259,131,130,0,130,92,"(nan, nan)",1081,611,49,653,502,0.9923664122137404,0.7076923076923077,0.61054579093432,0.7687595712098009,0,0,1
1342,УИК №587,1515,805,50,839,341,"(55.804921, 37.583805)",2199,1111,56,1153,818,0.5643564356435643,0.4064362336114422,0.5306957708049114,0.7094535993061578,0,1,0
1343,УИК №588,2259,1131,42,1153,540,"(55.811533, 37.585341)",2470,1422,42,1435,937,0.5192563081009296,0.4683434518647008,0.5927125506072874,0.6529616724738676,0,1,0
1344,УИК №589,1818,993,45,1014,460,"(55.814032, 37.581514)",2052,1233,34,1209,813,0.570957095709571,0.4536489151873767,0.6174463937621832,0.6724565756823822,0,1,0
1345,УИК №590,2229,1135,51,1151,585,"(55.817426, 37.582403)",2600,1669,23,1660,1186,0.5320771646478242,0.5082536924413553,0.6507692307692308,0.7144578313253012,1,1,0
1346,УИК №591,2201,1230,54,1265,587,"(55.817668, 37.586823)",2569,1470,76,1524,1094,0.5833711949114039,0.4640316205533596,0.6017905799922149,0.7178477690288714,1,1,0
1347,УИК №592,2156,1083,49,1111,521,"(55.817668, 37.586823)",2479,1462,59,1489,1051,0.5250463821892394,0.4689468946894689,0.6135538523598225,0.7058428475486904,1,1,0
1348,УИК №593,2247,1231,120,1310,547,"(55.814831, 37.59436)",2256,1425,47,1442,1022,0.6012461059190031,0.4175572519083969,0.6524822695035462,0.7087378640776699,1,0,0
1349,УИК №594,2136,1304,29,1275,562,"(55.814831, 37.59436)",2545,1637,43,1642,1190,0.6240636704119851,0.4407843137254902,0.6601178781925344,0.7247259439707674,1,0,0
1350,УИК №595,1813,1118,21,1099,584,"(55.82662, 37.582556)",2668,1612,17,1608,1111,0.6282404853833425,0.5313921747042766,0.6105697151424287,0.6909203980099502,1,1,0
1351,УИК №596,1866,1076,29,1086,498,"(55.824612, 37.575154)",2461,1369,65,1374,1023,0.5921757770632369,0.4585635359116022,0.5826899634295002,0.7445414847161572,1,1,0
1352,УИК №597,1817,1086,26,1090,476,"(55.824612, 37.575154)",2340,1280,41,1296,910,0.6119977985690699,0.436697247706422,0.5645299145299145,0.7021604938271605,1,1,0
1353,УИК №598,1755,1032,43,1059,445,"(55.824612, 37.575154)",2195,1241,50,1261,887,0.6125356125356125,0.4202077431539188,0.5881548974943053,0.7034099920697859,1,1,0
1354,УИК №599,1954,1184,30,1200,522,"(55.824612, 37.575154)",2750,1644,22,1647,1173,0.6212896622313203,0.435,0.6058181818181818,0.7122040072859745,1,1,0
1355,УИК №600,1938,1234,46,1223,513,"(55.828622, 37.57793)",2366,1521,57,1566,1213,0.6604747162022704,0.419460343417825,0.6669484361792054,0.7745849297573435,1,1,0
1356,УИК №601,1913,1001,50,1040,486,"(55.823237, 37.582709)",2576,1522,19,1509,1121,0.549398849973863,0.4673076923076923,0.5982142857142857,0.7428760768721008,1,1,0
1357,УИК №602,2263,1256,34,1267,586,"(55.822948, 37.583059)",2751,1752,53,1776,1306,0.5700397702165267,0.4625098658247829,0.6561250454380225,0.7353603603603603,1,1,0
1358,УИК №603,1748,966,55,991,449,"(55.823237, 37.582709)",2261,1330,51,1360,1008,0.584096109839817,0.4530776992936428,0.6107916850950906,0.7411764705882353,1,1,0
1359,УИК №3167,1882,1032,40,1041,505,"(55.824612, 37.575154)",2203,1321,42,1347,979,0.5696068012752391,0.4851104707012488,0.6187017703132093,0.726800296956199,1,1,0
1360,УИК №3168,1826,1103,46,1137,532,"(55.828622, 37.57793)",1796,1028,36,1056,785,0.6292442497261774,0.4678979771328056,0.5924276169265034,0.7433712121212122,1,1,0
1361,УИК №3169,1896,1081,23,1079,521,"(55.8269943850393, 37.5835966877639)",1885,1065,45,1098,799,0.5822784810126582,0.4828544949026876,0.5888594164456233,0.7276867030965392,1,1,0
1362,УИК №604,1919,1038,10,1033,442,"(55.906582, 37.552975)",2012,1263,57,1300,961,0.546117769671704,0.4278799612778315,0.6560636182902585,0.7392307692307692,0,0,1
1363,УИК №605,2503,1458,49,1467,772,"(55.903605, 37.554852)",2004,1224,62,1272,897,0.6020775069916101,0.5262440354464895,0.6417165668662674,0.7051886792452831,0,0,1
1364,УИК №606,2623,1391,10,1368,716,"(55.903605, 37.554852)",2069,1284,43,1308,991,0.5341212352268395,0.5233918128654971,0.6413726437892702,0.7576452599388379,0,0,1
1365,УИК №607,2521,1531,38,1529,710,"(55.905099, 37.568426)",2540,1470,74,1525,1130,0.6223720745735819,0.4643557880967953,0.6078740157480315,0.740983606557377,0,0,1
1366,УИК №608,2251,1355,41,1367,655,"(55.905099, 37.568426)",2679,1632,53,1656,1270,0.6201688138605065,0.479151426481346,0.6289660321015305,0.7669082125603864,0,0,1
1367,УИК №609,1995,1203,46,1223,591,"(55.900567, 37.578029)",2402,1482,50,1503,1130,0.6260651629072682,0.4832379394930499,0.6378018318068276,0.7518296739853626,0,1,0
1368,УИК №610,2012,1181,75,1226,613,"(55.900567, 37.578029)",2525,1557,91,1622,1196,0.6242544731610338,0.5,0.6526732673267327,0.7373612823674476,0,1,0
1369,УИК №611,2083,1161,49,1171,586,"(55.900567, 37.578029)",1873,1096,53,1136,824,0.5808929428708594,0.5004269854824936,0.6134543513080619,0.7253521126760564,0,1,0
1370,УИК №612,2419,1424,66,1461,703,"(55.903565, 37.584011)",1881,1060,75,1121,824,0.6159570070276974,0.4811772758384668,0.6034024455077087,0.7350579839429081,0,1,0
1371,УИК №613,2597,1535,40,1525,831,"(55.903565, 37.584011)",2129,1218,63,1271,930,0.6064690026954178,0.5449180327868852,0.601690934711132,0.7317073170731707,0,1,0
1372,УИК №614,2622,1501,15,1497,775,"(55.900693, 37.581828)",2404,1402,40,1422,1056,0.5781845919145691,0.5177020708082832,0.5998336106489185,0.7426160337552743,0,1,0
1373,УИК №615,2598,1621,40,1632,765,"(55.900693, 37.581828)",2684,1578,64,1618,1210,0.6393379522709777,0.46875,0.6117734724292101,0.7478368355995055,0,1,0
1374,УИК №616,1943,1102,39,1119,575,"(55.894949, 37.581289)",2483,1487,70,1529,1163,0.5872362326299537,0.5138516532618409,0.6270640354409988,0.7606278613472858,0,1,0
1375,УИК №617,1878,1071,100,1155,615,"(55.894949, 37.581289)",2410,1424,63,1465,1085,0.6235356762513312,0.5324675324675324,0.6170124481327801,0.7406143344709898,0,1,0
1376,УИК №618,2146,1178,71,1230,585,"(55.893455, 37.578469)",2598,1441,50,1473,1130,0.5820130475302889,0.4756097560975609,0.5739030023094688,0.7671418873048201,0,1,0
1377,УИК №619,2504,1428,38,1393,690,"(55.893445, 37.581388)",2687,1564,53,1589,1168,0.5854632587859425,0.4953338119167265,0.6017863788611835,0.7350534927627439,0,1,0
1378,УИК №620,2661,1522,71,1556,767,"(55.893445, 37.581388)",2577,1468,56,1498,1131,0.5986471251409244,0.4929305912596401,0.5913853317811408,0.7550066755674232,0,1,0
1379,УИК №621,2656,1503,60,1537,793,"(55.892602, 37.580625)",2381,1358,75,1412,1057,0.5884789156626506,0.5159401431359791,0.6018479630407392,0.7485835694050992,0,1,0
1380,УИК №622,2509,1413,46,1421,744,"(55.892602, 37.580625)",2582,1571,42,1587,1096,0.5815065763252292,0.5235749472202674,0.6247095274980635,0.6906112161310649,0,1,0
1381,УИК №623,2640,1439,57,1474,801,"(55.894636, 37.570159)",2215,1204,60,1248,896,0.5666666666666667,0.5434192672998643,0.5706546275395034,0.717948717948718,0,0,1
1382,УИК №624,2309,1364,62,1397,704,"(55.894636, 37.570159)",2136,1219,51,1247,921,0.6175833694239931,0.5039370078740157,0.5945692883895131,0.7385725741780272,0,0,1
1383,УИК №625,2472,1425,39,1446,768,"(55.896918, 37.571129)",2266,1221,52,1253,900,0.5922330097087378,0.5311203319502075,0.5617828773168579,0.7182761372705507,0,1,0
1384,УИК №626,2559,1495,66,1534,846,"(55.896918, 37.571129)",2552,1466,69,1507,1104,0.6100039077764752,0.5514993481095176,0.6014890282131662,0.7325812873258128,0,1,0
1385,УИК №3170,865,664,7,653,430,"(55.8917938845579, 37.5731962546706)",2219,1333,24,1345,967,0.7757225433526012,0.6584992343032159,0.6115367282559712,0.7189591078066915,0,0,1
1386,УИК №3260,581,471,109,575,533,"(nan, nan)",1135,705,49,737,564,0.9982788296041308,0.9269565217391303,0.66431718061674,0.7652645861601085,0,0,1
1387,УИК №627,2614,1572,28,1556,693,"(55.872415, 37.680598)",2110,1144,59,1184,832,0.612088752869166,0.4453727506426735,0.5701421800947867,0.7027027027027027,0,0,1
1388,УИК №628,2303,1219,35,1226,578,"(55.872415, 37.680598)",2089,1150,57,1184,884,0.5445071645679549,0.4714518760195758,0.5777884155098133,0.7466216216216216,0,0,1
1389,УИК №629,2362,1334,35,1334,583,"(55.872415, 37.680598)",2018,1145,39,1151,812,0.5795935647756139,0.4370314842578711,0.5867195242814668,0.7054735013032146,0,0,1
1390,УИК №630,2193,1174,58,1199,567,"(55.872794, 37.691647)",2436,1361,74,1412,1035,0.5617875056999544,0.4728940783986655,0.5890804597701149,0.7330028328611898,0,0,1
1391,УИК №631,2586,1431,52,1459,695,"(55.872794, 37.691647)",2596,1519,56,1560,1169,0.5734725444702243,0.4763536668951336,0.6067026194144838,0.7493589743589744,0,0,1
1392,УИК №632,2239,1150,38,1170,574,"(55.873799, 37.696364)",2566,1495,35,1503,1103,0.5305940151853507,0.4905982905982906,0.5962587685113017,0.7338656021290751,0,0,1
1393,УИК №633,2183,1218,107,1294,663,"(55.873799, 37.696364)",2603,1521,48,1547,1128,0.6069628950984883,0.5123647604327666,0.6027660391855552,0.729153199741435,0,0,1
1394,УИК №634,2066,1132,28,1142,567,"(55.873799, 37.696364)",2494,1457,51,1483,1067,0.5614714424007744,0.4964973730297723,0.6046511627906976,0.7194875252865812,0,0,1
1395,УИК №635,2508,1343,73,1385,644,"(55.875844, 37.696453)",2749,1649,50,1675,1183,0.5645933014354066,0.4649819494584837,0.6180429246998909,0.7062686567164179,0,0,1
1396,УИК №636,2007,1155,31,1165,619,"(55.875844, 37.696453)",2515,1422,92,1490,1094,0.5909317389138017,0.5313304721030043,0.6019880715705765,0.7342281879194631,0,0,1
1397,УИК №637,1527,899,18,898,417,"(55.87944, 37.688782)",2495,1504,44,1526,1114,0.6005239030779306,0.4643652561247216,0.6204408817635271,0.7300131061598951,0,0,1
1398,УИК №638,2865,1666,42,1677,809,"(55.87944, 37.688782)",2556,1451,54,1489,1120,0.5961605584642233,0.4824090638044126,0.588810641627543,0.7521826729348556,0,0,1
1399,УИК №639,2590,1429,30,1428,667,"(55.87944, 37.688782)",2226,1276,46,1307,962,0.5633204633204634,0.4670868347338935,0.5938903863432166,0.7360367253251722,0,0,1
1400,УИК №640,2638,1597,52,1618,724,"(55.884822, 37.683266)",2741,1684,47,1711,1265,0.6250947687642153,0.4474660074165636,0.6315213425757022,0.739333722969024,0,0,1
1401,УИК №641,2661,1427,70,1460,705,"(55.884181, 37.693426)",2979,1648,53,1685,1209,0.5625704622322435,0.4828767123287671,0.5709969788519638,0.7175074183976261,0,0,1
1402,УИК №642,2019,1228,32,1231,586,"(55.884181, 37.693426)",2552,1469,48,1482,1105,0.6240713224368499,0.4760357432981316,0.594435736677116,0.7456140350877193,0,0,1
1403,УИК №643,2210,1232,39,1222,648,"(55.884156, 37.698771)",2337,1268,46,1292,960,0.5751131221719457,0.530278232405892,0.5622593068035944,0.7430340557275542,0,0,1
1404,УИК №644,2514,1452,50,1474,705,"(55.884479, 37.696885)",3000,1650,67,1692,1231,0.5974542561654733,0.4782903663500678,0.5723333333333334,0.7275413711583925,0,0,1
1405,УИК №645,2574,1529,33,1531,768,"(55.885201, 37.7077)",3061,1733,18,1725,1126,0.6068376068376068,0.5016329196603527,0.5720352825873898,0.6527536231884058,0,0,1
1406,УИК №646,1793,1070,14,1060,501,"(55.885201, 37.7077)",2948,1767,31,1779,1307,0.6045733407696597,0.4726415094339622,0.6099050203527816,0.7346824058459809,0,0,1
1407,УИК №647,1730,981,29,982,482,"(55.879011, 37.704215)",2308,1327,60,1369,966,0.5838150289017341,0.4908350305498982,0.6009532062391681,0.7056245434623813,0,0,1
1408,УИК №648,2484,1388,44,1398,674,"(55.879011, 37.704215)",2287,1314,45,1338,938,0.5764895330112721,0.4821173104434907,0.5942282466112812,0.7010463378176383,0,0,1
1409,УИК №3171,2327,1260,32,1279,585,"(55.884156, 37.698771)",2622,1552,31,1571,1115,0.5552213149978513,0.4573885848318999,0.6037376048817696,0.7097390197326544,0,0,1
1410,УИК №3172,1985,1048,54,1094,566,"(55.875844, 37.696453)",1677,999,64,1048,813,0.5551637279596977,0.5173674588665448,0.6338700059630292,0.7757633587786259,0,0,1
1411,УИК №3261,889,845,0,836,478,"(nan, nan)",906,558,40,592,448,0.9505061867266592,0.5717703349282297,0.6600441501103753,0.7567567567567568,0,0,1
1412,УИК №649,2393,1339,53,1358,689,"(55.82394, 37.600271)",1986,1107,56,1151,805,0.5816966151274551,0.5073637702503682,0.5855991943605237,0.6993918331885317,1,0,0
1413,УИК №650,2724,1634,69,1659,798,"(55.82394, 37.600271)",1678,903,87,978,664,0.6251835535976505,0.4810126582278481,0.5899880810488677,0.6789366053169734,1,0,0
1414,УИК №651,3291,2047,25,2027,957,"(55.8315053545753, 37.5912356190384)",2937,1659,69,1706,1243,0.6295958675174719,0.4721262950172669,0.5883554647599591,0.7286049237983587,1,0,0
1415,УИК №653,2523,1418,80,1482,686,"(55.8315053545753, 37.5912999920547)",2047,1172,55,1214,820,0.5937376139516448,0.4628879892037786,0.5994137762579385,0.6754530477759473,1,0,0
1416,УИК №654,2571,1399,69,1435,726,"(55.832439, 37.583329)",2065,1146,60,1196,775,0.5709840528977052,0.5059233449477352,0.5840193704600485,0.6479933110367893,1,1,0
1417,УИК №655,1728,899,96,977,497,"(55.844197, 37.589967)",1991,1102,79,1167,781,0.5758101851851852,0.5087001023541453,0.593169261677549,0.6692373607540703,1,1,0
1418,УИК №656,2252,1241,43,1255,622,"(55.846972, 37.576825)",2130,1141,46,1169,791,0.5701598579040853,0.4956175298804781,0.5572769953051643,0.6766467065868264,1,1,0
1419,УИК №3173,1571,1277,14,1268,809,"(55.8452174263848, 37.5816301256418)",1815,1044,40,1063,783,0.821769573520051,0.63801261829653,0.5972451790633608,0.7365945437441204,1,1,0
1420,УИК №657,2147,1260,64,1286,588,"(55.788905, 37.615875)",2076,1069,85,1146,805,0.6166744294364229,0.4572317262830482,0.5558766859344894,0.7024432809773123,0,1,0
1421,УИК №658,2221,1301,80,1346,569,"(55.788905, 37.615875)",2455,1192,79,1251,866,0.6217919855920756,0.4227340267459138,0.5177189409368635,0.6922462030375699,0,1,0
1422,УИК №659,2000,1142,111,1233,541,"(55.786516, 37.610035)",2416,1327,58,1362,952,0.6265,0.4387672343876723,0.5732615894039735,0.6989720998531571,0,1,0
1423,УИК №660,2396,1446,45,1459,671,"(55.78727, 37.602867)",2284,1361,56,1392,951,0.6222871452420701,0.4599040438656614,0.6204028021015762,0.6831896551724138,0,1,0
1424,УИК №661,2129,1100,60,1142,525,"(55.78727, 37.602867)",2222,1196,48,1230,861,0.5448567402536402,0.4597197898423817,0.5598559855985599,0.7,0,1,0
1425,УИК №662,2399,1300,55,1332,588,"(55.793748, 37.621696)",2445,1279,49,1312,908,0.5648186744476865,0.4414414414414414,0.5431492842535788,0.6920731707317073,0,1,0
1426,УИК №663,2510,1411,36,1410,651,"(55.793748, 37.621696)",2112,1211,46,1235,855,0.5764940239043824,0.4617021276595744,0.5951704545454546,0.6923076923076923,0,1,0
1427,УИК №664,2401,1379,32,1375,605,"(55.798207, 37.620097)",2306,1256,50,1281,863,0.5876718034152436,0.44,0.5663486556808326,0.6736924277907884,0,1,0
1428,УИК №665,2287,1281,65,1318,602,"(55.795555, 37.600801)",2030,1225,49,1264,872,0.5885439440314822,0.456752655538695,0.6275862068965518,0.689873417721519,1,1,0
1429,УИК №666,2448,1397,73,1444,642,"(55.795555, 37.600801)",2499,1328,74,1380,972,0.6004901960784313,0.4445983379501385,0.5610244097639056,0.7043478260869566,1,1,0
1430,УИК №667,2025,1188,32,1193,586,"(55.795864, 37.611069)",2093,1161,35,1173,822,0.6024691358024692,0.4911986588432523,0.5714285714285714,0.7007672634271099,0,1,0
1431,УИК №668,2556,1423,43,1432,650,"(55.795939, 37.611985)",344,216,6,222,173,0.5735524256651017,0.4539106145251396,0.6453488372093024,0.7792792792792793,0,1,0
1432,УИК №669,2044,1150,45,1145,534,"(55.795939, 37.611985)",2466,1328,60,1375,995,0.5846379647749511,0.4663755458515284,0.5628548256285483,0.7236363636363636,0,1,0
1433,УИК №670,2537,1394,48,1410,620,"(55.803059, 37.610476)",1896,1030,59,1077,748,0.5683878596767836,0.4397163120567376,0.5743670886075949,0.6945218198700093,0,1,0
1434,УИК №671,1977,1125,29,1125,562,"(55.803059, 37.610476)",1803,1037,27,1052,678,0.5837126960040465,0.4995555555555555,0.5901275651691625,0.6444866920152091,0,1,0
1435,УИК №672,2548,1338,122,1424,720,"(55.803059, 37.610476)",1588,871,48,906,585,0.5729984301412873,0.5056179775280899,0.5787153652392947,0.6456953642384106,0,1,0
1436,УИК №3174,1325,1137,5,1119,832,"(55.802128, 37.607637)",1477,834,64,885,682,0.8618867924528302,0.743521000893655,0.6079891672308734,0.7706214689265537,0,1,0
1437,УИК №3262,219,218,0,217,163,"(nan, nan)",1101,672,56,719,556,0.9954337899543378,0.7511520737327189,0.6612170753860127,0.7732962447844228,0,0,1
1438,УИК №3263,278,274,0,266,155,"(nan, nan)",892,517,37,549,416,0.9856115107913668,0.5827067669172933,0.6210762331838565,0.7577413479052824,0,0,1
1439,УИК №673,2279,1219,60,1254,558,"(55.804344, 37.627112)",2399,1356,65,1403,975,0.5612110574813515,0.4449760765550239,0.5923301375573156,0.6949394155381325,0,1,0
1440,УИК №674,1735,1054,33,1065,394,"(55.8035913194849, 37.6320129074156)",1335,725,33,746,474,0.6265129682997118,0.3699530516431925,0.5677902621722847,0.6353887399463807,0,1,0
1441,УИК №675,1954,1158,37,1167,468,"(55.803762, 37.634568)",1939,998,43,1028,705,0.6115660184237461,0.4010282776349614,0.5368746776689015,0.6857976653696498,0,1,0
1442,УИК №676,2195,1250,45,1265,591,"(55.808655, 37.631945)",424,275,6,277,190,0.5899772209567198,0.4671936758893281,0.6627358490566038,0.6859205776173285,0,1,0
1443,УИК №677,1726,1084,48,1107,438,"(55.81212, 37.633652)",2424,1377,66,1426,1008,0.6558516801853997,0.3956639566395664,0.5952970297029703,0.7068723702664796,0,1,0
1444,УИК №678,1824,1171,33,1170,467,"(55.814143, 37.634272)",1985,1228,54,1253,833,0.6600877192982456,0.3991452991452991,0.6458438287153653,0.664804469273743,0,1,0
1445,УИК №679,2133,1177,41,1162,497,"(55.8196293398892, 37.6272402517498)",2227,1266,48,1301,905,0.5710267229254571,0.4277108433734939,0.5900314324202963,0.6956187548039969,0,1,0
1446,УИК №680,2415,1436,64,1468,683,"(55.816662, 37.618543)",1588,898,38,912,614,0.6211180124223602,0.4652588555858311,0.5894206549118388,0.6732456140350878,0,0,1
1447,УИК №681,2383,1470,60,1486,632,"(55.817633, 37.621094)",2571,1383,69,1435,991,0.6420478388585816,0.4253028263795424,0.5647607934655776,0.6905923344947735,0,0,1
1448,УИК №682,2213,1305,52,1336,547,"(55.817633, 37.621094)",2408,1421,60,1441,1002,0.6131947582467239,0.4094311377245509,0.6150332225913622,0.6953504510756419,0,0,1
1449,УИК №683,2487,1441,49,1466,643,"(55.818989, 37.628685)",2137,1245,36,1265,874,0.5991154000804182,0.4386084583901773,0.599438465138044,0.6909090909090909,0,1,0
1450,УИК №684,1979,1160,24,1157,494,"(55.818442, 37.633841)",1899,1034,23,1039,697,0.5982819605861546,0.4269662921348314,0.5566087414428647,0.670837343599615,0,1,0
1451,УИК №685,2369,1378,43,1387,596,"(55.818442, 37.633841)",2109,1258,43,1284,892,0.5998311523849725,0.4297043979812545,0.6168800379326695,0.6947040498442367,0,1,0
1452,УИК №686,2854,1620,30,1616,637,"(55.824683, 37.624831)",2175,1283,24,1285,833,0.578135949544499,0.3941831683168317,0.600919540229885,0.6482490272373541,0,0,1
1453,УИК №687,2578,1577,43,1570,624,"(55.824683, 37.624831)",2104,1167,29,1181,797,0.6283941039565555,0.3974522292993631,0.5684410646387833,0.6748518204911093,0,0,1
1454,УИК №688,2877,1663,34,1668,649,"(55.824683, 37.624831)",1686,997,11,994,719,0.5898505387556482,0.3890887290167866,0.597864768683274,0.7233400402414487,0,0,1
1455,УИК №689,1640,899,9,890,434,"(55.854613, 37.583427)",1730,1029,5,1017,775,0.5536585365853659,0.4876404494382022,0.5976878612716763,0.7620452310717798,1,1,0
1456,УИК №690,1716,977,0,953,475,"(55.854613, 37.583427)",2158,1207,45,1238,954,0.5693473193473193,0.4984260230849947,0.5801668211306765,0.7705977382875606,1,1,0
1457,УИК №691,2130,1303,53,1279,605,"(55.855406, 37.587272)",2233,1263,53,1302,909,0.6366197183098592,0.4730258014073495,0.5893416927899686,0.6981566820276498,1,1,0
1458,УИК №692,2372,1315,33,1310,610,"(55.861737, 37.587587)",2295,1367,51,1405,1065,0.5682967959527825,0.465648854961832,0.6178649237472766,0.7580071174377224,0,0,1
1459,УИК №693,2482,1473,36,1482,766,"(55.861737, 37.587587)",2487,1470,43,1497,1072,0.6079774375503626,0.5168690958164642,0.6083634901487737,0.7160988643954576,0,0,1
1460,УИК №694,2619,1660,33,1642,650,"(55.859494, 37.592923)",2720,1683,48,1712,1213,0.6464299350897289,0.3958587088915956,0.6363970588235294,0.7085280373831776,0,1,0
1461,УИК №695,2762,1696,37,1698,730,"(55.859494, 37.592923)",2451,1426,39,1443,1057,0.6274438812454743,0.4299175500588928,0.5977152182782538,0.7325017325017324,0,1,0
1462,УИК №696,2659,1545,33,1543,722,"(55.863267, 37.59639)",2416,1470,55,1508,1125,0.5934561865362918,0.4679196370706416,0.6312086092715232,0.7460212201591512,0,1,0
1463,УИК №697,2939,1724,31,1710,860,"(55.863267, 37.59639)",2522,1487,25,1493,1071,0.5971418849948962,0.5029239766081871,0.5995241871530531,0.7173476222371065,0,1,0
1464,УИК №698,2357,1263,27,1254,569,"(55.863267, 37.59639)",2221,1267,43,1294,930,0.5473058973271108,0.4537480063795853,0.589824403421882,0.7187017001545595,0,1,0
1465,УИК №699,2818,1536,49,1549,750,"(55.865849, 37.587739)",2723,1613,38,1622,1159,0.5624556422995032,0.4841833440929632,0.6063165626147631,0.7145499383477188,0,0,1
1466,УИК №700,2388,1445,26,1442,642,"(55.865849, 37.587739)",2509,1536,26,1544,1154,0.6159966499162479,0.4452149791955617,0.6225587883618972,0.7474093264248705,0,0,1
1467,УИК №701,2666,1583,28,1575,764,"(55.86448, 37.590398)",2700,1642,40,1654,1230,0.6042760690172543,0.485079365079365,0.6229629629629629,0.7436517533252721,0,1,0
1468,УИК №702,2846,1685,22,1675,792,"(55.86448, 37.590398)",2527,1506,57,1534,1156,0.5997891777933942,0.4728358208955224,0.6185199841709537,0.7535853976531942,0,1,0
1469,УИК №703,2173,1263,35,1274,583,"(55.866531, 37.601367)",2207,1340,44,1366,996,0.597330878969167,0.4576138147566719,0.6270956048935206,0.7291361639824304,0,1,0
1470,УИК №704,2241,1318,29,1293,658,"(55.868688, 37.596408)",2435,1443,28,1445,1041,0.6010709504685409,0.5088940448569219,0.6041067761806982,0.7204152249134949,0,1,0
1471,УИК №705,2130,1218,20,1211,553,"(55.872804, 37.589105)",2815,1625,24,1628,1129,0.5812206572769953,0.4566473988439306,0.5857904085257549,0.6934889434889435,0,0,1
1472,УИК №706,2150,1283,11,1264,545,"(55.872804, 37.589105)",2038,1181,36,1206,880,0.6018604651162791,0.4311708860759494,0.5971540726202159,0.7296849087893864,0,0,1
1473,УИК №707,2138,1309,23,1300,624,"(55.868688, 37.596408)",2063,1271,49,1304,972,0.6230121608980356,0.48,0.639844886088221,0.745398773006135,0,1,0
1474,УИК №708,2098,1278,40,1291,623,"(55.868688, 37.596408)",1818,1073,35,1088,828,0.6282173498570067,0.482571649883811,0.6094609460946094,0.7610294117647058,0,1,0
1475,УИК №709,2546,1491,48,1510,805,"(55.866531, 37.601367)",2368,1357,59,1393,1027,0.6044776119402985,0.5331125827814569,0.597972972972973,0.7372577171572147,0,1,0
1476,УИК №710,2523,1414,33,1412,670,"(55.872011, 37.609748)",2513,1400,47,1432,1071,0.5735235830360682,0.4745042492917847,0.5758058097890967,0.7479050279329609,0,1,0
1477,УИК №711,2406,1268,29,1266,668,"(55.868662, 37.60876)",2548,1495,51,1519,1114,0.5390689941812137,0.5276461295418642,0.6067503924646782,0.7333772218564846,0,1,0
1478,УИК №712,2635,1545,35,1521,722,"(55.872011, 37.609748)",2623,1438,61,1488,1106,0.5996204933586338,0.4746877054569362,0.5714830346930995,0.7432795698924731,0,1,0
1479,УИК №713,2572,1430,62,1473,711,"(55.868662, 37.60876)",2069,1220,37,1241,936,0.5800933125972006,0.4826883910386965,0.6075398743354278,0.7542304593070105,0,1,0
1480,УИК №714,2125,1265,30,1265,644,"(55.871693, 37.613683)",2640,1542,36,1561,1118,0.6094117647058823,0.509090909090909,0.5977272727272728,0.7162075592568866,0,0,1
1481,УИК №715,2660,1506,40,1478,746,"(55.871693, 37.613683)",2516,1364,67,1417,1042,0.5812030075187969,0.5047361299052774,0.5687599364069952,0.7353563867325336,0,0,1
1482,УИК №716,2391,1352,47,1364,670,"(55.871693, 37.613683)",2339,1341,67,1387,1022,0.5851108322877457,0.4912023460410557,0.6019666524155622,0.7368421052631579,0,0,1
1483,УИК №717,2340,1347,57,1369,588,"(55.865111, 37.61954)",2317,1324,50,1355,989,0.6,0.4295105916727538,0.5930082002589555,0.7298892988929889,0,1,0
1484,УИК №718,2256,1321,103,1374,690,"(55.8639366252419, 37.6241505146027)",1686,956,39,983,710,0.6312056737588653,0.5021834061135371,0.5901542111506525,0.7222787385554426,0,0,1
1485,УИК №719,2020,1150,30,1140,574,"(55.865111, 37.61954)",2302,1442,37,1456,1098,0.5841584158415841,0.5035087719298246,0.6424847958297133,0.7541208791208791,0,1,0
1486,УИК №720,2492,1501,37,1504,748,"(55.862585, 37.619387)",2471,1410,36,1436,1081,0.6171749598715891,0.4973404255319149,0.585188182921894,0.7527855153203342,0,1,0
1487,УИК №721,2430,1327,43,1335,722,"(55.862585, 37.619387)",1918,1098,34,1115,810,0.5637860082304527,0.5408239700374532,0.5901981230448383,0.726457399103139,0,1,0
1488,УИК №722,2087,1223,17,1212,593,"(55.865111, 37.61954)",2488,1456,73,1506,1077,0.5941542884523239,0.4892739273927393,0.6145498392282959,0.7151394422310757,0,1,0
1489,УИК №723,2195,1258,37,1268,626,"(55.864439, 37.613485)",2326,1303,23,1311,999,0.5899772209567198,0.4936908517350157,0.5700773860705073,0.7620137299771167,0,1,0
1490,УИК №724,2043,1050,24,1054,553,"(55.865207, 37.610035)",2005,1205,49,1236,896,0.5256975036710719,0.5246679316888045,0.6254364089775561,0.7249190938511327,0,1,0
1491,УИК №725,2142,1213,46,1243,601,"(55.864439, 37.613485)",2681,1575,33,1583,1173,0.5877684407096172,0.4835076427996782,0.5997762029093622,0.7409981048641819,0,1,0
1492,УИК №726,2973,1711,36,1717,882,"(55.865207, 37.610035)",2457,1479,40,1505,1136,0.5876219307097208,0.5136866627839255,0.6182336182336182,0.7548172757475083,0,1,0
1493,УИК №727,2671,1462,33,1447,744,"(55.860428, 37.604933)",2652,1558,54,1587,1162,0.5597154623736428,0.5141672425708362,0.6078431372549019,0.7321991178323881,0,1,0
1494,УИК №728,2660,1483,34,1453,680,"(55.860428, 37.604933)",2807,1641,25,1652,1197,0.5703007518796992,0.4679972470750172,0.5935162094763092,0.7245762711864406,0,1,0
1495,УИК №729,2606,1607,19,1583,676,"(55.860428, 37.604933)",2285,1443,33,1287,951,0.6239447429009977,0.4270372710044219,0.6459518599562363,0.7389277389277389,0,1,0
1496,УИК №730,2326,1330,28,1330,648,"(55.860428, 37.604933)",2111,1189,30,1197,881,0.5838349097162511,0.4872180451127819,0.5774514448128849,0.7360066833751044,0,1,0
1497,УИК №731,2373,1333,33,1332,662,"(55.857457, 37.612937)",2676,1614,27,1621,1164,0.5756426464391066,0.496996996996997,0.6132286995515696,0.7180752621838371,0,1,0
1498,УИК №732,2812,1672,29,1669,777,"(55.858518, 37.619216)",2638,1452,54,1493,1105,0.6049075391180654,0.4655482324745356,0.5708870356330553,0.7401205626255861,0,1,0
1499,УИК №733,2530,1360,43,1384,673,"(55.857457, 37.612937)",2416,1522,20,1518,1145,0.5545454545454546,0.486271676300578,0.6382450331125827,0.7542819499341239,0,1,0
1500,УИК №734,2540,1424,29,1426,701,"(55.857048, 37.614231)",2499,1372,37,1394,1015,0.5720472440944881,0.4915848527349228,0.5638255302120848,0.7281205164992827,0,1,0
1501,УИК №735,2413,1338,40,1356,655,"(55.850722, 37.615659)",2537,1394,63,1445,1110,0.5710733526730212,0.4830383480825959,0.5743003547497044,0.7681660899653979,0,0,1
1502,УИК №736,2537,1387,43,1407,774,"(55.851505, 37.616279)",2815,1591,79,1646,1222,0.5636578636184469,0.5501066098081023,0.5932504440497336,0.7424058323207776,0,0,1
1503,УИК №737,2813,1517,64,1544,775,"(55.850722, 37.615659)",2610,1380,49,1410,1003,0.5620334162815499,0.5019430051813472,0.5475095785440613,0.7113475177304964,0,0,1
1504,УИК №738,2521,1348,49,1362,564,"(55.851505, 37.616279)",496,296,16,307,232,0.5541451804839349,0.4140969162995594,0.6290322580645161,0.755700325732899,0,0,1
1505,УИК №3175,1328,1030,15,980,729,"(55.8553879011213, 37.5872719846666)",1543,924,32,942,712,0.7868975903614458,0.7438775510204082,0.6195722618276086,0.7558386411889597,1,1,0
1506,УИК №739,1825,958,73,1009,442,"(55.837045, 37.642788)",820,496,3,493,361,0.564931506849315,0.4380574826560951,0.6085365853658536,0.7322515212981744,0,0,1
1507,УИК №740,1713,995,34,997,451,"(55.833602, 37.64348)",960,617,5,617,449,0.6007005253940455,0.4523570712136409,0.6479166666666667,0.7277147487844409,0,0,1
1508,УИК №741,2451,1415,47,1434,661,"(55.837045, 37.642788)",1942,1056,58,1090,756,0.5964912280701754,0.4609483960948396,0.5736354273944387,0.6935779816513762,0,0,1
1509,УИК №742,2040,1181,135,1286,630,"(55.837338, 37.653424)",1892,1138,37,1153,768,0.6450980392156863,0.4898911353032659,0.6210359408033826,0.6660884648742411,1,0,0
1510,УИК №743,1325,620,76,682,341,"(55.837338, 37.653424)",2347,1356,53,1386,975,0.5252830188679245,0.5,0.6003408606731998,0.7034632034632035,1,0,0
1511,УИК №744,2130,1226,94,1280,544,"(55.835442, 37.661024)",856,630,6,626,422,0.6197183098591549,0.425,0.7429906542056075,0.6741214057507987,1,0,0
1512,УИК №745,2600,1445,63,1461,740,"(55.833708, 37.664375)",1979,1162,43,1187,838,0.58,0.5065023956194388,0.6088933804951996,0.7059814658803707,1,0,0
1513,УИК №746,1840,974,84,1039,463,"(55.835442, 37.661024)",1261,617,43,649,468,0.575,0.4456207892204042,0.5233941316415543,0.7211093990755008,1,0,0
1514,УИК №747,2295,1288,60,1339,618,"(55.831423, 37.663782)",2085,1234,61,1268,831,0.5873638344226579,0.4615384615384615,0.6211031175059952,0.6553627760252366,1,0,0
1515,УИК №748,2168,1236,66,1267,588,"(55.831423, 37.663782)",2508,1384,56,1424,1053,0.6005535055350554,0.4640883977900552,0.5741626794258373,0.7394662921348315,1,0,0
1516,УИК №749,2324,1244,84,1300,640,"(55.828329, 37.668794)",2266,1152,60,1198,840,0.5714285714285714,0.4923076923076923,0.5348631950573698,0.7011686143572621,0,0,1
1517,УИК №3176,1149,908,13,907,627,"(55.836994, 37.638404)",1081,613,34,638,486,0.8015665796344648,0.6912899669239251,0.5985198889916744,0.7617554858934169,0,0,1
1518,УИК №3264,212,190,0,188,138,"(nan, nan)",771,435,38,470,373,0.8962264150943396,0.7340425531914894,0.6134889753566797,0.7936170212765957,0,0,1
1519,УИК №3265,215,145,70,213,125,"(nan, nan)",1084,620,56,669,514,1.0,0.5868544600938967,0.6236162361623616,0.7683109118086696,0,0,1
1520,УИК №3266,290,274,16,285,160,"(nan, nan)",1155,709,37,737,540,1.0,0.5614035087719298,0.6458874458874458,0.7327001356852103,0,0,1
1521,УИК №750,2342,1354,42,1345,620,"(55.853001, 37.657206)",2525,1421,53,1456,1044,0.5960717335610589,0.4609665427509293,0.5837623762376237,0.717032967032967,0,1,0
1522,УИК №751,2557,1502,73,1545,731,"(55.853001, 37.657206)",2086,1216,58,1257,893,0.6159561986703168,0.4731391585760517,0.610738255033557,0.7104216388225935,0,1,0
1523,УИК №752,2239,1360,69,1406,698,"(55.850247, 37.660799)",2123,1153,82,1222,880,0.6382313532827155,0.4964438122332859,0.5817239755063589,0.7201309328968903,0,1,0
1524,УИК №753,2470,1430,48,1445,636,"(55.850176, 37.654978)",2212,1326,30,1339,944,0.5983805668016194,0.4401384083044983,0.6130198915009042,0.7050037341299478,0,1,0
1525,УИК №754,2428,1380,54,1404,666,"(55.85202, 37.654718)",2360,1355,44,1362,965,0.5906095551894563,0.4743589743589743,0.5927966101694915,0.7085168869309838,0,1,0
1526,УИК №755,2591,1486,41,1493,668,"(55.852799, 37.642186)",2259,1321,57,1361,964,0.5893477421844847,0.4474212993971869,0.6100044267374944,0.7083027185892726,0,1,0
1527,УИК №756,2498,1415,89,1472,658,"(55.848129, 37.641503)",2647,1635,40,1648,1112,0.6020816653322658,0.4470108695652174,0.6327918398186626,0.6747572815533981,0,1,0
1528,УИК №757,2561,1583,43,1591,691,"(55.850707, 37.635979)",2533,1362,50,1397,998,0.6349082389691527,0.4343180389692017,0.5574417686537703,0.7143879742304939,0,0,1
1529,УИК №758,2622,1554,72,1576,703,"(55.852915, 37.638728)",2615,1342,90,1408,997,0.620137299771167,0.4460659898477157,0.5476099426386233,0.7080965909090909,0,1,0
1530,УИК №759,2576,1512,43,1515,700,"(55.852799, 37.642186)",2663,1617,48,1643,1139,0.6036490683229814,0.462046204620462,0.6252346977093504,0.6932440657334145,0,1,0
1531,УИК №760,2341,1246,48,1259,589,"(55.858928, 37.641737)",2859,1690,69,1732,1198,0.552755232806493,0.4678316123907863,0.6152500874431619,0.6916859122401847,0,1,0
1532,УИК №761,2619,1540,37,1535,687,"(55.861105, 37.640246)",2791,1639,53,1672,1166,0.6021382206949217,0.447557003257329,0.6062343246148334,0.6973684210526315,0,1,0
1533,УИК №762,2305,1327,40,1330,580,"(55.861105, 37.640246)",2162,1289,38,1247,852,0.593058568329718,0.4360902255639097,0.6137835337650324,0.6832397754611067,0,1,0
1534,УИК №763,2329,1313,45,1326,572,"(55.857473, 37.65187)",2854,1615,44,1645,1131,0.5830828681837699,0.4313725490196078,0.5812894183601962,0.6875379939209726,0,1,0
1535,УИК №764,2961,1547,37,1546,768,"(55.879218, 37.641638)",2619,1545,36,1566,1107,0.5349544072948328,0.4967658473479948,0.6036655211912944,0.7068965517241379,0,0,1
1536,УИК №765,2918,1580,152,1696,1004,"(55.879218, 37.641638)",2258,1303,36,1320,940,0.5935572309801234,0.5919811320754716,0.5930026572187777,0.7121212121212122,0,0,1
1537,УИК №766,2695,1666,37,1627,821,"(55.878667, 37.6524)",2197,1343,33,1357,987,0.6319109461966604,0.5046097111247695,0.6263086026399636,0.7273397199705232,0,0,1
1538,УИК №767,2764,1557,49,1573,759,"(55.878667, 37.6524)",2567,1516,61,1548,1094,0.581041968162084,0.4825174825174825,0.6143358005453837,0.7067183462532299,0,0,1
1539,УИК №768,2940,1546,45,1544,794,"(55.879218, 37.641638)",2750,1530,75,1575,1154,0.541156462585034,0.5142487046632125,0.5836363636363636,0.7326984126984127,0,0,1
1540,УИК №769,2846,1521,82,1570,830,"(55.884757, 37.651771)",2817,1674,49,1697,1214,0.5632466619817288,0.5286624203821656,0.6116435924742634,0.7153800824985268,0,1,0
1541,УИК №770,2566,1374,72,1411,714,"(55.884757, 37.651771)",2616,1578,49,1602,1176,0.5635229929851909,0.5060240963855421,0.6219418960244648,0.7340823970037453,0,1,0
1542,УИК №771,2460,1352,45,1367,667,"(55.88356, 37.648187)",2564,1489,29,1489,1128,0.5678861788617886,0.4879297732260424,0.5920436817472698,0.7575554063129617,0,1,0
1543,УИК №772,2388,1297,50,1319,641,"(55.88356, 37.648187)",2585,1473,69,1521,1099,0.5640703517587939,0.4859742228961334,0.5965183752417795,0.722550953320184,0,1,0
1544,УИК №773,2055,1053,46,1081,530,"(55.890563, 37.658922)",1997,1149,68,1197,913,0.5347931873479319,0.4902867715078631,0.6094141211817726,0.7627401837928154,0,1,0
1545,УИК №774,2159,1143,43,1156,563,"(55.88976, 37.6509)",1865,1100,43,1126,798,0.5493283927744326,0.4870242214532872,0.6128686327077748,0.7087033747779752,0,1,0
1546,УИК №775,2365,1306,53,1329,602,"(55.890618, 37.657377)",2378,1371,69,1418,1015,0.5746300211416491,0.4529721595184349,0.6055508830950378,0.7157968970380818,0,1,0
1547,УИК №776,2657,1541,47,1543,774,"(55.890563, 37.658922)",1961,1033,52,1055,757,0.5976665412118931,0.5016202203499676,0.5532891381947985,0.7175355450236967,0,1,0
1548,УИК №777,2250,1264,64,1306,645,"(55.890618, 37.657377)",2227,1335,23,1334,987,0.5902222222222222,0.4938744257274119,0.6097889537494388,0.739880059970015,0,1,0
1549,УИК №778,2201,1199,35,1213,610,"(55.890618, 37.657377)",581,355,15,365,256,0.5606542480690595,0.5028854080791426,0.6368330464716007,0.7013698630136986,0,1,0
1550,УИК №779,2369,1275,53,1314,682,"(55.88928, 37.670932)",2384,1355,56,1392,979,0.5605740818910933,0.5190258751902588,0.5918624161073825,0.7033045977011494,0,1,0
1551,УИК №780,2113,1150,47,1145,595,"(55.891183, 37.66415)",2568,1425,70,1468,1078,0.5664931377188831,0.519650655021834,0.5821651090342679,0.7343324250681199,0,1,0
1552,УИК №781,2636,1516,70,1544,754,"(55.891183, 37.66415)",2652,1572,49,1589,1178,0.6016691957511381,0.4883419689119171,0.611236802413273,0.7413467589679044,0,1,0
1553,УИК №782,2599,1421,58,1445,735,"(55.88928, 37.670932)",2280,1221,36,1236,869,0.5690650250096191,0.5086505190311419,0.5513157894736842,0.7030744336569579,0,1,0
1554,УИК №783,2407,1397,50,1424,701,"(55.88928, 37.670932)",2480,1346,48,1377,1007,0.6011632737847944,0.4922752808988764,0.5620967741935484,0.7312999273783588,0,1,0
1555,УИК №784,2352,1384,36,1373,604,"(55.891577, 37.677041)",2110,1260,32,1278,929,0.6037414965986394,0.4399126001456664,0.6123222748815166,0.7269170579029735,0,0,1
1556,УИК №785,2153,1299,27,1288,544,"(55.891577, 37.677041)",2738,1566,97,1640,1198,0.6158848118903855,0.422360248447205,0.6073776479181885,0.7304878048780488,0,0,1
1557,УИК №786,2431,1406,28,1401,707,"(55.891577, 37.677041)",2428,1430,64,1477,1102,0.5898807075277663,0.5046395431834404,0.6153212520593081,0.7461069735951252,0,0,1
1558,УИК №787,2057,1160,49,1171,573,"(55.885443, 37.667384)",2215,1247,62,1292,946,0.5877491492464755,0.4893253629376601,0.5909706546275395,0.7321981424148607,0,1,0
1559,УИК №788,2441,1399,35,1397,666,"(55.885443, 37.667384)",2258,1295,29,1297,910,0.5874641540352314,0.4767358625626342,0.5863596102745793,0.7016191210485736,0,1,0
1560,УИК №789,2236,1214,61,1237,583,"(55.885443, 37.667384)",1971,1170,38,1189,810,0.5702146690518783,0.4713015359741309,0.6128868594622019,0.6812447434819175,0,1,0
1561,УИК №790,2741,1514,24,1499,785,"(55.88459, 37.659353)",2441,1373,38,1398,1045,0.5611090842758117,0.52368245496998,0.5780417861532159,0.7474964234620887,0,1,0
1562,УИК №791,2307,1367,21,1365,710,"(55.88459, 37.659353)",2117,1227,73,1280,919,0.6016471608149111,0.5201465201465202,0.6140765233821446,0.71796875,0,1,0
1563,УИК №792,2755,1430,69,1459,743,"(55.884757, 37.651771)",2351,1362,76,1418,1029,0.5441016333938294,0.5092529129540782,0.6116546150574224,0.7256699576868829,0,1,0
1564,УИК №3177,2747,2022,17,1966,1101,"(55.88976, 37.6509)",1261,826,25,839,638,0.742264288314525,0.5600203458799593,0.6748612212529739,0.7604290822407628,0,1,0
1565,УИК №793,1890,1051,4,1035,515,"(55.9144801932584, 37.5473853573203)",2099,1191,58,1231,880,0.5582010582010583,0.4975845410628019,0.5950452596474511,0.7148659626320065,0,0,1
1566,УИК №794,1649,841,12,839,449,"(55.9144801932584, 37.5473853573203)",2799,1557,50,1579,1184,0.5172832019405701,0.5351609058402861,0.5741336191496963,0.7498416719442685,0,0,1
1567,УИК №795,2348,1105,5,1094,521,"(55.9269761580666, 37.5426733866334)",2273,1435,39,1456,1064,0.4727427597955707,0.4762340036563071,0.6484821821381435,0.7307692307692307,0,0,1
1568,УИК №796,1956,967,48,1000,515,"(55.9269761580666, 37.5426733866334)",1711,990,38,1006,741,0.5189161554192229,0.515,0.6008182349503215,0.7365805168986084,0,0,1
1569,УИК №797,2249,1456,81,1507,747,"(55.9397758360581, 37.5534023903311)",2052,1193,59,1230,883,0.6834148510449088,0.4956867949568679,0.6101364522417154,0.7178861788617886,0,0,1
1570,УИК №798,2363,1548,24,1527,836,"(55.935113, 37.556307)",2929,1779,19,1786,1359,0.6652560304697418,0.547478716437459,0.6138613861386139,0.7609182530795073,0,0,1
1571,УИК №799,1592,947,39,975,510,"(55.935113, 37.556307)",2348,1479,14,1478,1112,0.6193467336683417,0.5230769230769231,0.6358603066439523,0.7523680649526387,0,0,1
1572,УИК №800,2055,1145,75,1198,660,"(55.935113, 37.556307)",2628,1481,17,1459,1027,0.5936739659367397,0.5509181969949917,0.5700152207001522,0.7039067854694997,0,0,1
1573,УИК №3178,1254,971,0,953,651,"(55.9269234520945, 37.5426705367863)",1397,828,20,836,630,0.7743221690590112,0.683105981112277,0.6070150322118826,0.7535885167464115,0,0,1
1574,УИК №801,2797,1603,38,1614,796,"(55.877602, 37.618273)",2789,1674,54,1695,1247,0.5867000357525921,0.4931846344485749,0.6195769092864826,0.735693215339233,0,0,1
1575,УИК №802,2705,1465,39,1479,744,"(55.877602, 37.618273)",2276,1540,78,1586,1134,0.5560073937153419,0.5030425963488844,0.710896309314587,0.7150063051702396,0,0,1
1576,УИК №803,2298,1176,65,1217,644,"(55.876036, 37.623941)",2791,1985,28,1973,1488,0.5400348128807659,0.5291700903861956,0.7212468649229666,0.754181449569184,0,0,1
1577,УИК №804,2377,1193,60,1226,619,"(55.876036, 37.623941)",2107,1357,55,1386,993,0.5271350441733277,0.5048939641109299,0.6701471286188894,0.7164502164502164,0,0,1
1578,УИК №805,2865,1438,104,1517,722,"(55.876329, 37.629179)",2458,1390,52,1420,1059,0.5382198952879581,0.4759393539881345,0.5866558177379984,0.745774647887324,0,0,1
1579,УИК №806,2404,1339,44,1364,694,"(55.876329, 37.629179)",1942,1339,6,1333,955,0.5752911813643927,0.5087976539589443,0.6925849639546859,0.7164291072768192,0,0,1
1580,УИК №807,2910,1354,57,1376,698,"(55.87594, 37.630167)",2901,1746,35,1753,1291,0.4848797250859106,0.5072674418604651,0.613926232333678,0.7364517969195664,0,0,1
1581,УИК №808,2204,1057,62,1103,521,"(55.87594, 37.630167)",2696,1564,64,1600,1173,0.5077132486388385,0.4723481414324569,0.6038575667655787,0.733125,0,0,1
1582,УИК №809,2778,1399,47,1414,709,"(55.87594, 37.630167)",2621,1403,74,1460,1070,0.5205183585313174,0.5014144271570015,0.5635253719954216,0.7328767123287672,0,0,1
1583,УИК №810,2770,1441,82,1493,719,"(55.875657, 37.644432)",2850,1572,101,1633,1216,0.5498194945848376,0.4815807099799062,0.5870175438596491,0.7446417636252296,0,0,1
1584,УИК №811,2503,1240,83,1301,646,"(55.875657, 37.644432)",2207,1232,60,1279,915,0.5285657211346384,0.4965411222136818,0.5854100589034889,0.7154026583268178,0,0,1
1585,УИК №812,1967,1016,51,1041,512,"(55.875657, 37.644432)",2359,1412,37,1439,1069,0.5424504321301474,0.4918347742555235,0.6142433234421365,0.7428769979152189,0,0,1
1586,УИК №813,2483,1334,53,1356,662,"(55.874511, 37.642887)",1670,942,39,974,702,0.558598469593234,0.4882005899705015,0.5874251497005988,0.7207392197125256,0,0,1
1587,УИК №814,2239,1268,49,1291,647,"(55.874516, 37.651115)",2583,1399,95,1474,1026,0.58820902188477,0.5011618900077459,0.578397212543554,0.6960651289009498,0,1,0
1588,УИК №815,2298,1386,45,1398,646,"(55.874516, 37.651115)",2837,1590,101,1671,1208,0.6227154046997389,0.4620886981402002,0.5960521677828692,0.7229204069419509,0,1,0
1589,УИК №816,2364,1321,35,1317,662,"(55.874516, 37.651115)",2743,1597,52,1622,1182,0.5736040609137056,0.5026575550493546,0.6011666059059424,0.7287299630086314,0,1,0
1590,УИК №817,2423,1374,63,1413,609,"(55.867465, 37.642644)",2446,1360,63,1414,1081,0.5930664465538589,0.4309978768577495,0.5817661488143908,0.7644978783592645,0,0,1
1591,УИК №818,2812,1641,49,1605,770,"(55.867465, 37.642644)",1865,1008,36,1035,796,0.60099573257468,0.4797507788161994,0.5597855227882037,0.7690821256038647,0,0,1
1592,УИК №819,2319,1319,44,1332,629,"(55.867051, 37.635377)",2525,1553,59,1595,1185,0.5877533419577404,0.4722222222222222,0.6384158415841584,0.7429467084639498,0,0,1
1593,УИК №820,2849,1725,31,1708,775,"(55.867051, 37.635377)",2115,1224,28,1236,882,0.6163566163566163,0.4537470725995316,0.5919621749408983,0.7135922330097088,0,0,1
1594,УИК №3267,981,973,0,952,663,"(nan, nan)",980,643,19,657,498,0.9918450560652396,0.6964285714285714,0.6755102040816326,0.7579908675799086,0,0,1
1595,УИК №821,2246,1313,30,1301,650,"(55.880884, 37.72034)",2196,1383,40,1411,1000,0.5979519145146928,0.4996156802459646,0.6479963570127505,0.7087172218284904,0,0,1
1596,УИК №822,2616,1500,129,1590,825,"(55.876218, 37.724364)",2261,1323,41,1345,1003,0.6227064220183486,0.5188679245283019,0.6032728881026095,0.745724907063197,0,0,1
1597,УИК №823,2707,1609,83,1651,836,"(55.874137, 37.724229)",2642,1557,41,1576,1125,0.625046176579239,0.5063597819503332,0.6048448145344436,0.7138324873096447,0,0,1
1598,УИК №824,2653,1514,77,1565,793,"(55.874258, 37.719172)",3053,1858,62,1839,1336,0.599698454579721,0.5067092651757189,0.6288896167703898,0.7264817835780315,0,0,1
1599,УИК №825,2603,1478,48,1489,747,"(55.87141, 37.715049)",2458,1538,66,1580,1162,0.5862466384940453,0.5016789791806582,0.6525630593978845,0.7354430379746836,0,0,1
1600,УИК №826,2134,1201,18,1197,628,"(55.866652, 37.708958)",2615,1614,44,1644,1214,0.5712277413308341,0.5246449456975772,0.6340344168260038,0.7384428223844283,0,0,1
1601,УИК №827,2239,1336,54,1366,613,"(55.858887, 37.693992)",2720,1534,185,1693,1305,0.6208128628852166,0.4487554904831625,0.631985294117647,0.7708210277613704,0,0,1
1602,УИК №828,2956,1577,44,1594,649,"(55.858887, 37.693992)",2929,1695,75,1747,1297,0.5483761840324763,0.4071518193224592,0.604301809491294,0.7424155695477962,0,0,1
1603,УИК №829,2682,1552,36,1557,668,"(55.858887, 37.693992)",2646,1542,78,1588,1179,0.5920954511558538,0.4290301862556198,0.6122448979591837,0.7424433249370277,0,0,1
1604,УИК №830,2255,1317,41,1327,599,"(55.852789, 37.690426)",2662,1491,46,1518,1133,0.6022172949002217,0.4513941220798794,0.5773854244928626,0.7463768115942029,0,0,1
1605,УИК №831,2432,1504,54,1526,673,"(55.851161, 37.688171)",2441,1337,22,1343,992,0.640625,0.4410222804718217,0.556739041376485,0.7386448250186151,0,0,1
1606,УИК №832,2313,1313,49,1338,591,"(55.851161, 37.688171)",2105,1331,48,1359,990,0.5888456549935149,0.4417040358744394,0.6551068883610451,0.7284768211920529,0,0,1
1607,УИК №833,1723,965,61,1015,471,"(55.864672, 37.695932)",2041,1317,35,1331,900,0.5954730121880442,0.4640394088669951,0.6624203821656051,0.67618332081142,0,0,1
1608,УИК №834,2273,1323,48,1347,696,"(55.864672, 37.695932)",2399,1405,53,1437,985,0.6031676198856137,0.5167037861915368,0.6077532305127137,0.6854558107167711,0,0,1
1609,УИК №835,2533,1454,52,1475,788,"(55.866313, 37.698421)",2212,1262,54,1299,917,0.5945519147256217,0.5342372881355932,0.5949367088607594,0.7059276366435719,0,0,1
1610,УИК №836,2072,1204,49,1237,628,"(55.866313, 37.698421)",2335,1384,88,1433,982,0.6047297297297297,0.50767987065481,0.630406852248394,0.6852756454989533,0,0,1
1611,УИК №837,2174,1157,67,1196,641,"(55.868773, 37.703739)",2213,1233,35,1227,869,0.563017479300828,0.5359531772575251,0.5729778581111613,0.7082314588427058,0,0,1
1612,УИК №838,2758,1568,80,1595,822,"(55.868773, 37.703739)",364,256,5,255,197,0.5975344452501813,0.5153605015673981,0.717032967032967,0.7725490196078432,0,0,1
1613,УИК №839,2783,1647,48,1651,806,"(55.877082, 37.711392)",1621,868,51,905,662,0.6090549766439094,0.4881889763779528,0.566933991363356,0.7314917127071823,0,0,1
1614,УИК №840,2612,1502,84,1558,766,"(55.877082, 37.711392)",2285,1340,51,1373,1053,0.607197549770291,0.4916559691912708,0.6087527352297593,0.7669337217771304,0,0,1
1615,УИК №841,2832,1572,84,1610,843,"(55.8774188611415, 37.7150301262737)",2726,1522,75,1559,1141,0.5847457627118644,0.5236024844720497,0.5858400586940572,0.731879409878127,0,0,1
1616,УИК №842,2508,1360,70,1414,754,"(55.880884, 37.72034)",2047,1167,69,1220,895,0.5701754385964912,0.5332390381895332,0.6038104543234001,0.7336065573770492,0,0,1
1617,УИК №3179,2172,1875,5,1856,1357,"(55.856068, 37.680598)",1172,690,27,704,542,0.8655616942909761,0.7311422413793104,0.6117747440273038,0.7698863636363636,0,0,1
1618,УИК №2771,2738,1704,100,1766,807,"(55.887024, 37.39214)",2444,1406,20,1405,983,0.6588750913075238,0.456964892412231,0.5834697217675942,0.699644128113879,0,0,1
1619,УИК №2772,2433,1395,84,1451,712,"(55.887024, 37.39214)",2603,1459,20,1461,999,0.6078914919852034,0.4906960716747071,0.568190549366116,0.6837782340862423,0,0,1
1620,УИК №2773,2498,1633,10,1601,686,"(55.894515, 37.397575)",2065,1113,23,1116,804,0.6577261809447558,0.4284821986258588,0.5501210653753027,0.7204301075268817,0,0,1
1621,УИК №2774,2419,1429,13,1419,580,"(55.894192, 37.395778)",2266,1365,24,1376,973,0.5961140967341877,0.408738548273432,0.6129744042365401,0.7071220930232558,0,0,1
1622,УИК №2775,1558,908,17,907,403,"(55.900128, 37.382393)",2027,1135,42,1161,861,0.5937098844672657,0.444321940463065,0.5806610754810064,0.7416020671834626,0,0,1
1623,УИК №2776,1528,902,14,887,405,"(55.900128, 37.382393)",1737,966,45,995,727,0.599476439790576,0.4565952649379932,0.5820379965457686,0.7306532663316583,0,0,1
1624,УИК №2777,2580,1538,23,1530,740,"(55.903903, 37.381378)",2642,1485,48,1513,1078,0.6050387596899225,0.4836601307189542,0.5802422407267221,0.712491738268341,0,0,1
1625,УИК №3378,738,427,300,708,461,"(nan, nan)",1907,1291,23,1287,974,0.9850948509485096,0.6511299435028248,0.6890403775563713,0.7567987567987567,0,0,1
1626,УИК №2778,2665,1513,70,1564,748,"(55.828283, 37.348985)",2164,1170,31,1173,804,0.5939962476547842,0.4782608695652174,0.5549907578558225,0.6854219948849105,0,0,1
1627,УИК №2779,2572,1453,113,1542,791,"(55.828283, 37.348985)",2677,1569,19,1574,1083,0.6088646967340591,0.5129701686121919,0.5932013447889428,0.6880559085133418,0,0,1
1628,УИК №2780,1033,571,20,590,247,"(55.832551, 37.352111)",2474,1437,44,1468,1036,0.5721200387221684,0.4186440677966102,0.5986257073565077,0.7057220708446866,0,0,1
1629,УИК №2781,1615,916,9,906,403,"(55.832551, 37.352111)",2056,1193,53,1234,858,0.5727554179566563,0.4448123620309051,0.6060311284046692,0.6952998379254457,0,0,1
1630,УИК №2782,1376,836,10,832,357,"(55.832171, 37.354123)",1531,922,23,935,689,0.6148255813953488,0.4290865384615384,0.6172436316133246,0.7368983957219252,0,0,1
1631,УИК №2783,1469,863,4,856,400,"(55.832171, 37.354123)",2068,1226,46,1258,841,0.5901974132062627,0.4672897196261682,0.6150870406189555,0.6685214626391097,0,0,1
1632,УИК №2784,2176,1246,7,1225,457,"(55.836059, 37.359513)",1881,1033,44,1067,783,0.5758272058823529,0.3730612244897959,0.5725677830940988,0.7338331771321462,0,0,1
1633,УИК №2785,2145,1214,23,1218,536,"(55.836059, 37.359513)",2491,1378,48,1407,1002,0.5766899766899767,0.4400656814449918,0.5724608590927338,0.7121535181236673,0,0,1
1634,УИК №2786,2797,1584,40,1598,759,"(55.841397, 37.361211)",1830,1062,30,1081,771,0.5806220951018949,0.4749687108886107,0.5967213114754099,0.7132284921369103,0,1,0
1635,УИК №2787,2629,1471,25,1466,630,"(55.841397, 37.361211)",2712,1431,2,1414,948,0.5690376569037657,0.4297407912687585,0.5283923303834809,0.6704384724186704,0,1,0
1636,УИК №2788,2148,1220,32,1223,519,"(55.841397, 37.361211)",1812,954,41,974,649,0.5828677839851024,0.4243663123466885,0.5491169977924945,0.6663244353182751,0,1,0
1637,УИК №2789,2167,1236,142,1359,676,"(55.841458, 37.363008)",874,516,8,516,276,0.6359021688970927,0.4974245768947756,0.5995423340961098,0.5348837209302325,0,1,0
1638,УИК №2790,2293,1419,29,1367,596,"(55.841458, 37.363008)",1946,1038,33,1055,716,0.631487134757959,0.4359912216532553,0.5503597122302158,0.6786729857819905,0,1,0
1639,УИК №2791,1521,881,23,889,358,"(55.842267, 37.349722)",2818,1380,96,1458,1077,0.5943458251150558,0.4026996625421822,0.5237757274662882,0.7386831275720165,0,1,0
1640,УИК №2792,1494,869,15,869,352,"(55.842267, 37.349722)",3033,1617,69,1663,1276,0.5917001338688086,0.4050632911392405,0.5558852621167161,0.7672880336740829,0,1,0
1641,УИК №2793,1705,1182,13,1072,433,"(55.846366, 37.343416)",3106,1783,78,1837,1311,0.7008797653958945,0.4039179104477612,0.5991629104958146,0.713663581927055,0,0,1
1642,УИК №2794,1594,1004,11,992,467,"(55.846366, 37.343416)",2430,1407,50,1429,1052,0.636762860727729,0.470766129032258,0.5995884773662551,0.7361791462561231,0,0,1
1643,УИК №2795,2952,1727,23,1727,807,"(55.846249, 37.352372)",2657,1450,57,1483,1126,0.5928184281842819,0.4672843080486392,0.5671810312382386,0.7592717464598786,0,1,0
1644,УИК №2796,2883,1657,28,1632,770,"(55.846249, 37.352372)",2622,1475,69,1527,1167,0.584460631286854,0.471813725490196,0.5888634630053394,0.7642436149312377,0,1,0
1645,УИК №2797,2821,1717,51,1722,801,"(55.846062, 37.350018)",2198,1190,30,1202,912,0.6267281105990783,0.4651567944250871,0.5550500454959054,0.7587354409317804,0,1,0
1646,УИК №2798,2289,1409,52,1439,714,"(55.846062, 37.350018)",2249,1276,50,1305,1005,0.6382699868938401,0.4961779013203614,0.5895953757225434,0.7701149425287356,0,1,0
1647,УИК №2799,2664,1549,22,1547,663,"(55.849944, 37.349506)",2684,1582,67,1631,1284,0.5897147147147147,0.4285714285714285,0.6143815201192251,0.7872470876762723,1,1,0
1648,УИК №2800,2770,1603,25,1596,673,"(55.849944, 37.349506)",2861,1503,69,1545,1117,0.5877256317689531,0.4216791979949875,0.5494582313876267,0.7229773462783171,1,1,0
1649,УИК №2801,2405,1396,42,1421,668,"(55.849095, 37.344664)",2399,1357,80,1428,1081,0.597920997920998,0.47009148486981,0.5989995831596499,0.7570028011204482,1,0,0
1650,УИК №2802,2656,1533,40,1536,756,"(55.849095, 37.344664)",2675,1524,57,1561,1188,0.5922439759036144,0.4921875,0.5910280373831776,0.7610506085842409,1,0,0
1651,УИК №2803,2649,1402,89,1461,672,"(55.854643, 37.345886)",1451,734,59,785,572,0.5628539071347678,0.459958932238193,0.5465196416264645,0.7286624203821656,1,0,0
1652,УИК №2804,2204,1326,24,1334,694,"(55.854643, 37.345886)",1673,991,39,1013,774,0.6125226860254084,0.52023988005997,0.6156604901374776,0.7640671273445212,1,0,0
1653,УИК №2805,2571,1457,49,1481,717,"(55.855391, 37.345814)",2653,1556,48,1577,1217,0.5857642940490082,0.4841323430114787,0.6045985676592537,0.771718452758402,1,0,0
1654,УИК №2806,2647,1520,25,1523,718,"(55.855391, 37.345814)",2503,1535,56,1557,1170,0.583679637325274,0.4714379514116875,0.6356372353176188,0.7514450867052023,1,0,0
1655,УИК №2807,2441,1363,27,1359,657,"(55.856492, 37.34682)",2390,1385,57,1427,1082,0.5694387546087669,0.4834437086092715,0.6033472803347281,0.7582340574632095,1,0,0
1656,УИК №2808,2524,1447,24,1437,656,"(55.856492, 37.34682)",3054,1880,40,1885,1380,0.5828050713153724,0.4565066109951287,0.6286836935166994,0.7320954907161804,1,0,0
1657,УИК №2809,1879,1068,21,1070,433,"(55.856892, 37.361445)",2679,1640,39,1646,1245,0.5795635976583289,0.4046728971962617,0.6267263904441956,0.7563791008505468,1,0,0
1658,УИК №2810,1777,1242,18,1215,548,"(55.856892, 37.361445)",2364,1436,47,1458,1120,0.7090602138435566,0.4510288065843621,0.627326565143824,0.7681755829903978,1,0,0
1659,УИК №2811,2923,1514,175,1658,770,"(55.849918, 37.358822)",2150,1318,11,1312,947,0.5778309955525145,0.4644149577804584,0.618139534883721,0.7217987804878049,1,1,0
1660,УИК №2812,2692,1583,35,1596,762,"(55.849918, 37.358822)",2160,1300,56,1336,1042,0.6010401188707281,0.4774436090225564,0.6277777777777778,0.7799401197604791,1,1,0
1661,УИК №2813,2274,1251,36,1265,596,"(55.849918, 37.358822)",2247,1317,45,1345,1036,0.5659630606860159,0.4711462450592885,0.6061415220293725,0.7702602230483271,1,1,0
1662,УИК №2814,2415,1392,36,1376,624,"(55.850737, 37.357708)",2914,1796,45,1803,1362,0.591304347826087,0.4534883720930232,0.6317776252573781,0.7554076539101497,1,1,0
1663,УИК №2815,2492,1409,29,1422,690,"(55.850737, 37.357708)",2142,1409,32,1423,1011,0.5770465489566613,0.4852320675105485,0.6727357609710551,0.7104708362614195,1,1,0
1664,УИК №2816,2601,1520,25,1529,772,"(55.847493, 37.365056)",2453,1425,37,1446,1070,0.5940023068050749,0.5049051667756703,0.5960048919690175,0.739972337482711,0,1,0
1665,УИК №2817,2206,1195,48,1216,623,"(55.847493, 37.365056)",2289,1182,73,1240,947,0.5634632819582955,0.5123355263157895,0.5482743556138051,0.7637096774193548,0,1,0
1666,УИК №2818,2090,1191,55,1214,633,"(55.847493, 37.365056)",2397,1298,74,1360,1007,0.5961722488038278,0.5214168039538715,0.5723821443471006,0.7404411764705883,0,1,0
1667,УИК №2819,1911,1017,72,1017,568,"(55.827484, 37.426923)",2226,1324,17,1328,907,0.5698587127158555,0.5585054080629301,0.6024258760107817,0.6829819277108434,0,1,0
1668,УИК №2820,2559,1447,17,1438,638,"(55.841665, 37.388286)",2026,1009,19,1019,678,0.5720984759671747,0.4436717663421418,0.5074037512339585,0.6653581943081452,0,1,0
1669,УИК №2821,2964,1634,33,1645,745,"(55.841665, 37.388286)",2323,1332,22,1334,937,0.5624156545209177,0.4528875379939209,0.5828669823504089,0.7023988005997002,0,1,0
1670,УИК №2822,1484,935,17,942,512,"(55.839284, 37.382402)",2032,1243,39,1259,873,0.6415094339622641,0.5435244161358811,0.6309055118110236,0.69340746624305,0,1,0
1671,УИК №2823,1755,1026,11,1025,525,"(55.839284, 37.382402)",2111,1313,60,1355,940,0.5908831908831909,0.5121951219512195,0.6504026527711985,0.6937269372693727,0,1,0
1672,УИК №2824,3090,1913,46,1916,891,"(55.839729, 37.381468)",2429,1406,38,1388,967,0.6339805825242718,0.4650313152400835,0.5944833264717991,0.696685878962536,0,1,0
1673,УИК №2825,2801,1610,17,1608,756,"(55.839729, 37.381468)",2054,1082,43,1109,750,0.5808639771510175,0.4701492537313433,0.547711781888997,0.6762849413886384,0,1,0
1674,УИК №3182,1876,1309,6,0,0,"(55.844324, 37.383642)",1250,806,22,819,606,0.7009594882729211,,0.6624,0.73992673992674,0,1,0
1675,УИК №2826,2087,1292,44,1299,598,"(55.813642, 37.458984)",2022,1162,25,1178,828,0.6401533301389555,0.4603541185527329,0.5870425321463897,0.7028862478777589,0,1,0
1676,УИК №2827,2803,1573,64,1600,730,"(55.813642, 37.458984)",2527,1443,32,1454,981,0.5840171245094542,0.45625,0.5836960823110408,0.6746905089408528,0,1,0
1677,УИК №2828,2784,1700,68,1735,720,"(55.8158338755111, 37.4592139385641)",2232,1278,7,1257,824,0.6350574712643678,0.414985590778098,0.5757168458781362,0.6555290373906125,0,1,0
1678,УИК №2829,2285,1507,71,1553,844,"(55.813642, 37.458984)",2242,1284,10,1249,862,0.6905908096280088,0.5434642627173213,0.5771632471008028,0.6901521216973578,0,1,0
1679,УИК №2830,1905,1176,81,1233,640,"(55.825897, 37.449929)",1832,1001,13,1001,686,0.6598425196850394,0.519059205190592,0.5534934497816594,0.6853146853146853,0,1,0
1680,УИК №2831,2883,1960,49,1974,1004,"(55.829739, 37.445788)",2932,1629,39,1642,1096,0.6968435657301422,0.5086119554204661,0.5688949522510232,0.6674786845310596,0,1,0
1681,УИК №2832,2419,1419,15,1398,576,"(55.830402, 37.450495)",2258,1200,49,1238,835,0.5928069450186028,0.4120171673819742,0.5531443755535872,0.6744749596122779,0,1,0
1682,УИК №2833,2770,1721,51,1726,884,"(55.825897, 37.449929)",1848,1029,45,1051,693,0.6397111913357401,0.5121668597914253,0.5811688311688312,0.659372026641294,0,1,0
1683,УИК №2834,3074,1730,41,1728,764,"(55.826999, 37.454789)",1764,1026,48,1059,719,0.5761223162003903,0.4421296296296296,0.608843537414966,0.6789423984891407,0,0,1
1684,УИК №2835,1068,900,0,876,617,"(55.83072, 37.457376)",2272,1333,77,1342,885,0.8426966292134831,0.704337899543379,0.6205985915492958,0.6594634873323398,0,0,1
1685,УИК №2836,2441,1474,67,1396,626,"(55.826999, 37.454789)",1916,1220,74,1282,822,0.631298648095043,0.4484240687679083,0.675365344467641,0.641185647425897,0,0,1
1686,УИК №2837,2132,1327,62,1366,703,"(55.827874, 37.429672)",2857,1590,58,1619,1090,0.6515009380863039,0.5146412884333821,0.5768288414420721,0.6732550957381099,0,1,0
1687,УИК №2838,2282,1329,54,1346,671,"(55.827874, 37.429672)",1379,737,40,761,480,0.6060473269062226,0.4985141158989599,0.5634517766497462,0.6307490144546649,0,1,0
1688,УИК №2839,1807,1040,53,1071,571,"(55.832707, 37.420177)",2469,1418,85,1381,896,0.6048699501936912,0.5331465919701214,0.6087484811664642,0.6488052136133237,0,0,1
1689,УИК №2840,1741,924,10,913,476,"(55.832707, 37.420177)",2202,1235,64,1273,820,0.5364732912119472,0.5213581599123768,0.5899182561307902,0.6441476826394344,0,0,1
1690,УИК №3379,215,200,7,205,104,"(nan, nan)",2609,1625,55,1659,1255,0.9627906976744186,0.5073170731707317,0.6439248754311997,0.7564798071127184,0,0,1
1691,УИК №3380,221,191,23,206,103,"(nan, nan)",2464,1514,65,1554,1172,0.9683257918552036,0.5,0.640827922077922,0.7541827541827542,0,0,1
1692,УИК №3381,126,66,41,104,65,"(nan, nan)",2480,1423,92,1489,1153,0.8492063492063492,0.625,0.6108870967741935,0.7743451981195433,0,0,1
1693,УИК №3382,299,208,91,292,166,"(nan, nan)",1154,698,23,718,560,1.0,0.5684931506849316,0.6247833622183708,0.7799442896935933,0,0,1
1694,УИК №3383,150,150,0,142,67,"(nan, nan)",2244,1501,43,1516,1190,1.0,0.4718309859154929,0.6880570409982175,0.7849604221635884,0,0,1
1695,УИК №3384,375,375,0,324,201,"(nan, nan)",2362,1502,42,1515,1165,1.0,0.6203703703703703,0.6536833192209992,0.768976897689769,0,0,1
1696,УИК №3385,135,114,21,132,82,"(nan, nan)",2936,1708,58,1742,1308,1.0,0.6212121212121212,0.6014986376021798,0.7508610792192881,0,0,1
1697,УИК №2841,2703,1507,54,1517,706,"(55.852359, 37.415568)",1832,997,45,1027,671,0.5775064742878283,0.4653922214897825,0.5687772925764192,0.6533592989289192,0,0,1
1698,УИК №2842,2450,1371,82,1414,718,"(55.852799, 37.412739)",1684,961,46,981,637,0.5930612244897959,0.5077793493635078,0.5979809976247031,0.6493374108053007,0,0,1
1699,УИК №2843,2228,1227,47,1243,603,"(55.852799, 37.412739)",1860,1128,39,1151,814,0.5718132854578097,0.4851166532582461,0.6274193548387097,0.7072111207645526,0,0,1
1700,УИК №2844,2911,1466,91,1530,777,"(55.852359, 37.415568)",3531,2201,4,2174,1527,0.5348677430436276,0.5078431372549019,0.6244689889549703,0.702391904323827,0,0,1
1701,УИК №2845,2915,1673,29,1676,797,"(55.857316, 37.419584)",2036,1288,9,1288,903,0.583876500857633,0.4755369928400955,0.6370333988212181,0.7010869565217391,0,0,1
1702,УИК №2846,2447,1263,45,1276,624,"(55.854886, 37.413421)",2341,1296,22,1293,820,0.5345320800980793,0.4890282131661442,0.5630072618539086,0.634184068058778,0,0,1
1703,УИК №2847,2528,1453,27,1444,712,"(55.858589, 37.410088)",2475,1360,12,1349,860,0.5854430379746836,0.4930747922437673,0.5543434343434344,0.6375092661230541,0,0,1
1704,УИК №2848,2699,1512,41,1516,703,"(55.858589, 37.410088)",2629,1403,30,1392,920,0.5753982956650612,0.4637203166226913,0.5450741726892354,0.6609195402298851,0,0,1
1705,УИК №2849,3169,1921,6,1878,669,"(55.863192, 37.421443)",2004,1114,42,1135,807,0.6080782581255917,0.3562300319488818,0.5768463073852296,0.7110132158590309,0,1,0
1706,УИК №2850,2031,1049,35,1068,526,"(55.861125, 37.42262)",2494,1485,42,1485,1064,0.533727227966519,0.4925093632958801,0.6122694466720129,0.7164983164983165,0,1,0
1707,УИК №2851,2693,1327,19,1319,541,"(55.861125, 37.42262)",2502,1369,18,1360,963,0.499814333457111,0.4101592115238817,0.5543565147881695,0.7080882352941177,0,1,0
1708,УИК №2852,2306,1190,53,1221,577,"(55.862474, 37.427013)",2275,1172,56,1209,896,0.5390286209887251,0.4725634725634726,0.5397802197802197,0.7411083540115798,0,1,0
1709,УИК №2853,2246,1295,52,1323,640,"(55.862474, 37.427013)",2247,1180,47,1213,865,0.5997328584149599,0.4837490551776266,0.5460614152202937,0.7131079967023908,0,1,0
1710,УИК №2854,2488,1387,49,1412,696,"(55.860438, 37.431522)",2340,1168,74,1215,862,0.5771704180064309,0.4929178470254957,0.5307692307692308,0.7094650205761317,0,1,0
1711,УИК №2855,2617,1386,57,1410,719,"(55.860438, 37.431522)",1807,965,57,1012,699,0.5513947267863967,0.5099290780141844,0.5655783065855008,0.6907114624505929,0,1,0
1712,УИК №2856,2156,1202,95,1275,677,"(55.856694, 37.42686)",1370,766,11,752,520,0.6015769944341373,0.5309803921568628,0.5671532846715328,0.6914893617021277,0,1,0
1713,УИК №2857,2584,1444,51,1465,767,"(55.855512, 37.430408)",2450,1373,57,1410,925,0.5785603715170279,0.5235494880546075,0.5836734693877551,0.6560283687943262,0,1,0
1714,УИК №2858,2662,1468,65,1504,789,"(55.855512, 37.430408)",2285,1405,42,1405,1003,0.5758827948910593,0.5246010638297872,0.6332603938730853,0.7138790035587189,0,1,0
1715,УИК №2859,2202,1210,51,1241,710,"(55.854779, 37.424057)",1293,750,34,750,493,0.572661217075386,0.572119258662369,0.6063418406805878,0.6573333333333333,0,1,0
1716,УИК №2860,2445,1313,32,1322,654,"(55.854779, 37.424057)",2115,1138,50,1173,843,0.5501022494887525,0.4947049924357035,0.5617021276595745,0.7186700767263428,0,1,0
1717,УИК №2861,2681,1505,56,1522,746,"(55.852379, 37.430301)",1963,1123,66,1169,843,0.5822454308093995,0.4901445466491458,0.6057055527254203,0.7211291702309667,0,1,0
1718,УИК №2862,2691,1432,42,1446,702,"(55.852379, 37.430301)",2555,1613,38,1624,1120,0.5477517651430694,0.4854771784232365,0.6461839530332681,0.6896551724137931,0,1,0
1719,УИК №2863,2340,1205,31,1202,576,"(55.852379, 37.430301)",1558,909,39,930,665,0.5282051282051282,0.4792013311148086,0.6084724005134788,0.7150537634408602,0,1,0
1720,УИК №2864,2018,1111,58,1143,533,"(55.856088, 37.444269)",2407,1326,82,1391,962,0.5792864222001982,0.4663167104111986,0.5849605317823017,0.6915887850467289,0,1,0
1721,УИК №2865,2026,1022,46,1058,496,"(55.856755, 37.44409)",1259,738,17,746,474,0.527147087857848,0.4688090737240075,0.5996822875297856,0.6353887399463807,0,1,0
1722,УИК №2866,1971,1081,55,1112,485,"(55.856755, 37.44409)",2792,1548,39,1565,1074,0.5763571790969051,0.4361510791366906,0.5684097421203438,0.6862619808306709,0,1,0
1723,УИК №2867,2427,1274,73,1329,615,"(55.857457, 37.446883)",2576,1432,47,1456,981,0.5550061804697157,0.4627539503386004,0.5741459627329193,0.6737637362637363,0,1,0
1724,УИК №2868,2547,1414,62,1452,701,"(55.857457, 37.446883)",2009,1139,80,1206,808,0.5795053003533569,0.4827823691460055,0.606769537083126,0.6699834162520729,0,1,0
1725,УИК №2869,2588,1549,53,1572,712,"(55.861878, 37.445311)",1133,666,11,669,448,0.6190108191653787,0.4529262086513995,0.5975286849073257,0.6696562032884903,0,1,0
1726,УИК №2870,2709,1540,42,1545,664,"(55.861878, 37.445311)",244,131,9,138,98,0.5839793281653747,0.4297734627831715,0.5737704918032787,0.7101449275362319,0,1,0
1727,УИК №2871,2226,1245,42,1234,590,"(55.859872, 37.438763)",2599,1383,31,1386,986,0.578167115902965,0.4781199351701782,0.544055405925356,0.7113997113997114,0,1,0
1728,УИК №2872,2139,1244,42,1263,546,"(55.859872, 37.438763)",1761,1113,46,1141,786,0.6012155212716223,0.4323040380047506,0.6581487791027825,0.6888694127957932,0,1,0
1729,УИК №2873,2402,1357,58,1380,690,"(55.859872, 37.438763)",2294,1198,50,1230,892,0.5890924229808493,0.5,0.5440278988666085,0.7252032520325203,0,1,0
1730,УИК №2874,2422,1319,50,1344,601,"(55.862691, 37.441952)",2321,1400,63,1425,1036,0.56523534269199,0.447172619047619,0.6303317535545023,0.7270175438596491,0,1,0
1731,УИК №2875,2343,1314,37,1323,595,"(55.862691, 37.441952)",2686,1556,53,1581,1124,0.5766111822449851,0.4497354497354497,0.5990320178704394,0.7109424414927261,0,1,0
1732,УИК №2876,2507,1345,47,1369,652,"(55.861878, 37.445311)",2320,1344,101,1425,878,0.5552453131232549,0.4762600438276114,0.6228448275862069,0.616140350877193,0,1,0
1733,УИК №2877,2583,1578,33,1574,755,"(55.866647, 37.445608)",162,110,38,138,109,0.6236933797909407,0.4796696315120711,0.9135802469135802,0.7898550724637681,0,1,0
1734,УИК №2878,2538,1425,45,1434,681,"(55.866647, 37.445608)",1691,970,45,989,644,0.5791962174940898,0.4748953974895397,0.6002365464222353,0.6511627906976745,0,1,0
1735,УИК №2879,384,161,204,358,293,"(55.866713, 37.432403)",1991,1059,70,1116,773,0.9505208333333334,0.8184357541899442,0.5670517327975891,0.692652329749104,0,1,0
1736,УИК №3183,1247,961,7,952,703,"(55.859784594115, 37.4109127186239)",1504,884,22,884,658,0.7762630312750601,0.7384453781512605,0.6023936170212766,0.744343891402715,0,0,1
1737,УИК №3184,1985,1428,12,1426,1134,"(55.861722, 37.43384)",1686,1025,18,1029,760,0.72544080604534,0.7952314165497896,0.6186239620403321,0.738581146744412,0,1,0
1738,УИК №3386,160,155,0,154,77,"(nan, nan)",1441,856,29,872,695,0.96875,0.5,0.6141568355308813,0.7970183486238532,0,0,1
1739,УИК №2880,2598,1442,52,1466,691,"(55.815782, 37.398464)",2190,1200,57,1233,854,0.5750577367205543,0.4713506139154161,0.5739726027397261,0.6926196269261963,0,0,1
1740,УИК №2881,2804,1740,43,1751,805,"(55.815782, 37.398464)",1962,1059,47,1091,741,0.6358773181169758,0.4597372929754426,0.563710499490316,0.6791934005499541,0,0,1
1741,УИК №2882,2883,1714,53,1687,762,"(55.815782, 37.398464)",2622,1366,58,1396,1005,0.6129032258064516,0.4516893894487255,0.5430968726163234,0.7199140401146131,0,0,1
1742,УИК №2883,2623,1549,39,1553,749,"(55.815782, 37.398464)",2498,1370,78,1414,1019,0.6054136484940907,0.4822923374114617,0.5796637309847879,0.7206506364922206,0,0,1
1743,УИК №2884,1400,805,20,810,351,"(55.814184, 37.401797)",2549,1408,60,1447,1028,0.5892857142857143,0.4333333333333333,0.5759121224009416,0.710435383552177,0,0,1
1744,УИК №2885,2384,1351,43,1372,590,"(55.814184, 37.401797)",2506,1360,80,1421,935,0.584731543624161,0.4300291545189504,0.5746209098164405,0.6579873328641802,0,0,1
1745,УИК №2886,1207,677,24,689,321,"(55.814184, 37.401797)",2573,1403,83,1449,1005,0.5807787903893952,0.4658925979680696,0.5775359502526234,0.6935817805383023,0,0,1
1746,УИК №2887,1771,1010,11,1007,521,"(55.812105, 37.406504)",2510,1384,39,1399,963,0.5765104460756635,0.5173783515392254,0.5669322709163347,0.688348820586133,0,1,0
1747,УИК №2888,2463,1408,3,1383,871,"(55.812105, 37.406504)",1216,712,24,727,490,0.5728786033292732,0.6297903109182935,0.6052631578947368,0.6740027510316369,0,1,0
1748,УИК №2889,2891,1531,33,1533,746,"(55.809246, 37.410789)",2028,1163,45,1191,830,0.5409892770667589,0.4866275277234181,0.5956607495069034,0.6968933669185559,0,1,0
1749,УИК №2890,1901,1109,21,1102,549,"(55.809246, 37.410789)",2017,1068,74,1123,782,0.5944239873750657,0.4981851179673321,0.5661874070401587,0.6963490650044524,0,1,0
1750,УИК №2891,2069,1198,25,1196,538,"(55.809246, 37.410789)",2029,1072,35,1088,781,0.5911068148864186,0.4498327759197324,0.5455889600788566,0.7178308823529411,0,1,0
1751,УИК №2892,1284,734,21,744,337,"(55.80739, 37.412496)",2388,1365,46,1378,1016,0.588006230529595,0.4529569892473118,0.5908710217755444,0.737300435413643,0,1,0
1752,УИК №2893,1606,1086,29,1094,438,"(55.80739, 37.412496)",2546,1432,87,1491,1038,0.6942714819427148,0.4003656307129798,0.5966221523959152,0.6961770623742455,0,1,0
1753,УИК №2894,1861,1052,25,1059,499,"(55.80739, 37.412496)",1819,1026,58,1069,726,0.5787211176786674,0.4711992445703494,0.5959318306761957,0.6791393826005613,0,1,0
1754,УИК №2895,1461,894,29,914,436,"(55.806616, 37.41935)",2324,1283,58,1310,863,0.6317590691307323,0.4770240700218818,0.5770223752151463,0.6587786259541984,0,0,1
1755,УИК №2896,2007,1186,39,1205,616,"(55.806616, 37.41935)",2004,1149,67,1188,837,0.6103637269556552,0.5112033195020746,0.6067864271457086,0.7045454545454546,0,0,1
1756,УИК №2897,1246,741,20,748,383,"(55.806616, 37.41935)",2023,1088,43,1089,751,0.6107544141252006,0.5120320855614974,0.5590706870983687,0.689623507805326,0,0,1
1757,УИК №2898,2620,1496,42,1515,739,"(55.806262, 37.400683)",2560,1365,50,1380,968,0.5870229007633587,0.4877887788778878,0.552734375,0.7014492753623188,0,1,0
1758,УИК №2899,2209,1318,37,1330,670,"(55.807319, 37.40274)",2834,1490,66,1528,1042,0.6133997283838841,0.5037593984962406,0.5490472829922372,0.6819371727748691,0,1,0
1759,УИК №2900,2356,1280,43,1296,657,"(55.807319, 37.40274)",2653,1429,91,1465,1075,0.5615449915110357,0.5069444444444444,0.5729362985299661,0.7337883959044369,0,1,0
1760,УИК №2901,2659,1436,45,1459,727,"(55.807319, 37.40274)",2088,1316,52,1346,993,0.5569763068822866,0.4982864976010966,0.6551724137931034,0.7377414561664191,0,1,0
1761,УИК №2902,1222,758,17,764,404,"(55.807314, 37.398015)",2865,1477,74,1526,1069,0.6342062193126022,0.5287958115183246,0.5413612565445026,0.700524246395806,0,1,0
1762,УИК №2903,2092,1291,30,1296,643,"(55.807314, 37.398015)",2689,1417,49,1447,1071,0.6314531548757171,0.4961419753086419,0.5451840833023429,0.7401520387007602,0,1,0
1763,УИК №2904,2267,1306,27,1309,591,"(55.810284, 37.394763)",2381,1330,53,1360,1003,0.588001764446405,0.4514896867838044,0.5808483830323393,0.7375,0,1,0
1764,УИК №2905,2123,1250,22,1254,639,"(55.810284, 37.394763)",2613,1546,29,1553,1065,0.599152143193594,0.5095693779904307,0.6027554535017221,0.6857694784288474,0,1,0
1765,УИК №2906,2629,1393,26,1393,658,"(55.810284, 37.394763)",2582,1451,37,1469,1024,0.5397489539748954,0.4723618090452261,0.576297443841983,0.697072838665759,0,1,0
1766,УИК №2907,1775,1025,25,1017,461,"(55.802305, 37.394934)",1811,1025,62,1074,756,0.5915492957746479,0.4532940019665683,0.6002208724461623,0.7039106145251397,0,1,0
1767,УИК №2908,1743,990,33,998,481,"(55.802305, 37.394934)",2554,1580,19,1573,1113,0.5869191049913941,0.4819639278557114,0.6260767423649177,0.7075651621106167,0,1,0
1768,УИК №2909,2426,1388,48,1403,636,"(55.802305, 37.394934)",675,473,6,472,358,0.5919208573784006,0.4533143264433357,0.7096296296296296,0.7584745762711864,0,1,0
1769,УИК №2910,2047,1135,34,1158,528,"(55.801698, 37.398482)",2540,1597,17,1596,1105,0.5710796287249633,0.4559585492227979,0.6354330708661418,0.6923558897243107,0,1,0
1770,УИК №2911,1847,969,49,1005,483,"(55.801698, 37.398482)",2583,1497,44,1522,1097,0.5511640498105035,0.4805970149253731,0.5965931087882307,0.7207621550591328,0,1,0
1771,УИК №2912,2132,1257,38,1269,583,"(55.801698, 37.398482)",1968,1182,26,1189,863,0.6074108818011257,0.4594168636721828,0.6138211382113821,0.7258200168208578,0,1,0
1772,УИК №2913,1687,1036,12,1035,496,"(55.799122, 37.409064)",3515,2038,30,2041,1419,0.6212211025489034,0.4792270531400966,0.5883357041251778,0.6952474277315042,0,1,0
1773,УИК №2914,1370,848,16,847,409,"(55.799122, 37.409064)",3068,1687,68,1738,1310,0.6306569343065693,0.4828807556080283,0.5720338983050848,0.7537399309551208,0,1,0
1774,УИК №2915,2441,1417,35,1430,662,"(55.796815, 37.396605)",2795,1577,52,1612,1205,0.5948381810733306,0.4629370629370629,0.5828264758497317,0.7475186104218362,0,1,0
1775,УИК №2916,2634,1761,62,1595,758,"(55.796815, 37.396605)",639,399,0,392,266,0.6921032649962034,0.4752351097178683,0.6244131455399061,0.6785714285714286,0,1,0
1776,УИК №2917,2536,1524,54,1491,714,"(55.796815, 37.396605)",2734,1624,30,1636,1216,0.6222397476340694,0.4788732394366197,0.6049743964886612,0.7432762836185819,0,1,0
1777,УИК №2918,2559,1510,50,1523,777,"(55.79681, 37.400791)",2285,1311,36,1327,976,0.6096131301289566,0.5101772816808929,0.5894967177242888,0.7354935945742276,0,1,0
1778,УИК №2919,1904,1239,20,1220,601,"(55.79681, 37.400791)",2517,1533,26,1539,1151,0.6612394957983193,0.4926229508196721,0.619388160508542,0.7478882391163093,0,1,0
1779,УИК №2920,1397,898,27,907,432,"(55.79681, 37.400791)",2622,1422,22,1421,956,0.6621331424481031,0.4762954796030871,0.5507246376811594,0.6727656579873329,0,1,0
1780,УИК №2921,2051,1296,32,1293,587,"(55.797063, 37.40486)",2334,1369,27,1380,974,0.6474890297415895,0.4539829853054911,0.598114824335904,0.7057971014492753,0,1,0
1781,УИК №2922,2472,1467,45,1494,680,"(55.797063, 37.40486)",2391,1514,28,1515,1112,0.6116504854368932,0.4551539491298527,0.644918444165621,0.733993399339934,0,1,0
1782,УИК №2923,2623,1514,49,1531,676,"(55.797063, 37.40486)",2505,1456,42,1485,1046,0.5958825772016775,0.4415414761593729,0.5980039920159681,0.7043771043771043,0,1,0
1783,УИК №2924,862,584,16,591,367,"(55.790453, 37.405848)",2333,1323,68,1371,963,0.6960556844547564,0.6209813874788495,0.5962280325760823,0.7024070021881839,0,0,1
1784,УИК №3185,1712,1361,2,1337,977,"(55.807636582541, 37.3975843191147)",1429,878,24,889,657,0.7961448598130841,0.7307404637247569,0.6312106368089573,0.7390326209223848,0,1,0
1785,УИК №3186,2080,1419,4,1398,1060,"(55.799122, 37.409064)",1194,778,20,784,589,0.6841346153846154,0.7582260371959942,0.6683417085427136,0.7512755102040817,0,1,0
1786,УИК №2925,2638,1616,9,1577,608,"(55.770426, 37.492895)",2581,1535,43,1553,1093,0.6159969673995451,0.3855421686746988,0.6113909337466098,0.7037990985189955,0,0,1
1787,УИК №2926,2276,1351,24,1346,546,"(55.770426, 37.492895)",1774,1046,32,1065,718,0.6041300527240774,0.4056463595839524,0.6076662908680946,0.6741784037558686,0,0,1
1788,УИК №2927,2553,1399,41,1393,627,"(55.772846, 37.482214)",1557,871,30,893,602,0.564042303172738,0.4501076812634602,0.5786769428387926,0.6741321388577828,0,0,1
1789,УИК №2928,2154,1011,41,1024,471,"(55.770871, 37.478837)",1733,1029,27,1044,714,0.4883936861652739,0.4599609375,0.6093479515291402,0.6839080459770115,0,0,1
1790,УИК №2929,2295,1141,41,1152,549,"(55.770871, 37.478837)",1554,899,24,911,639,0.515032679738562,0.4765625,0.5939510939510939,0.7014270032930845,0,0,1
1791,УИК №2930,2050,1134,18,1120,529,"(55.769524, 37.47156)",2186,1369,31,1383,1031,0.5619512195121952,0.4723214285714285,0.6404391582799634,0.7454808387563269,0,0,1
1792,УИК №2931,2456,1344,26,1346,654,"(55.774558, 37.472315)",2121,1326,25,1340,1027,0.5578175895765473,0.4858841010401188,0.636963696369637,0.7664179104477612,0,0,1
1793,УИК №2932,2180,1187,29,1196,451,"(55.775049, 37.463035)",2137,1291,30,1304,933,0.5577981651376147,0.3770903010033445,0.6181562938699111,0.7154907975460123,0,0,1
1794,УИК №2933,2058,1071,25,1076,448,"(55.775049, 37.463035)",2183,1321,16,1318,1007,0.532555879494655,0.4163568773234201,0.6124599175446633,0.7640364188163885,0,0,1
1795,УИК №2934,2337,1199,64,1248,575,"(55.774619, 37.498968)",2288,1420,15,1415,1059,0.540436456996149,0.4607371794871794,0.6271853146853147,0.7484098939929329,1,0,0
1796,УИК №2935,2352,1222,51,1255,624,"(55.774305, 37.485673)",2761,1568,21,1568,1166,0.5412414965986394,0.497211155378486,0.5755161173487867,0.7436224489795918,0,0,1
1797,УИК №2936,2161,1385,46,1394,802,"(55.774305, 37.485673)",2764,1554,45,1586,1182,0.6621934289680703,0.5753228120516499,0.5785094066570188,0.7452711223203027,0,0,1
1798,УИК №2937,2019,1065,40,1086,496,"(55.778061, 37.500468)",2648,1646,27,1646,1226,0.5473006438831105,0.4567219152854512,0.631797583081571,0.7448359659781288,1,0,0
1799,УИК №2938,2224,1221,36,1235,620,"(55.777935, 37.491161)",2475,1496,34,1512,1136,0.5651978417266187,0.5020242914979757,0.6181818181818182,0.7513227513227513,1,0,0
1800,УИК №2939,2034,1076,39,1085,485,"(55.779656, 37.496075)",2081,1298,22,1302,1005,0.548180924287119,0.4470046082949309,0.6343104276790005,0.771889400921659,1,0,0
1801,УИК №2940,2071,1081,57,1119,542,"(55.778593, 37.481612)",2568,1483,53,1524,1170,0.5494929985514244,0.484361036639857,0.5981308411214953,0.7677165354330708,0,0,1
1802,УИК №2941,2034,1169,36,1171,519,"(55.778593, 37.481612)",2367,1454,28,1461,1090,0.5924287118977385,0.4432109308283518,0.6261089987325729,0.7460643394934976,0,0,1
1803,УИК №2942,2066,1203,48,1224,535,"(55.7804411465174, 37.4836897663772)",2865,1458,85,1527,1153,0.6055179090029041,0.4370915032679738,0.5385689354275742,0.7550753110674525,0,0,1
1804,УИК №2943,2022,1204,51,1176,500,"(55.7804411465174, 37.4836897663772)",2663,1588,23,1563,1146,0.6206726013847675,0.4251700680272108,0.6049568156214795,0.7332053742802304,0,0,1
1805,УИК №2944,2246,1281,34,1292,574,"(55.784349, 37.482592)",2620,1623,25,1627,1195,0.5854853072128228,0.4442724458204334,0.6290076335877862,0.734480639213276,0,0,1
1806,УИК №2945,2165,1148,43,1165,539,"(55.784349, 37.482592)",2266,1269,35,1289,892,0.5501154734411086,0.4626609442060085,0.5754633715798765,0.6920093095422808,0,0,1
1807,УИК №2946,2065,1210,73,1250,511,"(55.780461, 37.477336)",2465,1490,20,1489,1023,0.6213075060532688,0.4088,0.6125760649087221,0.687038280725319,0,0,1
1808,УИК №2947,2395,1320,39,1337,592,"(55.778679, 37.474417)",2675,1556,49,1594,1161,0.5674321503131524,0.4427823485415108,0.6,0.7283563362609786,0,0,1
1809,УИК №2948,2538,1436,45,1447,631,"(55.778679, 37.474417)",2617,1552,61,1581,1147,0.5835303388494878,0.4360746371803732,0.6163546045089797,0.7254901960784313,0,0,1
1810,УИК №2949,2207,1296,49,1313,559,"(55.78363, 37.479915)",2429,1402,104,1483,1115,0.6094245582238332,0.4257425742574257,0.6200082338410868,0.7518543492919757,0,0,1
1811,УИК №2950,2090,1176,61,1213,531,"(55.78363, 37.479915)",2192,1386,48,1414,1042,0.591866028708134,0.437757625721352,0.6541970802919708,0.7369165487977369,0,0,1
1812,УИК №2951,2024,1214,28,1210,519,"(55.784405, 37.480867)",2523,1381,36,1390,981,0.6136363636363636,0.4289256198347107,0.5616329766151407,0.7057553956834532,0,0,1
1813,УИК №2952,2290,1363,17,1340,605,"(55.786571, 37.476339)",3159,1914,75,1970,1510,0.6026200873362445,0.4514925373134328,0.6296296296296297,0.766497461928934,0,0,1
1814,УИК №2953,2135,1272,48,1279,545,"(55.786571, 37.476339)",2852,1735,63,1786,1327,0.6182669789227166,0.4261141516810008,0.6304347826086957,0.7430011198208286,0,0,1
1815,УИК №2954,2370,1316,60,1342,595,"(55.786308, 37.466)",3367,2197,40,2213,1531,0.580590717299578,0.4433681073025335,0.6643896643896644,0.6918210573881609,0,0,1
1816,УИК №2955,2446,1200,39,1206,585,"(55.78075, 37.467257)",1816,987,70,1006,785,0.5065412919051513,0.4850746268656716,0.5820484581497798,0.7803180914512923,0,0,1
1817,УИК №2956,2349,1197,49,1227,542,"(55.781185, 37.46458)",2977,1726,9,1714,1235,0.530438484461473,0.4417277913610432,0.5828014779979845,0.720536756126021,0,0,1
1818,УИК №2957,2134,1160,51,1184,579,"(55.78075, 37.467257)",1302,721,19,731,514,0.5674789128397376,0.4890202702702703,0.5683563748079877,0.7031463748290013,0,0,1
1819,УИК №2958,2197,1162,58,1164,536,"(55.782228, 37.46653)",2310,1393,18,1395,1026,0.5553026854802002,0.4604810996563573,0.6108225108225108,0.7354838709677419,0,0,1
1820,УИК №2959,2025,1083,31,1099,459,"(55.780405, 37.457052)",2702,1495,37,1509,1116,0.5501234567901234,0.4176524112829845,0.5669874167283494,0.7395626242544732,0,0,1
1821,УИК №2960,2046,1061,47,1086,510,"(55.780405, 37.457052)",1914,1185,33,1197,909,0.541544477028348,0.4696132596685083,0.6363636363636364,0.7593984962406015,0,0,1
1822,УИК №2961,1746,1034,29,1045,474,"(55.781939, 37.460134)",1893,1186,21,1194,904,0.6088201603665521,0.4535885167464115,0.6376122556788167,0.7571189279731994,0,0,1
1823,УИК №2962,1222,723,40,740,358,"(55.786308, 37.466)",1812,1136,13,1138,862,0.6243862520458265,0.4837837837837838,0.6341059602649006,0.7574692442882249,0,0,1
1824,УИК №2963,2136,1205,67,1243,559,"(55.78973, 37.461787)",2209,1289,45,1314,969,0.5955056179775281,0.4497184231697506,0.6038931643277501,0.7374429223744292,0,0,1
1825,УИК №2964,2106,1304,44,1317,603,"(55.789603, 37.45911)",2393,1292,56,1331,929,0.6400759734093068,0.4578587699316628,0.5633096531550356,0.6979714500375658,0,0,1
1826,УИК №2965,2273,1113,48,1138,514,"(55.785574, 37.457627)",1594,930,50,974,669,0.5107787065552134,0.4516695957820738,0.6148055207026348,0.686858316221766,0,0,1
1827,УИК №2966,2172,1167,40,1186,582,"(55.785078, 37.453163)",2194,1143,67,1198,868,0.5557090239410681,0.490725126475548,0.5515041020966271,0.7245409015025042,0,0,1
1828,УИК №2967,2079,1177,27,1170,454,"(55.784972, 37.451752)",1707,1007,40,1037,718,0.5791245791245792,0.388034188034188,0.6133567662565905,0.6923818707810994,0,0,1
1829,УИК №2968,2125,1248,44,1266,554,"(55.784972, 37.451752)",2511,1375,34,1390,956,0.608,0.4375987361769352,0.5611310234966149,0.6877697841726619,0,0,1
1830,УИК №2969,1705,1130,31,1119,548,"(55.787923, 37.450046)",2898,1606,72,1663,1233,0.6809384164222874,0.4897229669347632,0.5790200138026225,0.7414311485267588,0,0,1
1831,УИК №2970,1164,611,16,605,285,"(55.774558, 37.472315)",2667,1523,53,1482,1057,0.538659793814433,0.4710743801652892,0.5909261342332208,0.713225371120108,0,0,1
1832,УИК №3187,1178,772,6,764,431,"(55.7827706369312, 37.4513440020382)",1717,1076,20,1085,759,0.6604414261460102,0.5641361256544503,0.6383226557949913,0.6995391705069124,0,0,1
1833,УИК №3387,749,745,0,732,621,"(nan, nan)",1223,698,35,719,570,0.9946595460614152,0.8483606557377049,0.5993458708094849,0.7927677329624478,0,0,1
1834,УИК №3388,169,159,0,155,93,"(nan, nan)",1337,816,19,827,616,0.940828402366864,0.6,0.6245325355272999,0.7448609431680774,0,0,1
1835,УИК №3389,1100,766,278,1006,587,"(nan, nan)",2808,1385,94,1466,1142,0.9490909090909092,0.5834990059642147,0.5267094017094017,0.7789904502046384,0,0,1
1836,УИК №2971,2202,1290,47,1307,548,"(55.793693, 37.48614)",586,370,5,370,266,0.6071752951861944,0.4192807957153787,0.6399317406143344,0.7189189189189189,1,1,0
1837,УИК №2972,2302,1307,35,1305,566,"(55.794624, 37.486337)",2636,1471,75,1522,1046,0.582971329278888,0.4337164750957854,0.58649468892261,0.6872536136662286,1,1,0
1838,УИК №2973,2304,1195,50,1201,554,"(55.794624, 37.486337)",2717,1641,39,1666,1192,0.5403645833333334,0.4612822647793505,0.6183290393816709,0.7154861944777912,1,1,0
1839,УИК №2974,2676,1518,32,1516,675,"(55.78932, 37.47704)",2940,1661,60,1700,1191,0.5792227204783259,0.4452506596306068,0.5853741496598639,0.7005882352941176,0,0,1
1840,УИК №2975,2710,1534,47,1540,636,"(55.788874, 37.488161)",1889,1046,46,1072,767,0.5833948339483395,0.412987012987013,0.5780836421386977,0.7154850746268657,1,1,0
1841,УИК №2976,2260,1259,61,1294,583,"(55.790246, 37.497315)",2296,1193,48,1218,881,0.584070796460177,0.4505409582689335,0.5405052264808362,0.7233169129720853,1,1,0
1842,УИК №2977,2535,1532,39,1541,671,"(55.790246, 37.497315)",2495,1470,43,1480,1123,0.619723865877712,0.4354315379623621,0.6064128256513026,0.7587837837837837,1,1,0
1843,УИК №2978,1873,1158,36,1156,466,"(55.791542, 37.498303)",1826,1083,42,1116,819,0.6374799786438868,0.4031141868512111,0.6161007667031764,0.7338709677419355,1,1,0
1844,УИК №2979,1768,1106,20,1102,451,"(55.795115, 37.495249)",1598,964,14,965,753,0.6368778280542986,0.4092558983666062,0.6120150187734669,0.7803108808290156,1,1,0
1845,УИК №2980,2419,1293,27,1290,579,"(55.797194, 37.488395)",2438,1366,63,1410,1030,0.5456800330715171,0.4488372093023255,0.5861361771944217,0.7304964539007093,1,1,0
1846,УИК №2981,2283,1263,50,1265,441,"(55.797194, 37.488395)",2233,1186,57,1226,910,0.5751204555409549,0.3486166007905138,0.5566502463054187,0.7422512234910277,1,1,0
1847,УИК №2982,2106,1205,49,1214,590,"(55.801268, 37.490919)",2330,1287,61,1333,999,0.5954415954415955,0.485996705107084,0.5785407725321888,0.7494373593398349,1,1,0
1848,УИК №2983,2403,1302,37,1297,555,"(55.7991009163571, 37.4871744588018)",2195,1251,53,1291,968,0.5572201414898044,0.4279105628373169,0.5940774487471526,0.7498063516653757,1,1,0
1849,УИК №2984,2647,1588,53,1599,620,"(55.802356, 37.471452)",2239,1387,16,1397,973,0.6199471099357764,0.3877423389618512,0.6266190263510496,0.6964924838940587,0,1,0
1850,УИК №2985,1877,1104,37,1114,500,"(55.793014, 37.456783)",2220,1188,59,1227,912,0.6078849227490677,0.4488330341113106,0.5617117117117117,0.7432762836185819,0,0,1
1851,УИК №2986,1440,1337,3,1283,725,"(55.793014, 37.456783)",2254,1179,49,1214,893,0.9305555555555556,0.5650818394388153,0.5448092280390417,0.7355848434925865,0,0,1
1852,УИК №2987,2531,1492,43,1485,628,"(55.795226, 37.46423)",2685,1553,44,1585,1196,0.6064796523113394,0.4228956228956229,0.5947858472998138,0.7545741324921136,0,0,1
1853,УИК №2988,2244,1399,44,1407,643,"(55.795226, 37.46423)",2803,1627,50,1658,1207,0.643048128342246,0.457000710732054,0.5982875490545844,0.7279855247285887,0,0,1
1854,УИК №2989,2123,1270,40,1270,556,"(55.802356, 37.471452)",1557,1095,7,1081,696,0.6170513424399435,0.4377952755905512,0.7077713551701991,0.6438482886216467,0,1,0
1855,УИК №2990,1884,1139,33,1138,486,"(55.805063, 37.470042)",2656,1402,52,1434,1014,0.6220806794055201,0.4270650263620387,0.5474397590361446,0.7071129707112971,0,1,0
1856,УИК №2991,1889,1132,24,1118,459,"(55.803019, 37.463368)",1873,1011,26,1027,694,0.6119640021175226,0.4105545617173524,0.5536572343833422,0.6757546251217137,0,1,0
1857,УИК №2992,2138,1217,35,1227,548,"(55.8052052959444, 37.467322088778)",2701,1478,38,1505,1082,0.5855940130963517,0.4466177669111654,0.5612736023694928,0.718936877076412,0,1,0
1858,УИК №2993,2054,1193,54,1220,487,"(55.799229, 37.456217)",2087,1165,33,1185,854,0.6071080817916261,0.3991803278688524,0.5740297077144226,0.7206751054852321,0,0,1
1859,УИК №2994,1623,867,48,889,381,"(55.799229, 37.456217)",2421,1410,59,1444,1060,0.5637707948243993,0.4285714285714285,0.6067740603056588,0.7340720221606648,0,0,1
1860,УИК №2995,2457,1416,43,1424,642,"(55.807865, 37.46131)",2431,1390,51,1425,1067,0.5938135938135938,0.4508426966292135,0.5927601809954751,0.7487719298245614,0,1,0
1861,УИК №2996,1716,1094,15,1083,423,"(55.808134, 37.477399)",2337,1357,44,1384,1013,0.6462703962703963,0.3905817174515235,0.5994865211810013,0.7319364161849711,1,1,0
1862,УИК №2997,2439,1572,54,1590,856,"(55.807162, 37.452345)",2449,1362,58,1405,1058,0.6666666666666666,0.5383647798742138,0.5798285014291548,0.7530249110320285,0,1,0
1863,УИК №2998,2546,1402,64,1433,672,"(55.807162, 37.452345)",2028,1138,42,1169,886,0.5758051846032993,0.4689462665736217,0.5818540433925049,0.757912745936698,0,1,0
1864,УИК №2999,2641,1314,47,1324,528,"(55.807162, 37.452345)",2429,1369,50,1404,1064,0.51533510034078,0.3987915407854985,0.5841910251132153,0.7578347578347578,0,1,0
1865,УИК №3390,537,452,38,481,253,"(nan, nan)",2702,1717,123,1804,1406,0.9124767225325884,0.525987525987526,0.6809770540340488,0.779379157427938,0,0,1
1866,УИК №3391,1237,132,1068,1187,690,"(nan, nan)",1994,1115,31,1136,882,0.9700889248181084,0.5812973883740522,0.5747241725175527,0.7764084507042254,0,0,1
1867,УИК №3392,228,215,0,210,135,"(nan, nan)",2525,1405,30,1420,1102,0.9429824561403508,0.6428571428571429,0.5683168316831683,0.776056338028169,0,0,1
1868,УИК №3393,335,335,0,329,177,"(nan, nan)",2893,1619,24,1623,1229,1.0,0.5379939209726444,0.567922571724853,0.7572396796056685,0,0,1
1869,УИК №3394,219,219,0,210,92,"(nan, nan)",2382,1446,16,1435,1082,1.0,0.4380952380952381,0.6137699412258606,0.7540069686411149,0,0,1
1870,УИК №3395,319,299,0,296,174,"(nan, nan)",2367,1433,27,1439,1051,0.9373040752351096,0.5878378378378378,0.6168145331643431,0.7303683113273106,0,0,1
1871,УИК №3396,137,137,0,136,69,"(nan, nan)",2158,1220,49,1248,965,1.0,0.5073529411764706,0.5880444856348471,0.7732371794871795,0,0,1
1872,УИК №3397,86,86,0,84,57,"(nan, nan)",1953,1217,27,1230,894,1.0,0.6785714285714286,0.636968766001024,0.7268292682926829,0,0,1
1873,УИК №3398,1389,1386,0,1380,1092,"(nan, nan)",1183,738,11,740,550,0.9978401727861772,0.7913043478260869,0.6331360946745562,0.7432432432432432,0,0,1
1874,УИК №3000,2635,1610,60,1625,743,"(55.840725, 37.454007)",2388,1337,56,1381,1025,0.6337760910815939,0.4572307692307692,0.5833333333333334,0.7422157856625634,0,0,1
1875,УИК №3001,2619,1393,100,1468,681,"(55.839572, 37.456082)",2368,1309,44,1289,945,0.5700649102710958,0.4638964577656675,0.5713682432432432,0.7331264546159814,0,0,1
1876,УИК №3002,2599,1514,100,1582,749,"(55.839572, 37.456082)",1865,1042,41,1077,793,0.6210080800307811,0.4734513274336283,0.5806970509383378,0.7363045496750232,0,0,1
1877,УИК №3003,2677,1711,46,1721,824,"(55.846618, 37.456082)",2410,1379,43,1400,1009,0.6563317146059021,0.4787914003486345,0.5900414937759336,0.7207142857142858,0,0,1
1878,УИК №3004,2520,1538,73,1571,760,"(55.846234, 37.453199)",2351,1275,43,1303,964,0.6392857142857142,0.483768300445576,0.5606125053168864,0.7398311588641596,0,1,0
1879,УИК №3005,2316,1284,63,1322,670,"(55.84447, 37.449938)",2294,1239,60,1276,925,0.5816062176165803,0.5068078668683812,0.5662598081952921,0.7249216300940439,0,1,0
1880,УИК №3006,2554,1375,80,1418,694,"(55.84589, 37.450683)",2320,1245,49,1271,862,0.5696945967110415,0.4894217207334274,0.5577586206896552,0.6782061369000787,0,1,0
1881,УИК №3007,2255,1314,78,1357,650,"(55.84589, 37.450683)",2282,1301,52,1331,948,0.6172949002217295,0.4789977892409727,0.5929009640666082,0.7122464312546957,0,1,0
1882,УИК №3008,2391,1252,72,1293,627,"(55.84824, 37.444171)",2172,1226,36,1248,902,0.5537432036804685,0.4849187935034802,0.5810313075506446,0.7227564102564102,0,1,0
1883,УИК №3009,2100,1145,61,1177,530,"(55.84447, 37.449938)",2419,1409,63,1453,1050,0.5742857142857143,0.4502973661852166,0.6085159156676313,0.7226428079834825,0,1,0
1884,УИК №3010,2257,1213,31,1218,582,"(55.84397, 37.44064)",2266,1269,54,1302,941,0.5511741249446167,0.4778325123152709,0.5838481906443072,0.7227342549923195,0,1,0
1885,УИК №3011,1592,804,42,818,421,"(55.841165, 37.438314)",2103,1157,48,1199,863,0.5314070351758794,0.5146699266503667,0.5729909652876842,0.7197664720600501,0,1,0
1886,УИК №3012,1172,575,48,616,294,"(55.8428150965133, 37.4341429956257)",2698,1428,44,1447,1018,0.5315699658703071,0.4772727272727273,0.5455893254262416,0.7035245335176227,0,1,0
1887,УИК №3013,1775,1005,40,1026,523,"(55.8428150965133, 37.4341429956257)",2282,1272,54,1311,968,0.5887323943661972,0.5097465886939572,0.5810692375109553,0.738367658276125,0,1,0
1888,УИК №3014,2278,1320,30,1315,628,"(55.845097, 37.436301)",2276,1283,51,1303,914,0.5926251097453907,0.4775665399239543,0.5861159929701231,0.7014581734458941,0,1,0
1889,УИК №3015,2319,1274,39,1280,612,"(55.848518, 37.437873)",2277,1263,0,1244,905,0.5661923242777059,0.478125,0.5546772068511199,0.727491961414791,0,1,0
1890,УИК №3016,2358,1297,57,1325,661,"(55.848518, 37.437873)",2354,1231,47,1262,956,0.5742154368108566,0.4988679245283018,0.5429056924384027,0.757527733755943,0,1,0
1891,УИК №3017,2654,1522,68,1556,694,"(55.84674, 37.430139)",2470,1487,50,1518,1117,0.5990957045968349,0.4460154241645244,0.6222672064777328,0.735836627140975,0,1,0
1892,УИК №3018,2160,1131,78,1175,581,"(55.847442, 37.421497)",2560,1463,54,1503,1062,0.5597222222222222,0.4944680851063829,0.592578125,0.7065868263473054,0,0,1
1893,УИК №3019,2595,1401,88,1461,759,"(55.847442, 37.421497)",504,342,88,403,292,0.5737957610789981,0.5195071868583162,0.8531746031746031,0.7245657568238213,0,0,1
1894,УИК №3020,2807,1535,55,1558,778,"(55.842843, 37.42288)",2164,1224,59,1270,932,0.5664410402565015,0.4993581514762516,0.5928835489833642,0.7338582677165354,0,0,1
1895,УИК №3021,2599,1413,43,1419,644,"(55.848695, 37.40999)",2213,1409,50,1398,1040,0.5602154674874952,0.4538407329105003,0.6592860370537732,0.7439198855507868,0,0,1
1896,УИК №3022,2235,1250,21,1244,608,"(55.848695, 37.40999)",2122,1152,51,1185,849,0.5686800894854586,0.4887459807073955,0.5669180018850142,0.7164556962025317,0,0,1
1897,УИК №3023,2763,1627,43,1615,729,"(55.848695, 37.40999)",2509,1470,32,1487,1089,0.6044154904089758,0.4513931888544891,0.5986448784376246,0.7323470073974445,0,0,1
1898,УИК №3024,1744,877,34,892,439,"(55.84492, 37.403324)",2424,1427,43,1447,1095,0.5223623853211009,0.492152466367713,0.6064356435643564,0.7567380787836904,0,0,1
1899,УИК №3025,1866,1035,41,1047,461,"(55.84492, 37.403324)",2258,1264,51,1296,972,0.5766345123258306,0.440305635148042,0.5823737821080602,0.75,0,0,1
1900,УИК №3026,2202,1279,18,1274,565,"(55.839289, 37.40345)",1124,627,23,641,499,0.5890099909173478,0.4434850863422292,0.5782918149466192,0.7784711388455539,0,0,1
1901,УИК №3027,2692,1613,110,1704,831,"(55.839289, 37.40345)",1578,992,18,1002,744,0.6400445765230312,0.4876760563380282,0.6400506970849176,0.7425149700598802,0,0,1
1902,УИК №3188,1267,1019,3,1011,543,"(55.837823, 37.440092)",1894,1186,49,1209,901,0.8066298342541437,0.5370919881305638,0.6520591341077085,0.7452440033085195,0,0,1
1903,УИК №3399,253,250,0,246,186,"(nan, nan)",2113,1279,13,1276,962,0.9881422924901184,0.7560975609756098,0.6114529105537151,0.7539184952978056,0,0,1
1904,УИК №1,1952,1080,52,1090,411,"(55.746613, 37.577975)",1992,1047,62,1086,702,0.5799180327868853,0.3770642201834862,0.5567269076305221,0.6464088397790055,0,1,0
1905,УИК №2,1778,1045,37,1070,408,"(55.751057, 37.582403)",2088,1081,56,1120,706,0.608548931383577,0.3813084112149533,0.5445402298850575,0.6303571428571428,0,1,0
1906,УИК №3,1276,701,42,718,287,"(55.753266, 37.577301)",994,553,28,571,391,0.5822884012539185,0.3997214484679666,0.5845070422535211,0.6847635726795096,0,1,0
1907,УИК №4,1996,1152,37,1147,441,"(55.7561763005921, 37.5853285565973)",2023,998,61,1038,659,0.595691382765531,0.3844812554489973,0.5234799802273851,0.6348747591522158,0,1,0
1908,УИК №5,2218,1201,51,1221,505,"(55.753463, 37.59012)",2103,1115,52,1144,722,0.5644724977457168,0.4135954135954136,0.5549215406562055,0.6311188811188811,0,1,0
1909,УИК №6,1495,855,14,841,352,"(55.748534, 37.596839)",1658,912,19,916,589,0.5812709030100335,0.4185493460166468,0.5615199034981906,0.6430131004366813,0,1,0
1910,УИК №7,1950,1116,33,1108,410,"(55.748853, 37.59153)",2317,1312,41,1329,839,0.5892307692307692,0.3700361010830325,0.5839447561501943,0.6313017306245298,0,1,0
1911,УИК №8,1880,1072,28,1075,458,"(55.750596, 37.585943)",1791,910,47,941,629,0.5851063829787234,0.4260465116279069,0.5343383584589615,0.6684378320935175,0,1,0
1912,УИК №9,1672,1208,0,1181,612,"(55.748534, 37.596839)",2589,2049,0,2022,1614,0.722488038277512,0.5182049110922947,0.7914252607184241,0.798219584569733,0,1,0
1913,УИК №10,1862,1188,30,1186,555,"(55.759319, 37.637003)",1801,1029,24,1032,649,0.6541353383458647,0.4679595278246206,0.5846751804553026,0.6288759689922481,0,1,0
1914,УИК №11,1947,1102,31,1107,375,"(55.754978, 37.646049)",2152,1182,32,1189,741,0.5819209039548022,0.3387533875338753,0.5641263940520446,0.6232127838519764,0,1,0
1915,УИК №12,2020,1088,42,1093,419,"(55.7590462437926, 37.6409989781678)",2159,1145,33,1147,725,0.5594059405940595,0.3833485818847209,0.5456229735988883,0.6320836965998257,0,1,0
1916,УИК №13,1900,1075,27,1069,375,"(55.765139, 37.642465)",2264,1282,49,1312,871,0.58,0.3507951356407858,0.5878975265017667,0.6638719512195121,0,1,0
1917,УИК №14,2377,1314,44,1324,519,"(55.763098, 37.648618)",2314,1214,65,1258,798,0.5713083718973496,0.3919939577039275,0.5527225583405359,0.6343402225755167,0,1,0
1918,УИК №15,1538,788,24,783,268,"(55.763098, 37.648618)",1497,713,21,723,457,0.5279583875162549,0.3422733077905491,0.490313961255845,0.632088520055325,0,1,0
1919,УИК №16,2473,1435,36,1441,540,"(55.760373, 37.655634)",2600,1316,45,1315,852,0.594824100283057,0.3747397640527412,0.5234615384615384,0.6479087452471483,0,1,0
1920,УИК №17,1209,689,32,702,246,"(55.758909, 37.651529)",1230,676,29,691,428,0.5963606286186931,0.3504273504273504,0.573170731707317,0.6193921852387844,0,1,0
1921,УИК №18,2485,1419,57,1438,570,"(55.75363, 37.651376)",2540,1269,51,1298,812,0.5939637826961771,0.3963838664812239,0.5196850393700787,0.6255778120184899,0,1,0
1922,УИК №19,2582,1453,52,1426,629,"(55.763189, 37.67272)",2596,1345,55,1375,911,0.58288148721921,0.44109396914446,0.539291217257319,0.6625454545454545,0,1,0
1923,УИК №20,2085,1199,34,1217,480,"(55.763417, 37.662003)",1498,808,35,826,525,0.5913669064748202,0.3944124897288414,0.5627503337783711,0.635593220338983,0,1,0
1924,УИК №21,2559,1282,63,1314,535,"(55.768315108421, 37.6552700065077)",2441,1212,43,1241,812,0.5255959359124658,0.4071537290715373,0.5141335518230233,0.6543110394842868,0,1,0
1925,УИК №22,2202,1133,24,1129,434,"(55.769059, 37.668156)",2380,1274,42,1303,807,0.5254314259763851,0.3844109831709477,0.5529411764705883,0.6193399846508059,0,1,0
1926,УИК №23,2466,1366,48,1385,592,"(55.766309, 37.669172)",2374,1255,80,1323,900,0.5733982157339822,0.4274368231046931,0.5623420387531592,0.6802721088435374,0,1,0
1927,УИК №24,1781,1118,36,1126,523,"(55.767995, 37.676367)",1737,998,37,1019,702,0.6479505895564289,0.4644760213143872,0.5958549222797928,0.6889106967615309,0,1,0
1928,УИК №25,2899,1613,62,1642,727,"(55.769722, 37.676915)",2431,1474,55,1497,1071,0.5777854432562953,0.4427527405602923,0.6289592760180995,0.7154308617234469,0,1,0
1929,УИК №26,2617,1528,52,1532,658,"(55.770811, 37.677652)",2985,1626,61,1662,1091,0.603744745892243,0.4295039164490861,0.5651591289782244,0.6564380264741275,0,1,0
1930,УИК №27,2153,1537,27,1512,627,"(55.772998, 37.672666)",1402,810,33,832,582,0.7264282396655829,0.4146825396825397,0.6012838801711841,0.6995192307692307,0,1,0
1931,УИК №28,1475,838,30,850,382,"(55.774355, 37.681344)",1557,839,32,861,564,0.5884745762711865,0.4494117647058823,0.5594091201027617,0.6550522648083623,0,1,0
1932,УИК №29,2799,1617,35,1618,728,"(55.778613, 37.686653)",2778,1580,41,1600,1080,0.5902107895677028,0.449938195302843,0.5835133189344852,0.675,0,1,0
1933,УИК №30,2665,1469,71,1506,642,"(55.774639, 37.690551)",2572,1337,76,1387,967,0.5778611632270169,0.4262948207171315,0.5493779160186625,0.6971881759192502,0,1,0
1934,УИК №31,2022,1496,25,1485,606,"(55.771353, 37.681703)",2314,1325,65,1366,930,0.7522255192878339,0.4080808080808081,0.6006914433880726,0.6808199121522694,0,1,0
1935,УИК №32,2326,1161,38,1174,515,"(55.772841, 37.691746)",2760,1276,38,1297,903,0.5154772141014617,0.4386712095400341,0.4760869565217391,0.6962220508866616,0,1,0
1936,УИК №33,3059,1616,42,1611,697,"(55.7763319351922, 37.6925216987729)",2761,1483,49,1510,1032,0.5420071918927755,0.4326505276225946,0.5548714233973198,0.6834437086092715,0,1,0
1937,УИК №34,2336,1434,38,1442,541,"(55.779034, 37.704835)",2452,1513,28,1525,955,0.6301369863013698,0.3751733703190014,0.6284665579119086,0.6262295081967213,0,1,0
1938,УИК №35,2465,1300,37,1302,606,"(55.773763, 37.707107)",2575,1330,49,1352,930,0.542393509127789,0.4654377880184331,0.5355339805825243,0.6878698224852071,0,1,0
1939,УИК №36,2881,1608,59,1633,715,"(55.774781, 37.704987)",2792,1527,43,1551,1039,0.5786185352308226,0.4378444580526638,0.5623209169054442,0.6698903932946486,0,1,0
1940,УИК №37,2217,1411,65,1445,667,"(55.771702, 37.69666)",2298,1331,58,1373,967,0.6657645466847091,0.4615916955017301,0.6044386422976501,0.7042971595047341,0,1,0
1941,УИК №3201,457,256,200,455,224,"(nan, nan)",1377,827,20,830,596,0.9978118161925602,0.4923076923076923,0.6151053013798112,0.7180722891566265,0,0,1
1942,УИК №3202,147,73,69,140,81,"(nan, nan)",1821,1031,50,1069,832,0.9659863945578232,0.5785714285714286,0.5936298736957716,0.7782974742750234,0,0,1
1943,УИК №3203,407,113,294,392,187,"(nan, nan)",1737,1074,34,1095,762,1.0,0.4770408163265306,0.6378814047207829,0.6958904109589041,0,0,1
1944,УИК №3204,180,146,21,163,99,"(nan, nan)",1921,1280,36,1297,939,0.9277777777777778,0.6073619631901841,0.6850598646538262,0.7239784117193524,0,0,1
1945,УИК №3205,120,120,0,120,67,"(nan, nan)",2039,1236,60,1274,908,1.0,0.5583333333333333,0.6356056890632663,0.7127158555729984,0,0,1
1946,УИК №3206,97,90,7,96,46,"(nan, nan)",1774,1059,37,1083,816,1.0,0.4791666666666667,0.6178128523111612,0.7534626038781164,0,0,1
1947,УИК №3207,60,60,0,59,28,"(nan, nan)",1403,817,54,862,679,1.0,0.4745762711864407,0.6208125445473984,0.7877030162412993,0,0,1
1948,УИК №3208,132,132,0,132,74,"(nan, nan)",1343,715,70,777,611,1.0,0.5606060606060606,0.5845122859270291,0.7863577863577863,0,0,1
1949,УИК №3209,107,94,13,106,64,"(nan, nan)",2152,1140,82,1213,946,1.0,0.6037735849056604,0.5678438661710037,0.7798845836768343,0,0,1
1950,УИК №4001,408,408,0,402,260,"(55.7587452689272, 37.6604783535004)",585,458,0,454,308,1.0,0.6467661691542289,0.7829059829059829,0.6784140969162996,0,1,0
1951,УИК №38,2112,1146,38,1159,503,"(55.732124, 37.631317)",2242,1250,48,1267,842,0.5606060606060606,0.4339948231233822,0.5789473684210527,0.664561957379637,0,1,0
1952,УИК №39,1803,1027,40,1036,437,"(55.735155, 37.629664)",2752,1562,51,1579,1006,0.5917914586799778,0.4218146718146718,0.5861191860465116,0.6371120962634579,0,1,0
1953,УИК №40,1853,1070,37,1082,451,"(55.738328, 37.633113)",2646,1415,55,1443,888,0.5974096060442525,0.4168207024029575,0.5555555555555556,0.6153846153846154,0,1,0
1954,УИК №41,1642,887,29,898,350,"(55.736868, 37.627184)",2668,1433,60,1471,967,0.5578562728380024,0.3897550111358575,0.5595952023988006,0.6573759347382733,0,1,0
1955,УИК №42,1451,779,26,780,336,"(55.743103843895, 37.6260952837765)",2784,1449,71,1487,939,0.554789800137836,0.4307692307692308,0.5459770114942529,0.6314727639542703,0,1,0
1956,УИК №43,1614,1050,43,1072,418,"(55.745605, 37.637596)",2854,1610,60,1640,1061,0.6771995043370508,0.3899253731343283,0.5851436580238262,0.6469512195121951,0,1,0
1957,УИК №44,2041,1074,40,1083,399,"(55.7395669250367, 37.6396893896163)",3031,1612,66,1659,1178,0.5458108770210681,0.3684210526315789,0.5536126690861102,0.7100663050030138,0,1,0
1958,УИК №45,1601,924,25,933,396,"(55.743497, 37.633733)",2319,1289,38,1310,865,0.5927545284197376,0.4244372990353697,0.5722294092281156,0.6603053435114504,0,1,0
1959,УИК №46,2142,1233,42,1245,533,"(55.732773, 37.636114)",3395,1858,70,1900,1228,0.5952380952380952,0.4281124497991967,0.5678939617083947,0.6463157894736842,0,1,0
1960,УИК №47,887,364,2,357,198,"(55.726431, 37.637775)",2494,1415,35,1432,987,0.4126268320180383,0.5546218487394958,0.5813953488372093,0.6892458100558659,0,1,0
1961,УИК №48,2029,1182,30,1181,509,"(55.726431, 37.637775)",3015,1665,49,1683,1131,0.5973385904386397,0.4309906858594411,0.5684908789386401,0.6720142602495544,0,1,0
1962,УИК №49,1682,948,36,965,403,"(55.724236, 37.635431)",2700,1496,44,1513,1039,0.5850178359096314,0.4176165803108808,0.5703703703703704,0.6867151354923992,0,1,0
1963,УИК №50,2035,1126,45,1146,446,"(55.724839, 37.631927)",2556,1277,95,1362,916,0.5754299754299754,0.3891797556719022,0.5367762128325508,0.6725403817914831,0,1,0
1964,УИК №51,1480,939,22,944,414,"(55.727394, 37.629754)",2543,1310,96,1386,943,0.6493243243243243,0.4385593220338983,0.5528902870625246,0.6803751803751804,0,1,0
1965,УИК №52,2242,1197,23,1194,595,"(55.724211, 37.623429)",2901,1577,116,1674,1147,0.544157002676182,0.4983249581239531,0.5835918648741814,0.6851851851851852,0,1,0
1966,УИК №53,2651,1536,46,1550,642,"(55.724211, 37.623429)",1598,889,55,926,638,0.5967559411542814,0.4141935483870967,0.590738423028786,0.6889848812095032,0,1,0
1967,УИК №3210,186,186,0,179,105,"(nan, nan)",2033,1181,36,1200,924,1.0,0.5865921787709497,0.5986227250368913,0.77,0,0,1
1968,УИК №3211,253,196,0,194,104,"(nan, nan)",1724,992,24,1006,726,0.7747035573122529,0.5360824742268041,0.5893271461716937,0.7216699801192843,0,0,1
1969,УИК №3212,109,107,0,105,44,"(nan, nan)",2220,1287,59,1320,983,0.981651376146789,0.419047619047619,0.6063063063063063,0.7446969696969697,0,0,1
1970,УИК №4002,447,447,0,440,262,"(55.7297576675476, 37.6400142721832)",1165,1005,0,991,768,1.0,0.5954545454545455,0.8626609442060086,0.7749747729566094,0,1,0
1971,УИК №54,2616,1598,39,1587,710,"(55.769165, 37.632943)",2903,1572,103,1654,1163,0.6257645259938838,0.4473850031505986,0.5769893213916638,0.7031438935912938,0,1,0
1972,УИК №55,2888,1537,67,1560,667,"(55.77072, 37.640309)",2479,1328,64,1376,967,0.5554016620498615,0.4275641025641025,0.5615167406212183,0.7027616279069767,0,1,0
1973,УИК №56,2855,1534,83,1573,656,"(55.773358, 37.642249)",3245,2110,55,2133,1544,0.5663747810858144,0.4170375079465988,0.6671802773497689,0.7238631036099391,0,1,0
1974,УИК №57,3063,1828,81,1862,797,"(55.773358, 37.642249)",3046,1854,81,1911,1361,0.62324518445968,0.4280343716433942,0.6352593565331582,0.7121925693354265,0,1,0
1975,УИК №58,2040,1111,53,1142,491,"(55.775475798665, 37.6585550419986)",1769,943,60,993,685,0.5705882352941176,0.4299474605954466,0.5669869983041266,0.6898288016112789,0,1,0
1976,УИК №59,2500,1351,71,1389,652,"(55.775475798665, 37.6585550419986)",3341,1755,60,1798,1369,0.5688,0.4694024478041756,0.5432505237952708,0.7614015572858732,0,1,0
1977,УИК №60,2791,1421,70,1453,611,"(55.782466, 37.674696)",2349,1244,45,1261,814,0.5342171264779649,0.4205092911218169,0.5487441464452959,0.6455194290245837,0,1,0
1978,УИК №61,2294,1342,63,1382,629,"(55.783316, 37.661006)",2438,1365,63,1409,924,0.6124673060156931,0.455137481910275,0.5857260049220673,0.6557842441447835,0,1,0
1979,УИК №62,2758,1529,62,1544,715,"(55.785417, 37.66203)",1933,1113,54,1147,757,0.5768672951414068,0.4630829015544041,0.6037247801345059,0.6599825632083697,0,1,0
1980,УИК №63,1793,935,27,941,427,"(55.784364, 37.6698)",2544,1352,47,1387,875,0.5365309537088678,0.4537725823591923,0.5499213836477987,0.6308579668348955,0,1,0
1981,УИК №4003,553,448,0,444,256,"(55.773555, 37.656442)",1612,1423,0,1396,976,0.810126582278481,0.5765765765765766,0.8827543424317618,0.6991404011461319,0,1,0
1982,УИК №4004,979,652,65,647,384,"(55.776624, 37.655014)",533,436,0,429,294,0.7323799795709908,0.5935085007727975,0.8180112570356473,0.6853146853146853,0,1,0
1983,УИК №4005,582,505,77,575,346,"(55.77672, 37.657395)",584,435,9,440,292,1.0,0.6017391304347826,0.7602739726027398,0.6636363636363637,0,1,0
1984,УИК №64,2904,1599,175,1739,914,"(55.770168, 37.623986)",2892,1715,87,1765,1145,0.6108815426997245,0.5255894192064405,0.6230982019363762,0.6487252124645893,0,1,0
1985,УИК №65,2121,1130,61,1154,457,"(55.772359400481, 37.6271222345531)",2958,1545,62,1590,1079,0.5615275813295615,0.3960138648180242,0.5432724814063556,0.6786163522012578,0,1,0
1986,УИК №66,2581,1518,49,1529,593,"(55.7756470085841, 37.6223926618695)",2821,1708,75,1754,1202,0.6071290197597831,0.3878351863963374,0.6320453739808578,0.685290763968073,0,1,0
1987,УИК №67,1991,1141,64,1175,511,"(55.777459, 37.629879)",2547,1411,177,1576,1015,0.6052235057759919,0.4348936170212766,0.6234786022771889,0.6440355329949239,0,1,0
1988,УИК №68,2527,1392,53,1420,537,"(55.777459, 37.629879)",2367,1331,54,1363,955,0.5718242975860705,0.378169014084507,0.5851288550908322,0.7006603081438004,0,1,0
1989,УИК №69,2473,1365,85,1419,598,"(55.780542, 37.63632)",2198,1372,79,1425,905,0.5863323898099474,0.4214235377026075,0.6601455868971793,0.6350877192982456,0,1,0
1990,УИК №70,2832,1617,61,1634,656,"(55.785574, 37.632089)",2063,1231,60,1267,857,0.5925141242937854,0.401468788249694,0.6257876878332526,0.6764009471191792,0,1,0
1991,УИК №71,2696,1578,74,1622,687,"(55.78732, 37.630158)",2471,1485,68,1533,1014,0.612759643916914,0.4235511713933415,0.6284904896802914,0.6614481409001957,0,1,0
1992,УИК №72,2855,1598,166,1739,703,"(55.790641, 37.621821)",2544,1537,73,1588,1092,0.6178633975481611,0.4042553191489361,0.6328616352201258,0.6876574307304786,0,1,0
1993,УИК №73,2836,1576,86,1133,486,"(55.789907, 37.631299)",2839,1352,46,1376,900,0.5860366713681241,0.4289496910856134,0.4924269108841141,0.6540697674418605,0,1,0
1994,УИК №74,2488,1424,96,1489,617,"(55.780076, 37.642626)",2569,1235,79,1300,777,0.6109324758842444,0.4143720617864338,0.5114830673413779,0.5976923076923077,0,1,0
1995,УИК №75,2191,1309,73,1339,583,"(55.78643, 37.640183)",2569,1260,68,1313,832,0.6307622090369694,0.4353995519044062,0.516932658622032,0.6336633663366337,0,1,0
1996,УИК №76,2817,1645,58,1649,691,"(55.787508, 37.637272)",1425,1369,1,1355,1101,0.6045438409655662,0.4190418435415403,0.9614035087719298,0.8125461254612546,0,1,0
1997,УИК №77,3045,1861,57,1871,888,"(55.789406, 37.63765)",2559,1192,49,1218,758,0.6298850574712643,0.4746125066809193,0.4849550605705354,0.6223316912972086,0,1,0
1998,УИК №3213,1068,897,0,874,510,"(nan, nan)",2757,1624,32,1645,1206,0.8398876404494382,0.5835240274599542,0.6006528835690969,0.7331306990881459,0,0,1
1999,УИК №3214,851,851,0,830,464,"(nan, nan)",1303,795,57,842,652,1.0,0.5590361445783133,0.6538756715272448,0.7743467933491687,0,0,1
2000,УИК №3215,568,500,0,490,274,"(nan, nan)",1144,639,39,663,499,0.8802816901408451,0.5591836734693878,0.5926573426573427,0.7526395173453997,0,0,1
2001,УИК №78,2723,1447,59,1468,513,"(55.756442, 37.603011)",2484,1183,55,1213,753,0.55306647080426,0.3494550408719346,0.4983896940418679,0.6207749381698269,0,1,0
2002,УИК №79,2795,1520,65,1538,525,"(55.7567438779889, 37.5945742987096)",2506,1342,48,1374,896,0.5670840787119857,0.3413524057217165,0.5546687948922586,0.6521106259097526,0,1,0
2003,УИК №83,2887,1673,61,1635,607,"(55.762009, 37.597854)",2364,1166,62,1217,825,0.6006234845860755,0.3712538226299694,0.5194585448392555,0.6778964667214462,0,1,0
2004,УИК №84,3406,2053,62,2050,738,"(55.75901, 37.596911)",2116,1128,75,1184,768,0.6209630064591897,0.36,0.5685255198487713,0.6486486486486487,0,1,0
2005,УИК №85,2503,1387,58,1386,506,"(55.768177, 37.588117)",2369,1273,40,1298,882,0.5773072313224131,0.365079365079365,0.5542422963275644,0.6795069337442219,0,1,0
2006,УИК №86,2621,1483,39,1481,563,"(55.768618, 37.585152)",2956,1507,73,1563,1029,0.5806943914536437,0.3801485482781904,0.5345060893098782,0.6583493282149712,0,1,0
2007,УИК №87,1995,1087,31,1072,437,"(55.768177, 37.588117)",2681,1362,64,1403,920,0.5604010025062657,0.4076492537313433,0.5318910854158896,0.6557377049180327,0,1,0
2008,УИК №88,2688,1479,54,1482,587,"(55.771874, 37.58773)",2471,1256,61,1305,904,0.5703125,0.3960863697705803,0.5329825981384055,0.69272030651341,0,1,0
2009,УИК №90,2901,1588,56,1600,690,"(55.772573, 37.58226)",1554,768,37,799,524,0.5667011375387797,0.43125,0.5180180180180181,0.655819774718398,0,1,0
2010,УИК №91,2305,1296,25,1287,528,"(55.770006, 37.57687)",2517,1284,42,1307,911,0.5731019522776573,0.4102564102564102,0.5268176400476758,0.6970160673297628,0,1,0
2011,УИК №92,2177,1169,45,1088,438,"(55.767473, 37.569611)",2346,1231,55,1272,875,0.5576481396417088,0.4025735294117647,0.5481670929241261,0.6878930817610063,0,1,0
2012,УИК №93,2295,1236,36,1246,530,"(55.764161, 37.566225)",2329,1173,25,1183,796,0.5542483660130719,0.4253611556982343,0.5143838557320739,0.672865595942519,0,1,0
2013,УИК №94,2802,1409,55,1433,595,"(55.767473, 37.569611)",2270,1117,10,1108,765,0.5224839400428265,0.4152128401953943,0.4964757709251101,0.6904332129963899,0,1,0
2014,УИК №95,3033,1619,70,1654,608,"(55.765792, 37.576555)",2638,1407,49,1441,961,0.5568743818001978,0.3675937122128174,0.5519332827899924,0.6668979875086746,0,1,0
2015,УИК №96,2495,1270,50,1284,488,"(55.759907, 37.563682)",3081,1679,61,1721,1206,0.5290581162324649,0.3800623052959501,0.5647517039922103,0.7007553747821035,0,1,0
2016,УИК №97,2801,1382,25,1362,501,"(55.759557, 37.583077)",2165,1153,33,1167,834,0.5023205997857908,0.36784140969163,0.5478060046189377,0.7146529562982005,0,1,0
2017,УИК №98,1427,838,14,834,394,"(55.756523, 37.568138)",2169,1046,32,1063,745,0.5970567624386826,0.4724220623501199,0.4970032272936837,0.7008466603951082,0,1,0
2018,УИК №99,2595,1358,43,1385,613,"(55.759907, 37.563682)",2570,1349,42,1375,974,0.5398843930635838,0.4425992779783393,0.5412451361867704,0.7083636363636364,0,1,0
2019,УИК №100,2595,1388,37,1393,609,"(55.75941, 37.555723)",2428,1210,67,1261,928,0.5491329479768786,0.4371859296482412,0.5259472817133443,0.7359238699444886,0,1,0
2020,УИК №102,2270,1099,25,1097,418,"(55.75941, 37.555723)",2425,1272,41,1298,938,0.4951541850220264,0.3810391978122151,0.5414432989690722,0.7226502311248074,0,1,0
2021,УИК №103,2502,1162,33,1153,503,"(55.761376, 37.552723)",2944,1592,64,1630,1175,0.4776179056754596,0.4362532523850824,0.5625,0.7208588957055214,0,1,0
2022,УИК №104,2794,1527,36,1533,769,"(55.7628176845652, 37.5469310581684)",2580,1395,52,1427,1048,0.5594130279169649,0.5016307893020222,0.5608527131782945,0.7344078486334968,0,1,0
2023,УИК №105,2869,1416,63,1439,641,"(55.766663, 37.559954)",1962,1091,60,1134,719,0.5155106308818403,0.4454482279360667,0.5866462793068298,0.6340388007054674,0,1,0
2024,УИК №106,2441,1296,44,1307,600,"(55.756604, 37.539069)",1504,849,22,859,565,0.5489553461696026,0.4590665646518745,0.5791223404255319,0.6577415599534342,1,1,0
2025,УИК №107,2345,1086,34,1095,495,"(55.757268, 37.536553)",1355,688,37,712,475,0.4776119402985074,0.4520547945205479,0.5350553505535055,0.6671348314606742,1,1,0
2026,УИК №108,2517,1182,31,1170,551,"(55.7589511495991, 37.536334823817)",2403,1252,56,1284,848,0.4819229241160111,0.4709401709401709,0.5443196004993758,0.660436137071651,1,0,0
2027,УИК №109,2684,1420,45,1406,683,"(55.7589511495991, 37.536334823817)",1488,820,46,860,575,0.5458271236959762,0.4857752489331436,0.581989247311828,0.6686046511627907,1,0,0
2028,УИК №110,2555,1283,46,1296,622,"(55.756604, 37.539069)",2330,1356,33,1357,858,0.5201565557729941,0.4799382716049383,0.596137339055794,0.6322770817980841,1,1,0
2029,УИК №111,2543,1222,44,1236,614,"(55.751026, 37.523779)",2412,1350,48,1375,895,0.4978372001572945,0.4967637540453074,0.5796019900497512,0.6509090909090909,1,1,0
2030,УИК №112,2910,1558,46,1561,766,"(55.759127, 37.517913)",2507,1434,63,1478,928,0.5512027491408935,0.4907110826393338,0.5971280414838452,0.6278755074424899,1,0,0
2031,УИК №113,2528,1265,61,1110,503,"(55.759127, 37.517913)",2752,1570,55,1596,1099,0.5245253164556962,0.4531531531531531,0.5904796511627907,0.6885964912280702,1,0,0
2032,УИК №3216,236,114,85,197,105,"(nan, nan)",1030,589,51,633,457,0.8432203389830508,0.5329949238578681,0.6213592233009708,0.721958925750395,0,0,1
2033,УИК №3217,164,164,0,160,93,"(nan, nan)",1078,621,51,661,478,1.0,0.58125,0.6233766233766234,0.7231467473524962,0,0,1
2034,УИК №114,3089,1639,51,1650,639,"(55.75357, 37.655409)",2823,1649,25,1664,1198,0.5471026222078342,0.3872727272727272,0.5929861849096706,0.7199519230769231,0,1,0
2035,УИК №115,2549,1317,61,1343,540,"(55.747581, 37.658401)",2319,1385,25,1395,935,0.5406041584935268,0.402084884586746,0.6080206985769728,0.6702508960573477,0,1,0
2036,УИК №116,1467,870,20,871,346,"(55.748696, 37.651026)",2333,1392,47,1418,1010,0.6066802999318337,0.3972445464982778,0.6168024003429061,0.7122708039492243,0,1,0
2037,УИК №117,2540,1443,21,1429,569,"(55.743796, 37.664824)",2337,1400,48,1424,963,0.5763779527559055,0.3981805458362491,0.6195977749251177,0.6762640449438202,0,1,0
2038,УИК №118,2418,1429,29,1423,591,"(55.745189, 37.676807)",2573,1400,65,1441,986,0.6029776674937966,0.415319747013352,0.569374271278663,0.6842470506592644,0,1,0
2039,УИК №119,2742,1538,61,1546,681,"(55.745189, 37.676807)",2579,1514,40,1519,1045,0.5831509846827133,0.4404915912031047,0.602559131446297,0.6879526003949967,0,1,0
2040,УИК №120,2533,1460,55,1483,658,"(55.74109, 37.668076)",2771,1616,45,1639,1109,0.5981050138176076,0.4436952124072825,0.5994225911223385,0.6766320927394753,0,1,0
2041,УИК №121,1966,1174,35,1168,538,"(55.742032, 37.664285)",2768,1611,22,1616,1131,0.6149542217700915,0.4606164383561644,0.5899566473988439,0.6998762376237624,0,1,0
2042,УИК №122,2476,1277,24,1279,564,"(55.743684, 37.681712)",2509,1522,30,1539,1082,0.5254442649434572,0.4409695074276779,0.6185731367078517,0.7030539311241065,0,1,0
2043,УИК №123,2691,1443,34,1420,620,"(55.742559, 37.680814)",2602,1397,50,1395,992,0.5488665923448532,0.4366197183098591,0.5561106840891622,0.7111111111111111,0,1,0
2044,УИК №124,2235,1181,37,1193,553,"(55.742559, 37.680814)",2170,1263,55,1293,916,0.5449664429530201,0.4635373009220452,0.6073732718894009,0.708430007733952,0,1,0
2045,УИК №125,3037,1659,60,1684,778,"(55.740319, 37.678541)",2467,1432,57,1471,1004,0.5660190977938755,0.4619952494061757,0.6035670855289825,0.6825288919102651,0,1,0
2046,УИК №126,2873,1466,50,1490,733,"(55.7396357750857, 37.6858896017075)",2367,1241,39,1258,894,0.5276714235990254,0.4919463087248322,0.5407689057879171,0.7106518282988871,0,1,0
2047,УИК №127,2858,1563,41,1567,757,"(55.7396357750857, 37.6858896017075)",2828,1471,42,1500,1038,0.5612316305108468,0.4830887045309509,0.535007072135785,0.692,0,1,0
2048,УИК №128,2622,1442,59,1456,692,"(55.735414, 37.683868)",2044,1173,20,1168,833,0.572463768115942,0.4752747252747252,0.5836594911937377,0.7131849315068494,0,0,1
2049,УИК №129,2724,1400,49,1381,643,"(55.735414, 37.683868)",2065,1157,41,1186,828,0.5319383259911894,0.4656046343229544,0.5801452784503632,0.6981450252951096,0,0,1
2050,УИК №130,2114,1151,44,1175,586,"(55.730324, 37.6812)",2183,1293,51,1324,921,0.565279091769158,0.4987234042553191,0.6156665139715988,0.695619335347432,0,1,0
2051,УИК №131,2615,1427,46,1449,652,"(55.734177, 37.677607)",2211,1241,34,1261,923,0.5632887189292543,0.4499654934437543,0.576662143826323,0.7319587628865979,0,1,0
2052,УИК №132,2500,1301,49,1312,628,"(55.734177, 37.677607)",2410,1389,42,1409,1012,0.54,0.4786585365853658,0.5937759336099585,0.7182398864442867,0,1,0
2053,УИК №133,2509,1312,39,1328,627,"(55.736265, 37.667977)",2604,1433,58,1473,1052,0.5384615384615384,0.4721385542168674,0.5725806451612904,0.7141887304820095,0,1,0
2054,УИК №134,2432,1419,28,1408,619,"(55.734917, 37.672154)",2660,1458,47,1487,1072,0.594983552631579,0.4396306818181818,0.5657894736842105,0.7209145931405514,0,1,0
2055,УИК №135,3036,1739,42,1741,739,"(55.734805, 37.668156)",2045,1083,40,1114,753,0.586627140974967,0.424468696151637,0.5491442542787286,0.6759425493716338,0,1,0
2056,УИК №136,2737,1643,23,1629,780,"(55.738439, 37.664473)",1779,963,34,989,708,0.6086956521739131,0.4788213627992633,0.5604272062956718,0.7158746208291203,0,1,0
2057,УИК №137,1648,842,36,867,438,"(55.728986, 37.671381)",2405,1324,55,1366,951,0.5327669902912622,0.5051903114186851,0.5733887733887734,0.6961932650073206,0,1,0
2058,УИК №138,2806,1645,26,1633,819,"(55.728986, 37.671381)",2303,1192,70,1249,840,0.5955096222380613,0.5015309246785058,0.5479808944854537,0.6725380304243395,0,1,0
2059,УИК №139,3174,1775,111,1843,859,"(55.732996, 37.661069)",2668,1553,77,1603,1036,0.5942028985507246,0.466087900162778,0.610944527736132,0.6462882096069869,0,1,0
2060,УИК №140,3021,1778,79,1824,766,"(55.737613, 37.651987)",2902,1544,72,1587,979,0.6146971201588878,0.4199561403508772,0.5568573397656789,0.6168872085696282,0,1,0
2061,УИК №141,2277,1261,47,1272,517,"(55.737613, 37.651987)",2280,1146,53,1176,697,0.5744400527009222,0.4064465408805031,0.5258771929824562,0.592687074829932,0,1,0
2062,УИК №142,2846,1669,35,1665,614,"(55.742139, 37.648906)",2811,1473,53,1460,926,0.5987350667603655,0.3687687687687688,0.5428673070081821,0.6342465753424658,0,1,0
2063,УИК №143,2800,1955,34,1945,867,"(55.747145, 37.64268)",2938,1499,45,1521,987,0.7103571428571429,0.445758354755784,0.5255275697753574,0.6489151873767258,0,1,0
2064,УИК №3218,64,62,0,61,28,"(nan, nan)",1362,819,32,842,611,0.96875,0.4590163934426229,0.6248164464023495,0.7256532066508313,0,0,1
2065,УИК №3219,798,798,0,770,443,"(nan, nan)",1349,773,54,818,632,1.0,0.5753246753246753,0.6130467012601928,0.7726161369193154,0,0,1
2066,УИК №3220,961,961,0,948,620,"(nan, nan)",1203,705,32,725,532,1.0,0.6540084388185654,0.6126350789692435,0.7337931034482759,0,0,1
2067,УИК №3221,139,101,0,99,53,"(nan, nan)",1343,786,31,800,591,0.7266187050359713,0.5353535353535354,0.6083395383469844,0.73875,0,0,1
2068,УИК №144,2548,1369,48,1387,639,"(55.787943, 37.592105)",2405,1252,49,1282,802,0.5561224489795918,0.460706560922855,0.5409563409563409,0.625585023400936,1,1,0
2069,УИК №145,2430,1358,74,1396,561,"(55.783367, 37.59692)",4819,3088,73,3095,2168,0.5893004115226338,0.401862464183381,0.6559452168499689,0.7004846526655897,0,1,0
2070,УИК №146,2811,1593,80,1634,647,"(55.778694, 37.590659)",2758,1554,33,1540,995,0.5951618641053006,0.3959608323133415,0.5754169688179841,0.6461038961038961,0,1,0
2071,УИК №147,2840,1603,51,1611,559,"(55.779737, 37.596965)",2961,1610,59,1646,1023,0.5823943661971831,0.3469894475481068,0.563660925363053,0.6215066828675577,0,1,0
2072,УИК №148,2073,1168,48,1183,419,"(55.774472, 37.599786)",2930,1485,76,1536,981,0.5865894838398457,0.3541842772612003,0.532764505119454,0.638671875,0,1,0
2073,УИК №149,3217,1940,34,1925,667,"(55.776867, 37.59268)",2566,1312,45,1340,883,0.6136151694124962,0.3464935064935065,0.5288386593920499,0.658955223880597,0,1,0
2074,УИК №150,3001,1545,74,1578,581,"(55.774441, 37.590722)",2646,1265,82,1334,839,0.5394868377207598,0.3681875792141952,0.5090702947845805,0.6289355322338831,0,1,0
2075,УИК №151,2244,1199,47,1219,447,"(55.765417, 37.601151)",2628,1444,85,1508,981,0.5552584670231729,0.3666940114848236,0.5818112633181126,0.6505305039787799,0,1,0
2076,УИК №152,3871,2818,27,2785,1376,"(55.757491, 37.610116)",1724,986,54,1022,685,0.734952208731594,0.4940754039497307,0.6032482598607889,0.6702544031311155,0,1,0
2077,УИК №153,2583,1404,24,1391,577,"(55.765245, 37.61432)",2579,1448,69,1495,968,0.5528455284552846,0.4148094895758447,0.5882124854594805,0.6474916387959866,0,1,0
2078,УИК №154,3084,1706,59,1716,670,"(55.769347, 37.600693)",2087,1076,51,1116,748,0.5723086900129701,0.3904428904428904,0.5400095831336847,0.6702508960573477,0,1,0
2079,УИК №155,3050,1543,56,1563,622,"(55.772401, 37.616476)",2189,1244,31,1257,848,0.5242622950819672,0.3979526551503519,0.5824577432617634,0.6746221161495625,0,1,0
2080,УИК №156,3000,1460,29,1465,594,"(55.775915, 37.604915)",3020,1409,28,1416,907,0.4963333333333333,0.4054607508532423,0.4758278145695364,0.6405367231638418,0,1,0
2081,УИК №157,2673,1467,40,1472,522,"(55.77475, 37.610305)",2684,1660,38,1675,1116,0.5637860082304527,0.3546195652173913,0.6326378539493294,0.6662686567164179,0,1,0
2082,УИК №158,2805,1631,96,1674,658,"(55.779757, 37.614159)",2045,1097,43,1119,681,0.615686274509804,0.3930704898446834,0.5574572127139364,0.6085790884718498,0,1,0
2083,УИК №159,1908,1174,46,1199,482,"(55.7837706745437, 37.6066226139665)",2752,1539,46,1557,1008,0.639412997903564,0.4020016680567139,0.5759447674418605,0.6473988439306358,0,1,0
2084,УИК №160,2682,1533,50,1553,667,"(55.785225, 37.597082)",1329,1060,4,1049,813,0.5902311707680835,0.4294913071474565,0.800601956358164,0.775023832221163,0,1,0
2085,УИК №161,1909,1115,41,1119,489,"(55.787705, 37.595761)",1667,899,28,908,569,0.605552645364065,0.4369973190348525,0.5560887822435513,0.6266519823788547,1,1,0
2086,УИК №162,2103,1159,31,1162,491,"(55.790539, 37.597531)",2698,1383,48,1418,945,0.5658582976699953,0.4225473321858864,0.5303928836174945,0.6664315937940761,1,1,0
2087,УИК №3222,1290,1290,0,1281,1150,"(nan, nan)",1313,818,32,841,628,1.0,0.897736143637783,0.6473724295506473,0.746730083234245,0,0,1
2088,УИК №3223,151,149,0,147,89,"(nan, nan)",1391,818,44,851,638,0.9867549668874172,0.6054421768707483,0.6196980589503954,0.7497062279670975,0,0,1
2089,УИК №3224,240,231,0,228,137,"(nan, nan)",1237,704,39,732,548,0.9625,0.6008771929824561,0.6006467259498788,0.7486338797814208,0,0,1
2090,УИК №3225,253,27,146,171,95,"(nan, nan)",1180,708,42,744,557,0.6837944664031621,0.5555555555555556,0.635593220338983,0.7486559139784946,0,0,1
2091,УИК №3226,145,117,0,112,69,"(nan, nan)",1184,684,44,719,520,0.8068965517241379,0.6160714285714286,0.6148648648648649,0.7232267037552156,0,0,1
2092,УИК №3227,568,359,172,521,270,"(nan, nan)",1235,707,41,740,556,0.9348591549295776,0.5182341650671785,0.605668016194332,0.7513513513513513,0,0,1
2093,УИК №4006,322,281,0,278,142,"(55.776375, 37.581757)",325,262,0,255,174,0.8726708074534162,0.5107913669064749,0.8061538461538461,0.6823529411764706,0,1,0
2094,УИК №163,2778,1366,28,1370,486,"(55.741333, 37.603505)",2243,1166,61,1215,766,0.5017998560115191,0.3547445255474452,0.5470352206865805,0.6304526748971193,0,1,0
2095,УИК №164,2767,1701,82,1733,653,"(55.743487, 37.596228)",1685,851,37,877,573,0.64438019515721,0.376803231390652,0.5270029673590505,0.6533637400228051,0,1,0
2096,УИК №165,2190,1233,37,1216,413,"(55.743872, 37.589859)",2733,1386,58,1424,863,0.5799086757990868,0.3396381578947368,0.5283571167215514,0.6060393258426966,0,1,0
2097,УИК №166,2758,1550,36,1552,586,"(55.741997, 37.594216)",2166,1215,67,1259,820,0.5750543872371283,0.3775773195876288,0.5918744228993537,0.6513105639396346,0,1,0
2098,УИК №167,1945,1643,1,1604,929,"(55.737867, 37.581029)",2345,1505,35,1509,1043,0.8452442159383033,0.5791770573566085,0.6567164179104478,0.6911862160371107,0,1,0
2099,УИК №168,1732,949,41,970,372,"(55.740907, 37.580463)",1773,1290,7,1286,962,0.5715935334872979,0.3835051546391753,0.7315284827975184,0.7480559875583204,0,1,0
2100,УИК №169,1765,970,47,623,195,"(55.742119, 37.580086)",2579,1313,73,1366,855,0.5762039660056657,0.3130016051364366,0.537417603722373,0.6259150805270863,0,1,0
2101,УИК №170,2018,1148,38,1154,427,"(55.740162, 37.577238)",1790,939,69,974,661,0.5877106045589693,0.3700173310225303,0.5631284916201117,0.6786447638603696,0,1,0
2102,УИК №171,1618,940,35,941,372,"(55.739803, 37.574426)",1944,1147,53,1186,738,0.6025957972805933,0.3953241232731137,0.6172839506172839,0.6222596964586846,0,1,0
2103,УИК №172,1682,852,30,865,363,"(55.737076, 37.571435)",2060,1175,33,1176,747,0.5243757431629013,0.4196531791907514,0.5864077669902913,0.6352040816326531,0,1,0
2104,УИК №173,1362,753,33,767,296,"(55.736265, 37.586985)",2197,1162,54,1192,749,0.5770925110132159,0.3859191655801825,0.5534820209376422,0.6283557046979866,0,1,0
2105,УИК №174,2185,1171,66,1199,492,"(55.732524, 37.591467)",2334,1328,48,1352,862,0.5661327231121281,0.4103419516263553,0.5895458440445587,0.6375739644970414,0,1,0
2106,УИК №175,2075,1311,34,1318,461,"(55.729873, 37.580292)",2371,1279,66,1332,866,0.6481927710843374,0.3497723823975721,0.5672711935892029,0.6501501501501501,0,1,0
2107,УИК №176,2465,1610,39,1617,809,"(55.732524, 37.591467)",2057,1180,42,1193,786,0.6689655172413793,0.5003092145949288,0.5940690325717064,0.6588432523051132,0,1,0
2108,УИК №177,2785,1647,6,1619,836,"(55.72346, 37.585404)",3156,1697,53,1715,1102,0.5935368043087971,0.5163681284743669,0.5544993662864385,0.6425655976676384,0,0,1
2109,УИК №178,2803,1522,75,1562,519,"(55.72346, 37.585404)",2649,1490,40,1499,943,0.5697466999643239,0.3322663252240717,0.5775764439411099,0.6290860573715811,0,0,1
2110,УИК №179,1881,1060,75,1103,450,"(55.722142, 37.579367)",2148,1200,64,1241,826,0.6034024455077087,0.4079782411604714,0.5884543761638734,0.6655922643029815,0,0,1
2111,УИК №180,2039,1265,42,1265,468,"(55.722142, 37.579367)",1962,1030,61,1071,733,0.6410004904364884,0.3699604743083003,0.5560652395514781,0.6844070961718021,0,0,1
2112,УИК №181,2083,1267,50,1279,509,"(55.720028, 37.57881)",1700,976,42,990,634,0.6322611617858858,0.3979671618451915,0.5988235294117648,0.6404040404040404,0,0,1
2113,УИК №182,2296,1260,53,1291,431,"(55.7170786851852, 37.5761079601944)",2373,1232,73,1294,797,0.5718641114982579,0.3338497288923315,0.549936788874842,0.615919629057187,0,0,1
2114,УИК №183,2386,1354,56,1377,492,"(55.719358, 37.575073)",2620,1499,46,1519,989,0.5909471919530596,0.3572984749455338,0.5896946564885496,0.6510862409479921,1,0,0
2115,УИК №184,2396,1216,48,1226,546,"(55.720367, 37.569045)",2571,1361,58,1400,916,0.5275459098497496,0.4453507340946166,0.5519253208868145,0.6542857142857142,1,0,0
2116,УИК №185,1917,1045,52,1077,441,"(55.720367, 37.569045)",2416,1320,47,1344,875,0.5722483046426708,0.4094707520891364,0.5658112582781457,0.6510416666666666,1,0,0
2117,УИК №186,2007,1097,23,1093,442,"(55.723891, 37.569962)",3178,1705,59,1741,1163,0.558046836073742,0.404391582799634,0.5550660792951542,0.6680068925904652,1,0,0
2118,УИК №187,2412,1386,30,1373,529,"(55.723906, 37.560341)",2309,1238,82,1296,836,0.5870646766169154,0.3852876911871813,0.5716760502381983,0.6450617283950617,1,0,0
2119,УИК №188,2210,1200,76,1246,498,"(55.723891, 37.569962)",2685,1470,41,1481,985,0.5773755656108597,0.3996789727126806,0.562756052141527,0.6650911546252533,1,0,0
2120,УИК №189,2662,1342,45,1361,528,"(55.725803, 37.564931)",1764,1090,61,1133,799,0.5210368144252442,0.3879500367376928,0.6524943310657596,0.705207413945278,1,0,0
2121,УИК №190,1843,1011,42,1027,432,"(55.731059, 37.561985)",2450,1307,89,1378,947,0.571351058057515,0.4206426484907498,0.5697959183673469,0.6872278664731495,0,0,1
2122,УИК №3228,604,231,353,574,382,"(nan, nan)",1223,699,46,737,558,0.9668874172185432,0.6655052264808362,0.6091578086672118,0.757123473541384,0,0,1
2123,УИК №3229,481,474,0,463,277,"(nan, nan)",1275,745,64,802,620,0.9854469854469856,0.5982721382289417,0.6345098039215686,0.773067331670823,0,0,1
2124,УИК №3230,291,79,0,78,43,"(nan, nan)",1100,584,36,609,457,0.2714776632302405,0.5512820512820513,0.5636363636363636,0.7504105090311987,0,0,1
2125,УИК №3231,166,162,0,157,70,"(nan, nan)",1171,678,45,715,536,0.9759036144578314,0.445859872611465,0.6174210076857387,0.7496503496503496,0,0,1
2126,УИК №3232,93,90,0,88,45,"(nan, nan)",1227,741,43,769,583,0.967741935483871,0.5113636363636364,0.6389568052159739,0.7581274382314694,0,0,1
2127,УИК №191,1155,717,27,717,276,"(55.7443410275008, 37.6120294444263)",2246,1193,78,1249,882,0.6441558441558441,0.3849372384937238,0.5658949243098842,0.7061649319455564,0,1,0
2128,УИК №192,1470,809,27,815,337,"(55.741754, 37.622693)",2582,1348,63,1387,815,0.5687074829931973,0.4134969325153374,0.5464756003098373,0.5875991348233598,0,1,0
2129,УИК №193,2353,1402,47,1421,574,"(55.736807, 37.618013)",2588,1453,103,1515,950,0.615809604759881,0.4039408866995074,0.6012364760432767,0.6270627062706271,0,1,0
2130,УИК №194,2221,1192,52,1210,481,"(55.731901, 37.607763)",3044,1661,74,1698,1167,0.5601080594326879,0.3975206611570248,0.5699737187910644,0.6872791519434629,0,1,0
2131,УИК №195,1203,714,27,721,289,"(55.730482, 37.620564)",2264,1295,63,1329,898,0.6159600997506235,0.4008321775312066,0.5998233215547704,0.6756960120391272,0,1,0
2132,УИК №196,1957,1218,30,1215,532,"(55.728388, 37.61265)",1994,1144,57,1156,761,0.6377107818088912,0.4378600823045268,0.6023069207622869,0.6583044982698962,0,1,0
2133,УИК №197,2587,1506,51,1521,635,"(55.722279, 37.607906)",2521,1407,57,1449,998,0.6018554310011597,0.4174884944115713,0.5807219357397858,0.6887508626639062,0,1,0
2134,УИК №198,1911,1098,38,1104,431,"(55.721934, 37.603568)",2428,1257,81,1327,948,0.5944531658817374,0.3903985507246377,0.5510708401976936,0.7143933685003768,0,1,0
2135,УИК №3233,1050,195,855,1025,556,"(nan, nan)",1235,691,47,723,550,1.0,0.5424390243902439,0.5975708502024292,0.7607192254495159,0,0,1
2136,УИК №1235,2206,1187,39,1197,612,"(55.717442, 37.804772)",2066,1147,60,1192,845,0.5557570262919311,0.5112781954887218,0.5842207163601162,0.7088926174496645,0,1,0
2137,УИК №1236,2046,1102,47,1117,506,"(55.717442, 37.804772)",2238,1582,44,1602,1037,0.5615835777126099,0.4529991047448523,0.7265415549597856,0.6473158551810237,0,1,0
2138,УИК №1237,2299,1270,34,1243,609,"(55.717442, 37.804772)",2606,1382,36,1394,946,0.5672031317964332,0.4899436846339501,0.5441289332310054,0.6786226685796269,0,1,0
2139,УИК №1238,1843,848,19,852,363,"(55.71408772448, 37.8176278062165)",1312,705,52,750,496,0.4704286489419425,0.426056338028169,0.5769817073170732,0.6613333333333333,0,1,0
2140,УИК №1239,2909,1600,62,1627,772,"(55.712761, 37.806353)",2868,1686,59,1725,1215,0.5713303540735648,0.4744929317762753,0.6084379358437936,0.7043478260869566,0,1,0
2141,УИК №1240,2676,1605,39,1570,799,"(55.712761, 37.806353)",2599,1551,45,1571,1120,0.6143497757847534,0.5089171974522293,0.6140823393612928,0.7129217059197963,0,1,0
2142,УИК №1241,1707,1007,25,1007,476,"(55.711341, 37.805177)",2422,1433,37,1432,993,0.6045694200351494,0.4726911618669315,0.6069364161849711,0.6934357541899442,0,1,0
2143,УИК №1242,2386,1257,54,1285,634,"(55.711341, 37.805177)",2436,1376,48,1394,1001,0.549455155071249,0.4933852140077821,0.5845648604269293,0.7180774748923959,0,1,0
2144,УИК №1243,2041,1159,61,1188,571,"(55.711341, 37.805177)",2442,1467,63,1507,978,0.5977462028417443,0.4806397306397306,0.6265356265356266,0.6489714664897147,0,1,0
2145,УИК №1244,2021,1170,38,1187,520,"(55.708759, 37.81628)",2268,1190,77,1248,868,0.5977238990598713,0.4380791912384161,0.558641975308642,0.6955128205128205,0,1,0
2146,УИК №1245,2228,1258,43,1272,586,"(55.708759, 37.81628)",2277,1383,63,1428,974,0.5839317773788151,0.4606918238993711,0.6350461133069829,0.6820728291316527,0,1,0
2147,УИК №1246,2308,1267,52,1282,591,"(55.708759, 37.81628)",1424,812,28,829,535,0.5714904679376083,0.4609984399375975,0.5898876404494382,0.6453558504221955,0,1,0
2148,УИК №1247,2473,1396,35,1357,707,"(55.707588, 37.823745)",1976,1139,39,1164,822,0.5786494136676101,0.5210022107590273,0.5961538461538461,0.7061855670103093,0,1,0
2149,УИК №1248,2353,1322,29,1324,637,"(55.707588, 37.823745)",1577,912,43,937,629,0.5741606459838504,0.4811178247734139,0.605580215599239,0.6712913553895411,0,1,0
2150,УИК №1249,2608,1331,59,1364,667,"(55.706401, 37.823385)",2821,1673,55,1709,1239,0.5329754601226994,0.4890029325513196,0.6125487415809997,0.7249853715623171,0,0,1
2151,УИК №1250,2728,1393,152,1514,752,"(55.706401, 37.823385)",2357,1489,23,1489,1106,0.5663489736070382,0.4966974900924703,0.6414934238438693,0.7427803895231699,0,0,1
2152,УИК №1251,2662,1408,51,1424,680,"(55.703601, 37.810998)",2113,1225,41,1225,868,0.5480841472577009,0.4775280898876404,0.5991481306199716,0.7085714285714285,0,0,1
2153,УИК №1252,2430,1340,66,1372,669,"(55.703601, 37.810998)",2374,1408,55,1433,1009,0.5786008230452675,0.4876093294460641,0.6162594776748105,0.7041172365666434,0,0,1
2154,УИК №1253,2211,1149,61,1196,599,"(55.7006155199852, 37.8063906915486)",2068,1174,40,1195,914,0.5472636815920398,0.5008361204013378,0.5870406189555126,0.7648535564853557,0,0,1
2155,УИК №1254,2361,1565,36,1555,838,"(55.698153, 37.793588)",2158,1140,73,1181,858,0.6781024989411266,0.5389067524115756,0.56209453197405,0.7265029635901779,0,0,1
2156,УИК №1255,2473,1389,62,1416,738,"(55.695012, 37.799876)",2377,1283,69,1327,974,0.5867367569753336,0.5211864406779662,0.5687841817416912,0.7339864355689525,0,0,1
2157,УИК №1256,2571,1323,48,1340,663,"(55.695012, 37.799876)",2685,1546,43,1549,1101,0.5332555425904317,0.494776119402985,0.5918063314711359,0.71078114912847,0,0,1
2158,УИК №1257,2479,1278,45,1293,665,"(55.700359, 37.811797)",2451,1376,55,1409,1010,0.5336829366680113,0.51430781129157,0.583843329253366,0.716820440028389,0,0,1
2159,УИК №1258,2103,1141,38,1141,534,"(55.700359, 37.811797)",2261,1326,40,1348,973,0.5606276747503567,0.4680105170902717,0.6041574524546661,0.7218100890207715,0,0,1
2160,УИК №1259,2694,1582,24,1579,792,"(55.700796, 37.814878)",2357,1457,90,1517,1035,0.5961395694135115,0.5015832805573147,0.65634280865507,0.6822676334871457,0,0,1
2161,УИК №1260,2245,1230,38,1245,622,"(55.700796, 37.814878)",473,322,5,324,228,0.5648106904231626,0.4995983935742972,0.6913319238900634,0.7037037037037037,0,0,1
2162,УИК №1261,1094,1063,31,1065,505,"(55.699741, 37.814627)",251,154,3,155,97,1.0,0.4741784037558685,0.6254980079681275,0.6258064516129033,0,0,1
2163,УИК №1262,2146,1143,26,1141,548,"(55.697681, 37.820062)",1176,1140,36,1151,823,0.5447343895619757,0.4802804557405784,1.0,0.7150304083405734,0,0,1
2164,УИК №1263,1791,841,48,879,445,"(55.697681, 37.820062)",2454,1401,65,1443,947,0.4963707426018984,0.5062571103526735,0.5973920130399348,0.6562716562716563,0,0,1
2165,УИК №1264,1744,952,31,974,482,"(55.697681, 37.820062)",2135,1239,66,1276,829,0.5636467889908257,0.4948665297741273,0.6112412177985949,0.6496865203761756,0,0,1
2166,УИК №1265,2196,1239,27,1243,630,"(55.697275, 37.818445)",2216,1276,46,1309,870,0.5765027322404371,0.5068382944489139,0.5965703971119134,0.6646294881588999,0,0,1
2167,УИК №1266,2312,1206,39,1227,620,"(55.697275, 37.818445)",2614,1528,70,1577,1044,0.5384948096885813,0.5052974735126324,0.6113236419280795,0.6620164870006341,0,0,1
2168,УИК №1267,1824,973,44,997,515,"(55.694921, 37.823242)",2029,1100,62,1142,781,0.5575657894736842,0.5165496489468405,0.5726959093149334,0.6838879159369528,0,0,1
2169,УИК №1268,2006,1138,40,1152,607,"(55.694921, 37.823242)",1503,916,46,949,654,0.5872382851445663,0.5269097222222222,0.6400532268795742,0.6891464699683878,0,0,1
2170,УИК №1269,1963,1034,26,1031,559,"(55.694921, 37.823242)",2455,1452,78,1459,1000,0.5399898115129903,0.542192046556741,0.6232179226069247,0.6854009595613434,0,0,1
2171,УИК №1270,2609,1539,27,1533,742,"(55.701673, 37.8449)",2666,1644,50,1654,1102,0.6002299731697969,0.4840182648401826,0.6354088522130532,0.6662636033857315,1,0,0
2172,УИК №1271,2781,1646,40,1665,757,"(55.701673, 37.8449)",2242,1317,40,1337,881,0.6062567421790723,0.4546546546546546,0.6052631578947368,0.6589379207180255,1,0,0
2173,УИК №1272,2701,1595,29,1594,711,"(55.698513, 37.840364)",2478,1455,17,1457,1012,0.6012587930396149,0.446047678795483,0.5940274414850686,0.6945778997940975,1,0,0
2174,УИК №1273,2803,1589,41,1586,749,"(55.698513, 37.840364)",2386,1230,60,1268,868,0.5815198002140564,0.4722572509457755,0.5406538139145013,0.6845425867507886,1,0,0
2175,УИК №1274,2859,1662,30,1674,812,"(55.700101, 37.849212)",2582,1503,82,1560,1076,0.5918153200419727,0.4850657108721625,0.6138652207591014,0.6897435897435897,1,0,0
2176,УИК №1275,2647,1555,35,1556,703,"(55.700101, 37.849212)",2477,1417,28,1409,977,0.600680015111447,0.4517994858611825,0.583366976180864,0.6933995741660752,1,0,0
2177,УИК №1276,2889,1697,15,1679,834,"(55.697199, 37.855033)",2407,1275,27,1275,880,0.5925925925925926,0.4967242406194163,0.5409223099293726,0.6901960784313725,1,0,0
2178,УИК №1277,2756,1555,31,1555,737,"(55.697199, 37.855033)",2062,1406,43,1437,1080,0.5754716981132075,0.4739549839228296,0.7027158098933075,0.7515657620041754,1,0,0
2179,УИК №1278,2950,1729,34,1733,847,"(55.691542, 37.851242)",1892,1035,64,1087,778,0.5976271186440678,0.4887478361223312,0.5808668076109936,0.7157313707451702,1,0,0
2180,УИК №1279,2942,1737,31,1726,817,"(55.691542, 37.851242)",2128,1208,46,1240,914,0.600951733514616,0.4733487833140208,0.5892857142857143,0.7370967741935484,1,0,0
2181,УИК №1280,2434,1337,52,1361,669,"(55.686462, 37.862282)",1353,823,23,834,582,0.5706655710764175,0.4915503306392358,0.6252771618625277,0.697841726618705,1,0,0
2182,УИК №1281,2656,1545,25,1532,778,"(55.686462, 37.862282)",2386,1287,50,1315,993,0.5911144578313253,0.5078328981723238,0.5603520536462699,0.7551330798479088,1,0,0
2183,УИК №1282,2706,1613,33,1615,786,"(55.689162, 37.84976)",2652,1525,59,1569,1134,0.6082779009608278,0.486687306501548,0.5972850678733032,0.722753346080306,1,0,0
2184,УИК №1283,2940,1711,48,1737,811,"(55.68735, 37.846742)",2083,1332,52,1373,1003,0.5982993197278912,0.4668969487622337,0.6644263082093135,0.7305171158048069,1,0,0
2185,УИК №1284,2317,1313,26,1314,591,"(55.683894, 37.847829)",2152,1230,92,1310,955,0.5779024600776866,0.4497716894977169,0.6143122676579925,0.7290076335877863,1,0,0
2186,УИК №1285,2773,1599,13,1574,662,"(55.683894, 37.847829)",1831,1050,40,1077,774,0.581319870176704,0.420584498094028,0.5953031130529766,0.7186629526462396,1,0,0
2187,УИК №1286,2139,1285,25,1277,566,"(55.68259, 37.860019)",1943,1183,50,1222,893,0.6124357176250584,0.4432263116679718,0.6345856922285126,0.7307692307692307,1,0,0
2188,УИК №1287,2758,1744,30,1749,822,"(55.68259, 37.860019)",2086,1239,46,1269,925,0.6432197244379986,0.4699828473413379,0.6160115052732502,0.7289204097714737,1,0,0
2189,УИК №1288,2790,1584,25,1545,696,"(55.680397, 37.855356)",2157,1245,59,1285,911,0.5767025089605735,0.4504854368932038,0.6045433472415391,0.7089494163424125,1,0,0
2190,УИК №1289,2734,1522,55,1544,771,"(55.680397, 37.855356)",2416,1364,60,1338,992,0.5768105340160936,0.4993523316062176,0.5894039735099338,0.7414050822122571,1,0,0
2191,УИК №3305,1147,1118,0,1102,710,"(nan, nan)",2266,1377,16,1378,964,0.974716652136007,0.6442831215970962,0.6147396293027361,0.6995645863570392,0,0,1
2192,УИК №1290,2842,1452,75,1492,806,"(55.6381870972593, 37.7990654110909)",2232,1329,40,1350,1014,0.5372976776917664,0.5402144772117963,0.6133512544802867,0.7511111111111111,0,0,1
2193,УИК №1291,2617,1510,74,1557,833,"(55.6381870972593, 37.7990654110909)",2528,1479,51,1506,1083,0.6052732136033626,0.5350032113037894,0.6052215189873418,0.7191235059760956,0,0,1
2194,УИК №1292,1890,1087,52,1118,574,"(55.6381870972593, 37.7990654110909)",2929,1778,46,1804,1243,0.6026455026455027,0.5134168157423972,0.6227381358825538,0.6890243902439024,0,0,1
2195,УИК №1293,1895,1007,59,1047,583,"(55.6357596065297, 37.7977028489113)",2536,1405,65,1452,1080,0.562532981530343,0.556829035339064,0.5796529968454258,0.743801652892562,0,0,1
2196,УИК №1294,2429,1325,48,1348,759,"(55.6313522817399, 37.7968354895711)",2323,1272,87,1342,994,0.5652531906134212,0.5630563798219584,0.5850193715023676,0.7406855439642325,0,0,1
2197,УИК №1295,3016,1544,70,1573,907,"(55.6313522817399, 37.7968354895711)",2029,1124,63,1171,884,0.5351458885941645,0.5766052129688494,0.5850172498767866,0.7549103330486764,0,0,1
2198,УИК №1296,2968,1500,90,1534,849,"(55.6313522817399, 37.7968354895711)",817,516,16,518,388,0.5357142857142857,0.5534550195567145,0.6511627906976745,0.749034749034749,0,0,1
2199,УИК №3306,370,232,138,366,270,"(nan, nan)",2293,1440,71,1484,1139,1.0,0.7377049180327869,0.6589620584387266,0.7675202156334232,0,0,1
2200,УИК №1297,2238,1157,74,1203,649,"(55.710854, 37.757278)",968,587,19,596,440,0.5500446827524575,0.5394846217788861,0.6260330578512396,0.738255033557047,0,1,0
2201,УИК №1298,2782,1579,57,1601,775,"(55.710854, 37.757278)",2372,1471,57,1528,1151,0.5880661394680087,0.4840724547158026,0.6441821247892074,0.7532722513089005,0,1,0
2202,УИК №1299,1788,924,34,939,459,"(55.709541, 37.757117)",2281,1282,51,1314,973,0.5357941834451901,0.4888178913738019,0.5843928101709777,0.7404870624048706,0,1,0
2203,УИК №1300,2148,1075,61,1106,553,"(55.709541, 37.757117)",2298,1243,54,1282,945,0.5288640595903166,0.5,0.5644038294168843,0.7371294851794071,0,1,0
2204,УИК №1301,2711,1366,72,1420,671,"(55.709038, 37.760647)",2358,1351,53,1394,1020,0.5304315750645519,0.4725352112676056,0.5954198473282443,0.7317073170731707,0,1,0
2205,УИК №1302,1525,858,53,894,445,"(55.707765, 37.771211)",2374,1399,30,1406,1050,0.5973770491803279,0.4977628635346756,0.6019376579612469,0.7467994310099573,0,1,0
2206,УИК №1303,2094,1138,35,1147,605,"(55.707182, 37.771059)",2193,1308,42,1336,999,0.5601719197707736,0.5274629468177855,0.615595075239398,0.7477544910179641,0,1,0
2207,УИК №1304,1918,998,50,1028,529,"(55.708364, 37.775694)",2059,1162,50,1191,877,0.5464025026068822,0.5145914396887159,0.5886352598348713,0.7363560033585222,0,1,0
2208,УИК №1305,2182,1125,73,1181,553,"(55.711584, 37.766738)",2030,1114,39,1136,832,0.5490375802016498,0.4682472480948348,0.5679802955665024,0.7323943661971831,0,1,0
2209,УИК №1306,1598,884,49,919,493,"(55.713294, 37.770502)",1642,819,42,840,616,0.5838548185231539,0.5364526659412405,0.5243605359317906,0.7333333333333333,0,1,0
2210,УИК №1307,1858,952,66,1005,540,"(55.713294, 37.770502)",1611,938,32,957,687,0.5479009687836384,0.5373134328358209,0.6021104903786468,0.7178683385579937,0,1,0
2211,УИК №1308,2421,1286,62,1318,643,"(55.713091, 37.771005)",2075,1222,55,1258,883,0.5567947129285419,0.4878603945371775,0.6154216867469879,0.7019077901430842,0,1,0
2212,УИК №1309,2107,1128,67,1167,555,"(55.707765, 37.771211)",2103,1158,55,1210,897,0.5671570953962981,0.4755784061696658,0.5767950546837851,0.7413223140495868,0,1,0
2213,УИК №1310,2420,1253,75,1288,624,"(55.708364, 37.775694)",1710,970,43,1001,727,0.5487603305785124,0.484472049689441,0.5923976608187135,0.7262737262737263,0,1,0
2214,УИК №1311,2126,1113,77,1149,548,"(55.705387, 37.787138)",1861,1097,50,1127,849,0.5597365945437441,0.4769364664926022,0.6163353036002149,0.7533274179236912,0,0,1
2215,УИК №1312,2262,1156,84,1216,636,"(55.705387, 37.787138)",1825,1040,33,1060,784,0.5481874447391689,0.5230263157894737,0.5879452054794521,0.7396226415094339,0,0,1
2216,УИК №1313,2937,1467,84,1534,736,"(55.705168, 37.786033)",2108,1274,20,1262,885,0.5280898876404494,0.4797913950456323,0.6138519924098672,0.7012678288431062,0,0,1
2217,УИК №1314,2853,1488,51,1505,736,"(55.705168, 37.786033)",2888,1949,33,1944,1334,0.5394321766561514,0.4890365448504983,0.6862880886426593,0.6862139917695473,0,0,1
2218,УИК №1315,2496,1336,33,1334,673,"(55.701034, 37.780895)",2422,1465,21,1458,1046,0.5484775641025641,0.5044977511244377,0.6135425268373246,0.7174211248285323,0,1,0
2219,УИК №1316,2416,1211,69,1252,633,"(55.701034, 37.780895)",2787,1662,57,1688,1142,0.5298013245033113,0.505591054313099,0.6167922497308934,0.6765402843601895,0,1,0
2220,УИК №1317,2500,1232,47,1257,609,"(55.700207, 37.787264)",1436,798,38,826,601,0.5116,0.4844868735083532,0.5821727019498607,0.7276029055690073,0,0,1
2221,УИК №1318,2685,1330,81,1385,702,"(55.700207, 37.787264)",2666,1663,55,1674,1226,0.525512104283054,0.5068592057761733,0.6444111027756939,0.7323775388291517,0,0,1
2222,УИК №1319,2403,1301,46,1313,639,"(55.702556, 37.769082)",2756,1719,38,1723,1228,0.5605493133583022,0.4866717440974866,0.6375181422351234,0.7127103888566454,0,1,0
2223,УИК №1320,1842,1018,40,1034,537,"(55.700669, 37.771597)",2610,1679,32,1697,1203,0.5743756786102063,0.5193423597678917,0.6555555555555556,0.708898055391868,0,1,0
2224,УИК №1321,2310,1203,68,1252,656,"(55.700547, 37.774813)",2794,1599,36,1608,1119,0.5502164502164503,0.5239616613418531,0.5851825340014316,0.6958955223880597,0,1,0
2225,УИК №1322,1690,975,31,986,449,"(55.700547, 37.774813)",2151,1312,10,1304,925,0.5952662721893491,0.4553752535496957,0.6145978614597861,0.7093558282208589,0,1,0
2226,УИК №1323,2113,1121,79,1171,610,"(55.6975090188279, 37.7733941562474)",2715,1622,55,1660,1233,0.5679129200189305,0.5209222886421861,0.6176795580110497,0.7427710843373494,0,1,0
2227,УИК №1324,2152,1125,78,1169,605,"(55.6975090188279, 37.7733941562474)",2506,1480,30,1493,1083,0.5590148698884758,0.5175363558597091,0.6025538707102953,0.725385130609511,0,1,0
2228,УИК №1325,1702,921,58,959,521,"(55.6978538296842, 37.7574150636792)",2535,1533,52,1563,1148,0.5752056404230317,0.543274244004171,0.6252465483234714,0.7344849648112604,0,1,0
2229,УИК №1326,2181,1153,52,1177,590,"(55.6978538296842, 37.7574150636792)",2761,1703,37,1713,1257,0.552498853736818,0.5012744265080714,0.6302064469395147,0.7338003502626971,0,1,0
2230,УИК №1327,2769,1529,58,1545,768,"(55.704889, 37.753344)",2488,1529,23,1533,1090,0.5731310942578548,0.4970873786407767,0.6237942122186495,0.7110241356816699,0,1,0
2231,УИК №1328,2589,1337,47,1368,662,"(55.704889, 37.753344)",1738,1023,20,1036,746,0.5345693317883352,0.4839181286549707,0.6001150747986191,0.7200772200772201,0,1,0
2232,УИК №1329,2636,1408,60,1442,709,"(55.703966, 37.760431)",2260,1347,30,1358,1002,0.5569044006069803,0.4916782246879334,0.6092920353982301,0.7378497790868925,0,1,0
2233,УИК №1330,2601,1443,49,1453,678,"(55.703966, 37.760431)",2494,1461,34,1479,1086,0.5736255286428297,0.4666207845836201,0.59943865276664,0.7342799188640974,0,1,0
2234,УИК №1331,2631,1521,37,1520,708,"(55.702181, 37.754071)",2830,1614,19,1613,1113,0.5921702774610414,0.4657894736842105,0.5770318021201414,0.6900185988840669,0,1,0
2235,УИК №1332,2499,1284,37,1293,699,"(55.698655, 37.758222)",2377,1504,22,1497,1103,0.5286114445778312,0.5406032482598608,0.6419856962557846,0.7368069472277889,0,1,0
2236,УИК №1333,1362,702,33,727,325,"(55.698655, 37.758222)",2514,1673,15,1669,1173,0.539647577092511,0.4470426409903714,0.6714399363564041,0.7028160575194727,0,1,0
2237,УИК №1334,1937,866,60,876,449,"(55.750135, 37.712686)",2809,1719,45,1740,1256,0.4780588538977801,0.5125570776255708,0.6279814880740477,0.7218390804597701,0,1,0
2238,УИК №1335,1946,996,29,1010,470,"(55.747297, 37.721454)",2697,1637,34,1657,1268,0.5267214799588901,0.4653465346534653,0.6195773081201335,0.7652383826191913,1,1,0
2239,УИК №1336,1674,852,46,885,396,"(55.747297, 37.721454)",552,400,8,399,274,0.5364396654719236,0.447457627118644,0.7391304347826086,0.6867167919799498,1,1,0
2240,УИК №1337,1812,992,54,1029,516,"(55.740624, 37.720241)",2788,1540,34,1559,1208,0.5772626931567328,0.5014577259475219,0.5645624103299857,0.7748556767158435,0,0,1
2241,УИК №1338,1488,817,58,865,419,"(55.745144, 37.703631)",2629,1571,50,1592,1131,0.5880376344086021,0.484393063583815,0.6165842525675161,0.710427135678392,0,0,1
2242,УИК №1339,1613,792,51,824,436,"(55.748726, 37.705455)",2020,1251,53,1287,970,0.5226286422814631,0.529126213592233,0.6455445544554456,0.7536907536907537,0,1,0
2243,УИК №1340,2989,1607,51,1600,701,"(55.753868, 37.711294)",1398,920,36,946,706,0.554700568752091,0.438125,0.6838340486409156,0.7463002114164905,0,1,0
2244,УИК №1341,2862,1683,53,1710,758,"(55.757394, 37.701017)",1891,1081,26,1094,844,0.6065688329839273,0.4432748538011696,0.585404547858276,0.7714808043875686,0,0,1
2245,УИК №1342,2664,1568,49,1545,740,"(55.750388, 37.679332)",2387,1358,23,1367,1049,0.6069819819819819,0.4789644012944983,0.5785504817762882,0.7673738112655449,0,1,0
2246,УИК №1343,2918,1670,64,1699,801,"(55.755986, 37.679143)",1868,1127,36,1145,886,0.5942426319396847,0.4714537963507946,0.6225910064239829,0.7737991266375546,0,1,0
2247,УИК №1344,2618,1593,74,1638,843,"(55.7558719002366, 37.6897697523236)",1474,864,51,905,664,0.6367456073338427,0.5146520146520146,0.6207598371777476,0.7337016574585635,0,0,1
2248,УИК №1345,1775,1191,30,1194,599,"(55.760317, 37.691522)",2434,1292,77,1338,994,0.6878873239436619,0.501675041876047,0.5624486442070665,0.7428998505231689,0,0,1
2249,УИК №1346,3091,2320,52,2338,1374,"(55.760378, 37.70178)",2430,1372,51,1404,1023,0.7673891944354578,0.5876817792985458,0.58559670781893,0.7286324786324786,0,0,1
2250,УИК №1347,3163,1804,78,1834,828,"(55.756791, 37.709425)",1445,792,20,799,602,0.595004742333228,0.4514721919302072,0.5619377162629757,0.753441802252816,0,1,0
2251,УИК №1348,1892,1009,66,1048,454,"(55.755196, 37.712273)",2149,1161,42,1196,884,0.5681818181818182,0.433206106870229,0.5597952536063285,0.7391304347826086,0,1,0
2252,УИК №1349,1763,978,68,1030,475,"(55.762601, 37.71115)",2325,1257,53,1270,892,0.5933068633011912,0.4611650485436893,0.5634408602150538,0.7023622047244095,0,0,1
2253,УИК №1350,1294,802,13,793,369,"(55.758802, 37.711797)",2210,1157,60,1190,836,0.6298299845440495,0.4653215636822194,0.5506787330316743,0.7025210084033613,0,1,0
2254,УИК №1351,2140,1063,34,1072,463,"(55.763194, 37.704916)",1372,767,19,776,571,0.5126168224299066,0.4319029850746269,0.5728862973760933,0.7358247422680413,0,0,1
2255,УИК №1352,2508,1475,58,1502,709,"(55.763548, 37.70779)",1816,953,48,989,735,0.611244019138756,0.4720372836218375,0.5512114537444934,0.7431749241658241,0,0,1
2256,УИК №1353,2450,1302,99,1380,685,"(55.767311, 37.711725)",2293,1281,59,1100,793,0.5718367346938775,0.4963768115942029,0.5843872655909289,0.7209090909090909,0,0,1
2257,УИК №1354,2440,1208,112,1275,657,"(55.767311, 37.711725)",1868,1037,43,1070,759,0.5409836065573771,0.5152941176470588,0.5781584582441114,0.7093457943925233,0,0,1
2258,УИК №1355,2536,1358,84,1407,652,"(55.767423, 37.715668)",2319,1211,62,1260,920,0.5686119873817035,0.4633972992181947,0.5489435101336783,0.7301587301587301,0,0,1
2259,УИК №1356,2156,1259,66,1301,663,"(55.765595, 37.711536)",1513,840,30,853,616,0.6145640074211502,0.509607993850884,0.5750165234633179,0.7221570926143025,0,0,1
2260,УИК №1357,2478,1347,99,1401,650,"(55.762601, 37.71115)",2290,1317,44,1343,1000,0.5835351089588378,0.46395431834404,0.5943231441048035,0.7446016381236039,0,0,1
2261,УИК №3307,763,137,600,729,386,"(nan, nan)",2283,1427,20,1429,1102,0.9659239842726082,0.5294924554183813,0.6338151554971528,0.7711686494051785,0,0,1
2262,УИК №3308,61,61,0,57,27,"(nan, nan)",2752,1767,21,1762,1396,1.0,0.4736842105263157,0.6497093023255814,0.7922814982973894,0,0,1
2263,УИК №3309,147,146,0,142,86,"(nan, nan)",1214,748,17,752,587,0.9931972789115646,0.6056338028169014,0.6301482701812191,0.7805851063829787,0,0,1
2264,УИК №1358,2763,1662,26,1618,748,"(55.686492, 37.741854)",1659,919,37,942,708,0.6109301483894318,0.4622991347342398,0.5762507534659433,0.7515923566878981,0,1,0
2265,УИК №1359,1808,1136,25,1132,600,"(55.684356, 37.741773)",2456,1375,38,1381,965,0.6421460176991151,0.5300353356890459,0.5753257328990228,0.6987690079652426,0,1,0
2266,УИК №1360,1450,729,30,741,383,"(55.680047, 37.74808)",2442,1248,69,1306,920,0.523448275862069,0.5168690958164642,0.5393120393120393,0.7044410413476263,0,1,0
2267,УИК №1361,1608,1004,13,990,474,"(55.68633, 37.751071)",2264,1192,53,1219,893,0.6324626865671642,0.4787878787878787,0.5499116607773852,0.7325676784249385,0,1,0
2268,УИК №1362,1812,935,47,966,484,"(55.68633, 37.751071)",2401,1246,48,1275,911,0.5419426048565121,0.5010351966873706,0.538942107455227,0.7145098039215686,0,1,0
2269,УИК №1363,1913,1015,23,1010,486,"(55.6836615100949, 37.7531575597823)",2513,1389,57,1421,1072,0.5426032409827496,0.4811881188118811,0.575407879029049,0.7543983110485574,0,1,0
2270,УИК №1364,2138,1207,29,1201,592,"(55.6836615100949, 37.7531575597823)",2416,1296,66,1353,1023,0.578110383536015,0.4929225645295587,0.5637417218543046,0.7560975609756098,0,1,0
2271,УИК №1365,1179,667,29,680,349,"(55.6836615100949, 37.7531575597823)",2514,1452,39,1441,1064,0.5903307888040712,0.513235294117647,0.5930787589498807,0.7383761276891048,0,1,0
2272,УИК №1366,1127,604,16,608,305,"(55.6755235317873, 37.7379122190178)",2338,1255,63,1295,963,0.5501330967169477,0.5016447368421053,0.5637296834901625,0.7436293436293436,0,0,1
2273,УИК №1367,1656,915,29,913,511,"(55.6782621782732, 37.7427378483117)",2570,1397,64,1443,1059,0.5700483091787439,0.5596933187294633,0.5684824902723735,0.7338877338877339,0,0,1
2274,УИК №1368,1586,892,35,910,465,"(55.6782621782732, 37.7427378483117)",1718,1055,30,1065,748,0.5844892812105927,0.510989010989011,0.6315483119906868,0.7023474178403756,0,0,1
2275,УИК №1369,1759,949,24,954,505,"(55.680047, 37.74808)",1794,1006,57,1058,754,0.5531552018192155,0.5293501048218029,0.592530657748049,0.7126654064272212,0,1,0
2276,УИК №1370,2264,1208,33,1219,631,"(55.67926, 37.751987)",2328,1320,26,1319,942,0.5481448763250883,0.5176374077112387,0.5781786941580757,0.714177407126611,0,1,0
2277,УИК №1371,1293,1247,46,1263,650,"(55.67926, 37.751987)",2430,1305,57,1347,981,1.0,0.5146476642913698,0.5604938271604938,0.7282850779510023,0,1,0
2278,УИК №1372,2698,1492,53,1514,773,"(55.677301, 37.760961)",2328,1301,38,1325,969,0.572646404744255,0.5105680317040951,0.5751718213058419,0.7313207547169811,0,1,0
2279,УИК №1373,1918,962,34,967,526,"(55.677301, 37.760961)",1653,907,21,915,658,0.5192909280500522,0.5439503619441571,0.5614035087719298,0.7191256830601093,0,1,0
2280,УИК №1374,2440,1365,48,1378,705,"(55.678712, 37.769388)",1396,781,30,804,593,0.5790983606557377,0.511611030478955,0.580945558739255,0.7375621890547264,0,1,0
2281,УИК №1375,2655,1384,44,1381,690,"(55.678712, 37.769388)",2578,1527,36,1537,1098,0.5378531073446328,0.499637943519189,0.6062839410395655,0.7143786597267404,0,1,0
2282,УИК №1376,2667,1462,36,1458,746,"(55.680199, 37.770591)",2626,1451,45,1473,1079,0.5616797900262467,0.5116598079561042,0.5696877380045697,0.7325186693822132,0,1,0
2283,УИК №1377,2284,1280,24,1274,692,"(55.680199, 37.770591)",2313,1230,44,1217,920,0.5709281961471103,0.543171114599686,0.5507998270644185,0.7559572719802794,0,1,0
2284,УИК №1378,2287,1342,30,1336,710,"(55.678895, 37.771463)",1465,784,38,811,604,0.5999125491910801,0.531437125748503,0.5610921501706485,0.7447595561035758,0,1,0
2285,УИК №1379,2206,1307,24,1313,663,"(55.678895, 37.771463)",1894,988,39,1012,736,0.6033544877606528,0.504950495049505,0.5422386483632524,0.7272727272727273,0,1,0
2286,УИК №1380,2729,1385,20,1365,754,"(55.672062, 37.769666)",1593,841,46,880,676,0.51484060095273,0.5523809523809524,0.5568110483364721,0.7681818181818182,0,1,0
2287,УИК №1381,2363,1185,22,1187,657,"(55.672062, 37.769666)",2000,999,61,1044,781,0.5107913669064749,0.5534962089300758,0.53,0.7480842911877394,0,1,0
2288,УИК №1382,2911,1547,9,1511,783,"(55.671519, 37.76884)",1952,1050,61,1100,818,0.5345242184816215,0.5181998676373263,0.5691598360655737,0.7436363636363637,0,1,0
2289,УИК №1383,2704,1478,14,1452,705,"(55.671519, 37.76884)",2680,1399,34,1414,938,0.5517751479289941,0.4855371900826446,0.5347014925373135,0.6633663366336634,0,1,0
2290,УИК №1384,1945,1106,14,1097,516,"(55.672529, 37.764276)",2301,1205,19,1214,811,0.5758354755784062,0.4703737465815861,0.5319426336375489,0.6680395387149918,0,1,0
2291,УИК №1385,1510,791,8,780,378,"(55.672529, 37.764276)",420,267,8,272,188,0.5291390728476821,0.4846153846153846,0.6547619047619048,0.6911764705882353,0,1,0
2292,УИК №1386,1446,758,20,760,410,"(55.673778, 37.75718)",2091,1331,33,1342,952,0.5380359612724758,0.5394736842105263,0.6523194643711143,0.7093889716840537,0,1,0
2293,УИК №1387,2124,1200,21,1202,602,"(55.673489, 37.754538)",1140,829,50,872,608,0.5748587570621468,0.5008319467554077,0.7710526315789473,0.6972477064220184,0,1,0
2294,УИК №1388,1683,912,23,913,407,"(55.67528, 37.753398)",1342,712,46,750,570,0.5555555555555556,0.4457831325301205,0.5648286140089419,0.76,0,1,0
2295,УИК №1389,2394,1370,30,1374,746,"(55.67528, 37.753398)",2464,1281,34,1299,842,0.5847953216374269,0.5429403202328966,0.533685064935065,0.6481909160892995,0,1,0
2296,УИК №1390,2115,1199,42,1216,638,"(55.677367, 37.743058)",2783,1621,28,1626,1127,0.5867612293144208,0.524671052631579,0.5925260510240747,0.6931119311193112,0,0,1
2297,УИК №1391,2769,1505,32,1513,808,"(55.674966, 37.741351)",2517,2165,8,2138,1633,0.5550740339472734,0.5340383344348976,0.8633293603496226,0.7637979420018709,0,0,1
2298,УИК №1392,1964,1001,24,1000,519,"(55.673377, 37.741675)",2769,1576,44,1599,1136,0.5218940936863544,0.519,0.5850487540628385,0.7104440275171983,0,0,1
2299,УИК №1393,2632,1501,29,1508,685,"(55.673377, 37.741675)",2708,1541,45,1570,1076,0.581306990881459,0.4542440318302387,0.585672082717873,0.6853503184713375,0,0,1
2300,УИК №1394,2338,1287,42,1287,670,"(55.669376, 37.743902)",2305,1456,37,1470,1020,0.5684345594525235,0.5205905205905206,0.6477223427331887,0.6938775510204082,0,0,1
2301,УИК №1395,2117,1202,32,1216,655,"(55.668325, 37.746031)",2923,2302,29,2272,1724,0.5829003306565895,0.5386513157894737,0.7974683544303798,0.7588028169014085,0,1,0
2302,УИК №1396,1839,998,27,1001,549,"(55.66731, 37.748214)",2829,1999,0,1979,1553,0.5573681348559,0.5484515484515484,0.7066101095793567,0.7847397675593735,0,1,0
2303,УИК №1397,1603,905,18,908,501,"(55.66731, 37.748214)",2050,1283,59,1321,839,0.5757953836556456,0.551762114537445,0.6546341463414634,0.6351249053747161,0,1,0
2304,УИК №1398,2938,1576,26,1560,829,"(55.672702, 37.751062)",2559,1587,49,1605,1021,0.5452688904016337,0.5314102564102564,0.6393122313403673,0.6361370716510903,0,1,0
2305,УИК №1399,2426,1333,7,1320,575,"(55.669341, 37.760539)",1971,1109,51,1137,821,0.5523495465787304,0.4356060606060606,0.5885337392186707,0.7220756376429199,0,1,0
2306,УИК №1400,2357,1310,50,1360,716,"(55.669341, 37.760539)",1366,856,20,863,574,0.5770046669495121,0.5264705882352941,0.6412884333821376,0.6651216685979142,0,1,0
2307,УИК №1401,1860,1008,6,998,501,"(55.666853, 37.777967)",1985,1203,34,1207,837,0.5451612903225806,0.5020040080160321,0.6231738035264484,0.6934548467274234,0,0,1
2308,УИК №1402,1700,1080,9,1070,698,"(55.666853, 37.777967)",1738,980,34,1005,711,0.6405882352941177,0.6523364485981309,0.5834292289988493,0.7074626865671642,0,0,1
2309,УИК №1403,1655,799,11,799,393,"(55.667351, 37.7896)",2216,1313,42,1327,943,0.4894259818731117,0.4918648310387985,0.6114620938628159,0.7106254709871892,0,0,1
2310,УИК №1404,2098,1152,14,1148,590,"(55.667351, 37.7896)",2101,1075,83,1144,847,0.555767397521449,0.5139372822299652,0.5511661113755355,0.7403846153846154,0,0,1
2311,УИК №1405,2582,1283,26,1289,681,"(55.671722, 37.793507)",2439,1390,50,1418,981,0.5069713400464756,0.5283165244375485,0.5904059040590406,0.6918194640338505,0,0,1
2312,УИК №1406,2625,1249,34,1252,656,"(55.671722, 37.793507)",1616,919,49,957,666,0.4887619047619048,0.5239616613418531,0.599009900990099,0.6959247648902821,0,0,1
2313,УИК №1407,2875,1548,358,1870,1144,"(55.674255, 37.809686)",2269,1219,75,1277,907,0.6629565217391304,0.611764705882353,0.5702952842661966,0.7102584181675803,0,0,1
2314,УИК №1408,2872,1822,50,1835,969,"(55.674255, 37.809686)",2607,1606,30,1619,1143,0.6518105849582173,0.5280653950953679,0.6275412351361719,0.7059913526868438,0,0,1
2315,УИК №3310,403,237,166,400,333,"(nan, nan)",1359,877,42,906,702,1.0,0.8325,0.6762325239146432,0.7748344370860927,0,0,1
2316,УИК №3311,391,391,0,383,239,"(nan, nan)",1060,687,18,687,533,1.0,0.6240208877284595,0.6650943396226415,0.7758369723435226,0,0,1
2317,УИК №3312,477,477,0,464,254,"(nan, nan)",2153,1222,45,1249,956,1.0,0.5474137931034483,0.5884811890385508,0.7654123298638911,0,0,1
2318,УИК №3313,369,359,0,349,247,"(nan, nan)",1640,887,45,920,746,0.97289972899729,0.7077363896848138,0.5682926829268292,0.8108695652173913,0,0,1
2319,УИК №1409,2667,1414,27,1412,774,"(55.65178, 37.71345)",2145,1316,21,1322,998,0.5403074615673041,0.5481586402266289,0.6233100233100233,0.7549167927382754,0,0,1
2320,УИК №1410,2450,1456,33,1454,746,"(55.65178, 37.71345)",1364,724,28,737,562,0.6077551020408163,0.5130674002751031,0.5513196480938416,0.762550881953867,0,0,1
2321,УИК №1411,2400,1311,75,1355,755,"(55.649007, 37.72087)",1529,973,25,986,710,0.5775,0.5571955719557196,0.6527141922825376,0.7200811359026369,0,0,1
2322,УИК №1412,2380,1334,30,1340,762,"(55.65178, 37.71345)",1768,996,44,1033,766,0.573109243697479,0.5686567164179105,0.5882352941176471,0.7415295256534365,0,0,1
2323,УИК №1413,2717,1524,47,1539,789,"(55.650729, 37.712938)",1815,983,41,1009,721,0.5782112624217888,0.5126705653021443,0.5641873278236914,0.7145688800792864,0,0,1
2324,УИК №1414,2864,1593,77,1630,865,"(55.650729, 37.712938)",2052,1176,24,1189,867,0.5831005586592178,0.5306748466257669,0.5847953216374269,0.7291841883936081,0,0,1
2325,УИК №1415,2639,1557,56,1570,808,"(55.649007, 37.72087)",1151,695,25,715,548,0.6112163698370595,0.5146496815286624,0.6255430060816681,0.7664335664335664,0,0,1
2326,УИК №1416,2452,1451,65,1474,826,"(55.649048, 37.722487)",1364,839,19,846,646,0.6182707993474714,0.5603799185888738,0.6290322580645161,0.7635933806146572,0,0,1
2327,УИК №1417,2684,1564,68,1605,830,"(55.649048, 37.722487)",1568,904,43,940,735,0.6080476900149031,0.5171339563862928,0.6039540816326531,0.7819148936170213,0,0,1
2328,УИК №1418,2269,1256,51,1287,710,"(55.643302, 37.718804)",1579,921,38,939,698,0.5760246804759807,0.5516705516705517,0.6073464217859404,0.7433439829605963,0,0,1
2329,УИК №1419,2543,1390,42,1399,765,"(55.643302, 37.718804)",1615,917,18,909,688,0.5631144317734958,0.546819156540386,0.5789473684210527,0.7568756875687569,0,0,1
2330,УИК №1420,2501,1387,44,1409,707,"(55.643302, 37.718804)",2259,1263,55,1292,959,0.5721711315473811,0.5017743080198722,0.583444001770695,0.7422600619195047,0,0,1
2331,УИК №1421,2539,1389,43,1409,805,"(55.643343, 37.720438)",2332,1302,52,1333,1014,0.564001575423395,0.5713271823988645,0.5806174957118353,0.7606901725431358,0,0,1
2332,УИК №1422,2473,1289,39,1292,743,"(55.643343, 37.720438)",2508,1423,62,1466,1053,0.5369995956328346,0.5750773993808049,0.5921052631578947,0.718281036834925,0,0,1
2333,УИК №1423,2165,1177,57,1209,610,"(55.643343, 37.720438)",2012,1113,36,1132,854,0.5699769053117782,0.5045492142266336,0.5710735586481114,0.7544169611307421,0,0,1
2334,УИК №1424,2126,1261,47,1289,743,"(55.648626, 37.732251)",2180,1213,52,1253,908,0.6152398871119473,0.5764158262218774,0.5802752293577982,0.7246608140462889,0,1,0
2335,УИК №1425,2680,1477,90,1530,761,"(55.643917, 37.736024)",2511,1346,54,1376,1019,0.5847014925373134,0.4973856209150327,0.5575467941059339,0.7405523255813954,0,1,0
2336,УИК №1426,2737,1468,49,1482,771,"(55.643917, 37.736024)",2424,1398,65,1440,1086,0.5542564852027768,0.520242914979757,0.6035478547854786,0.7541666666666667,0,1,0
2337,УИК №1427,2636,1395,104,1462,771,"(55.65046, 37.735764)",2171,1299,35,1315,1003,0.5686646433990895,0.5273597811217511,0.6144633809304468,0.7627376425855513,0,1,0
2338,УИК №1428,2060,1095,54,1113,605,"(55.65046, 37.735764)",2269,1311,39,1339,1010,0.5577669902912621,0.5435759209344115,0.5949757602468048,0.7542942494398805,0,1,0
2339,УИК №1429,2697,1414,113,1496,778,"(55.651516, 37.735566)",2061,1231,37,1253,973,0.5661846496106785,0.5200534759358288,0.6152353226589035,0.776536312849162,0,1,0
2340,УИК №1430,2513,1280,53,1309,639,"(55.65046, 37.735764)",2355,1258,16,1259,938,0.530441703143653,0.4881588999236058,0.5409766454352442,0.7450357426528992,0,1,0
2341,УИК №1431,2878,1543,52,1566,769,"(55.651516, 37.735566)",2455,1348,30,1358,1047,0.5542043085476025,0.4910600255427841,0.5613034623217923,0.7709867452135494,0,1,0
2342,УИК №1432,2991,1632,31,1629,813,"(55.651516, 37.735566)",2807,1512,27,1515,1096,0.5560013373453695,0.4990791896869245,0.5482721767011044,0.7234323432343235,0,1,0
2343,УИК №1433,3032,1689,60,1729,950,"(55.643592, 37.737354)",2641,1447,21,1438,1035,0.5768469656992085,0.5494505494505495,0.5558500567966679,0.719749652294854,0,1,0
2344,УИК №1434,2389,1390,34,1388,680,"(55.643592, 37.737354)",2039,1242,14,1242,882,0.5960652992884052,0.4899135446685879,0.6159882295242766,0.7101449275362319,0,1,0
2345,УИК №1435,2492,1367,49,1395,735,"(55.643592, 37.737354)",1552,937,11,943,695,0.5682182985553772,0.5268817204301075,0.6108247422680413,0.7370095440084835,0,1,0
2346,УИК №1436,2233,1288,15,1276,560,"(55.646878, 37.748574)",1594,872,31,889,638,0.5835199283475145,0.438871473354232,0.5664993726474279,0.7176602924634421,0,1,0
2347,УИК №1437,2552,1491,35,1489,732,"(55.646878, 37.748574)",2436,1414,41,1432,1097,0.5979623824451411,0.4916051040967092,0.5972906403940886,0.7660614525139665,0,1,0
2348,УИК №1439,2578,1422,26,1408,680,"(55.64792, 37.756991)",2381,1457,40,1469,1181,0.5616757176105508,0.4829545454545454,0.628727425451491,0.8039482641252553,0,1,0
2349,УИК №1440,2668,1505,34,1503,794,"(55.64792, 37.756991)",2052,1180,61,1224,957,0.5768365817091454,0.5282767797737857,0.604775828460039,0.7818627450980392,0,1,0
2350,УИК №1441,2298,1363,16,1343,673,"(55.651069, 37.75461)",2737,1655,45,1671,1280,0.6000870322019147,0.5011169024571854,0.6211180124223602,0.7660083782166367,0,1,0
2351,УИК №1442,2797,1675,35,1670,824,"(55.651069, 37.75461)",2389,1274,81,1337,996,0.61136932427601,0.4934131736526946,0.567182921724571,0.7449513836948392,0,1,0
2352,УИК №1443,2720,1588,17,1565,766,"(55.650353, 37.747091)",2320,1236,71,1288,943,0.5900735294117647,0.4894568690095847,0.5633620689655172,0.7321428571428571,0,1,0
2353,УИК №1444,2860,1611,28,1604,800,"(55.653385, 37.749256)",2242,1289,79,1349,1040,0.573076923076923,0.4987531172069825,0.6101694915254238,0.770941438102298,0,1,0
2354,УИК №1445,1983,1090,13,1089,520,"(55.653385, 37.749256)",2058,1190,80,1255,954,0.5562279374684821,0.4775022956841138,0.6171039844509232,0.7601593625498008,0,1,0
2355,УИК №1446,2135,1194,18,1185,575,"(55.655077, 37.750487)",1780,1045,53,1089,862,0.5676814988290398,0.4852320675105485,0.6168539325842697,0.7915518824609734,0,1,0
2356,УИК №1447,2574,1464,26,1464,719,"(55.655077, 37.750487)",1487,889,24,900,676,0.5788655788655789,0.491120218579235,0.6139878950907868,0.7511111111111111,0,1,0
2357,УИК №1448,2071,1173,30,1188,540,"(55.65658, 37.754979)",2474,1384,37,1398,1046,0.5808788025108643,0.4545454545454545,0.5743734842360549,0.748211731044349,0,1,0
2358,УИК №1449,2517,1474,2,1432,584,"(55.660176, 37.745358)",2543,1434,17,1427,1039,0.5864123957091776,0.4078212290502793,0.5705859221392057,0.7281009110021023,0,1,0
2359,УИК №1451,2799,1693,30,1694,746,"(55.662984, 37.750694)",1964,1330,13,1331,1049,0.6155769917827796,0.4403778040141676,0.6838085539714868,0.7881292261457551,0,1,0
2360,УИК №1452,2645,1446,34,1445,668,"(55.656986, 37.75603)",1692,1171,13,1178,861,0.5595463137996219,0.4622837370242214,0.6997635933806147,0.730899830220713,0,1,0
2361,УИК №1453,2902,1608,51,1627,786,"(55.656986, 37.75603)",1678,866,31,883,667,0.5716747070985527,0.4830977258758451,0.534564958283671,0.7553793884484711,0,1,0
2362,УИК №1454,2180,1165,29,1162,558,"(55.652283, 37.760045)",2350,1325,9,1316,952,0.5477064220183486,0.4802065404475043,0.5676595744680851,0.723404255319149,0,1,0
2363,УИК №1455,2522,1371,35,1381,660,"(55.652283, 37.760045)",2550,1330,32,1338,1019,0.5574940523394132,0.4779145546705286,0.5341176470588235,0.7615844544095666,0,1,0
2364,УИК №1456,2614,1423,39,1442,716,"(55.650688, 37.761977)",2528,1402,41,1418,1038,0.5592960979342004,0.4965325936199722,0.5708069620253164,0.7320169252468265,0,0,1
2365,УИК №1457,2312,1203,23,1203,614,"(55.650688, 37.761977)",3019,1778,286,2029,1544,0.5302768166089965,0.5103906899418121,0.6836700894335873,0.7609659931000493,0,0,1
2366,УИК №1458,2782,1533,26,1517,730,"(55.654437, 37.771391)",3500,2522,29,2506,1949,0.5603882099209202,0.4812129202373105,0.7288571428571429,0.777733439744613,0,0,1
2367,УИК №1459,2744,1624,34,1634,747,"(55.655427, 37.76981)",417,243,134,369,292,0.6042274052478134,0.4571603427172582,0.9040767386091128,0.7913279132791328,0,0,1
2368,УИК №1460,2895,1623,24,1584,727,"(55.655427, 37.76981)",2538,1412,33,1425,1085,0.5689119170984456,0.4589646464646464,0.5693459416863672,0.7614035087719299,0,0,1
2369,УИК №1461,2764,1564,21,1553,719,"(55.659805, 37.763477)",2407,1381,61,1342,1086,0.5734442836468886,0.4629748873148744,0.5990859991690901,0.8092399403874814,0,1,0
2370,УИК №1462,2670,1486,28,1471,739,"(55.66014, 37.764654)",2191,1273,53,1300,992,0.5670411985018726,0.5023793337865398,0.6052031036056595,0.7630769230769231,0,1,0
2371,УИК №1463,2954,1659,24,1652,747,"(55.66014, 37.764654)",2501,1416,39,1444,1114,0.569735951252539,0.4521791767554479,0.5817672930827669,0.7714681440443213,0,1,0
2372,УИК №1464,2607,1418,111,1499,756,"(55.666548, 37.757593)",2482,1405,41,1415,1040,0.5864978902953587,0.5043362241494329,0.5825946817082998,0.734982332155477,0,1,0
2373,УИК №1465,2985,1568,220,1755,891,"(55.666548, 37.757593)",2391,1426,43,1434,1064,0.5989949748743718,0.5076923076923077,0.6143872856545378,0.7419804741980475,0,1,0
2374,УИК №1466,2592,1531,21,1528,722,"(55.663679, 37.767492)",2530,1538,89,1568,1141,0.5987654320987654,0.4725130890052356,0.6430830039525691,0.7276785714285714,0,0,1
2375,УИК №1467,2819,1617,30,1612,757,"(55.659719, 37.775721)",2447,1484,54,1523,1159,0.5842497339482086,0.4696029776674938,0.6285247241520229,0.7609980302035456,0,0,1
2376,УИК №1468,2887,1539,33,1550,722,"(55.659719, 37.775721)",2517,1521,46,1547,1139,0.5445098718392796,0.4658064516129032,0.6225665474771553,0.7362637362637363,0,0,1
2377,УИК №1469,2850,1632,21,1607,803,"(55.660541, 37.776269)",2276,1206,49,1245,963,0.58,0.4996888612321095,0.5514059753954306,0.7734939759036145,0,0,1
2378,УИК №1470,1795,979,21,980,498,"(55.66372, 37.776412)",2447,1434,40,1455,1117,0.5571030640668524,0.5081632653061224,0.6023702492848386,0.7676975945017183,0,0,1
2379,УИК №1471,2359,1219,20,1213,623,"(55.66372, 37.776412)",2405,1407,58,1440,1048,0.5252225519287834,0.5136026380873866,0.6091476091476091,0.7277777777777777,0,0,1
2380,УИК №1472,2703,1531,39,1533,778,"(55.665345, 37.774535)",2093,1325,46,1346,1057,0.5808361080281169,0.507501630789302,0.6550406115623507,0.7852897473997028,0,0,1
2381,УИК №1473,1988,996,18,990,472,"(55.663679, 37.767492)",2338,1267,18,1263,952,0.5100603621730382,0.4767676767676768,0.5496150556030795,0.7537608867775138,0,0,1
2382,УИК №1474,1066,560,38,592,345,"(55.683549, 37.916891)",1987,1191,45,1228,918,0.5609756097560976,0.5827702702702703,0.6220432813286362,0.747557003257329,0,0,1
2383,УИК №1475,2514,1596,67,1636,887,"(55.683549, 37.916891)",2081,1318,44,1352,1031,0.6614956245027844,0.5421760391198044,0.6544930321960596,0.7625739644970414,0,0,1
2384,УИК №1476,1626,729,19,735,454,"(55.6879937987386, 37.9234384372831)",2374,1368,34,1374,1049,0.4600246002460024,0.617687074829932,0.590564448188711,0.7634643377001455,0,0,1
2385,УИК №1477,193,126,0,125,90,"(55.705696, 37.922056)",2206,1263,49,1291,969,0.6528497409326425,0.72,0.5947416137805984,0.750580945003873,0,0,1
2386,УИК №1478,1197,686,42,720,425,"(55.6843399195836, 37.9208616726101)",2479,1407,60,1448,1091,0.6081871345029239,0.5902777777777778,0.5917708753529649,0.7534530386740331,0,0,1
2387,УИК №1479,1411,778,51,817,469,"(55.6843399195836, 37.9208616726101)",2498,1397,67,1434,1102,0.5875265768958186,0.5740514075887393,0.5860688550840673,0.7684797768479776,0,0,1
2388,УИК №1480,2212,1175,80,1230,692,"(55.682442, 37.926278)",2353,1337,96,1426,1093,0.5673598553345389,0.5626016260162602,0.6090097747556311,0.7664796633941094,0,0,1
2389,УИК №3314,356,283,46,321,196,"(nan, nan)",2107,1109,69,1163,905,0.9241573033707864,0.6105919003115264,0.5590887517797817,0.7781599312123818,0,0,1
2390,УИК №1481,1970,948,65,992,571,"(55.737502, 37.74092)",2476,1324,44,1353,1000,0.5142131979695431,0.5756048387096774,0.5525040387722132,0.7390983000739099,1,0,0
2391,УИК №1482,2144,1207,54,1238,630,"(55.735109, 37.745735)",2378,1300,30,1312,971,0.5881529850746269,0.5088852988691438,0.5592935239697224,0.7400914634146342,0,0,1
2392,УИК №1483,1951,1029,72,1079,570,"(55.735109, 37.745735)",2395,1383,31,1393,1055,0.5643259866735008,0.5282669138090825,0.5903966597077245,0.7573582196697775,0,0,1
2393,УИК №1484,2006,1053,61,1096,561,"(55.731206, 37.745367)",2113,1240,42,1265,946,0.555333998005982,0.5118613138686131,0.6067203028868907,0.7478260869565218,1,0,0
2394,УИК №1485,2017,938,140,1059,552,"(55.731206, 37.745367)",2109,1230,45,1261,931,0.5344571145265246,0.5212464589235127,0.604551920341394,0.7383029341792229,1,0,0
2395,УИК №1486,1917,1025,61,1065,558,"(55.730152, 37.752392)",1822,1091,27,1113,903,0.5665101721439749,0.523943661971831,0.6136114160263447,0.8113207547169812,0,0,1
2396,УИК №1487,2016,1111,93,1156,618,"(55.732352, 37.720034)",1993,1193,25,1205,911,0.5972222222222222,0.5346020761245674,0.611138986452584,0.7560165975103734,1,0,0
2397,УИК №1488,2251,1197,103,1270,689,"(55.729645, 37.723574)",2222,1297,17,1305,903,0.5775211017325633,0.5425196850393701,0.5913591359135913,0.6919540229885057,1,0,0
2398,УИК №1489,2213,1202,39,1220,598,"(55.733452, 37.709147)",2341,1393,23,1394,993,0.5607772254857659,0.4901639344262295,0.6048697137975224,0.712338593974175,0,0,1
2399,УИК №1490,2598,1308,346,1607,831,"(55.732813, 37.706371)",2255,1360,27,1371,998,0.636643571978445,0.5171126322339763,0.6150776053215078,0.7279358132749818,0,0,1
2400,УИК №1491,2220,1124,69,1164,566,"(55.741227, 37.705778)",2465,1415,24,1419,1022,0.5373873873873873,0.486254295532646,0.5837728194726166,0.7202255109231853,0,0,1
2401,УИК №1492,2131,1134,93,1199,617,"(55.741227, 37.705778)",2534,1503,27,1521,1149,0.5757860159549507,0.5145954962468724,0.6037884767166535,0.7554240631163708,0,0,1
2402,УИК №1493,2991,1902,30,1887,919,"(55.693003, 37.720528)",2545,1585,23,1594,1158,0.645937813440321,0.4870164281928987,0.6318271119842829,0.726474278544542,0,1,0
2403,УИК №1494,2364,1267,51,1294,661,"(55.688928, 37.721894)",2324,1356,26,1362,1011,0.5575296108291032,0.5108191653786708,0.5946643717728055,0.7422907488986784,0,1,0
2404,УИК №1495,2517,1375,90,1442,766,"(55.6895595337651, 37.7287623658777)",2751,1667,12,1662,1217,0.5820421136273342,0.5312066574202496,0.6103235187204653,0.7322503008423586,0,1,0
2405,УИК №1496,1676,904,59,936,503,"(55.6895595337651, 37.7287623658777)",2494,1449,27,1458,1069,0.5745823389021479,0.5373931623931624,0.5918203688853247,0.733196159122085,0,1,0
2406,УИК №1497,2454,1362,69,1396,707,"(55.688928, 37.721894)",2003,1136,24,1144,853,0.5831295843520783,0.5064469914040115,0.5791313030454318,0.7456293706293706,0,1,0
2407,УИК №1498,3086,1599,44,1610,766,"(55.688928, 37.721894)",2222,1329,22,1330,976,0.5324044069993519,0.4757763975155279,0.608010801080108,0.7338345864661654,0,1,0
2408,УИК №1499,2424,1394,78,1378,761,"(55.688, 37.729359)",2389,1421,23,1430,1054,0.6072607260726073,0.5522496371552975,0.6044370029300963,0.737062937062937,0,1,0
2409,УИК №1500,2323,1357,82,1411,833,"(55.688, 37.729359)",2520,1523,28,1526,1057,0.6194575979337064,0.5903614457831325,0.6154761904761905,0.6926605504587156,0,1,0
2410,УИК №1501,2370,1271,54,1296,732,"(55.683945, 37.719648)",2857,1715,20,1714,1182,0.5590717299578059,0.5648148148148148,0.607280364018201,0.6896149358226371,0,0,1
2411,УИК №1502,2789,1547,50,1560,784,"(55.683945, 37.719648)",2736,1507,28,1488,1056,0.5726066690570096,0.5025641025641026,0.5610380116959064,0.7096774193548387,0,0,1
2412,УИК №1503,2497,1320,107,1388,686,"(55.681859, 37.72785)",3187,1862,29,1861,1274,0.5714857829395275,0.4942363112391931,0.5933479761531221,0.6845781837721655,0,0,1
2413,УИК №1504,1587,917,49,946,507,"(55.681859, 37.72785)",2565,1413,46,1436,1044,0.6086956521739131,0.5359408033826638,0.5688109161793372,0.7270194986072424,0,0,1
2414,УИК №1505,2018,1104,43,1123,596,"(55.680265, 37.727023)",2252,1263,52,1300,980,0.568384539147671,0.5307212822796082,0.5839253996447602,0.7538461538461538,0,0,1
2415,УИК №1506,2913,1572,60,1599,821,"(55.677443, 37.720097)",2081,1171,32,1195,907,0.5602471678681772,0.5134459036898061,0.5780874579529073,0.7589958158995815,0,0,1
2416,УИК №1507,2920,1749,34,1705,875,"(55.677443, 37.720097)",2385,1363,29,1370,979,0.6106164383561644,0.5131964809384164,0.5836477987421383,0.7145985401459855,0,0,1
2417,УИК №1508,2094,1167,31,1179,615,"(55.680265, 37.727023)",2435,1463,23,1470,1125,0.5721107927411653,0.5216284987277354,0.6102669404517453,0.7653061224489796,0,0,1
2418,УИК №1509,2937,1480,65,1510,879,"(55.680265, 37.727023)",2222,1289,19,1290,978,0.526046986721144,0.5821192052980132,0.5886588658865887,0.7581395348837209,0,0,1
2419,УИК №1510,2833,1535,55,1564,838,"(55.677443, 37.720097)",2566,1525,34,1542,1099,0.5612424991175432,0.5358056265984654,0.6075604053000779,0.7127107652399481,0,0,1
2420,УИК №1511,1667,881,50,909,451,"(55.670001, 37.722514)",2776,1584,29,1584,1107,0.5584883023395321,0.4961496149614962,0.5810518731988472,0.6988636363636364,0,0,1
2421,УИК №1512,1639,919,42,919,514,"(55.670001, 37.722514)",2737,1580,32,1597,1142,0.586333129957291,0.55930359085963,0.5889660211910851,0.715090795241077,0,0,1
2422,УИК №1513,1767,924,57,963,530,"(55.670001, 37.722514)",2206,1298,25,1307,926,0.5551782682512734,0.5503634475597092,0.599728014505893,0.7084927314460597,0,0,1
2423,УИК №1514,2937,1563,57,1587,896,"(55.657362, 37.699517)",2437,1404,27,1402,1044,0.5515832482124617,0.5645872715816005,0.5871973738202708,0.7446504992867332,0,0,1
2424,УИК №1515,2547,1378,71,1422,815,"(55.657362, 37.699517)",1971,1207,24,1213,824,0.568904593639576,0.5731364275668073,0.6245560629122273,0.6793075020610058,0,0,1
2425,УИК №3315,337,337,0,331,186,"(nan, nan)",2572,1581,46,1600,1245,1.0,0.5619335347432024,0.6325816485225505,0.778125,0,0,1
2426,УИК №3316,100,100,0,100,68,"(nan, nan)",1495,941,40,968,760,1.0,0.68,0.6561872909698997,0.7851239669421488,0,0,1
2427,УИК №3317,650,650,0,647,551,"(nan, nan)",1721,1068,30,1080,860,1.0,0.8516228748068007,0.6380011621150494,0.7962962962962963,0,0,1
2428,УИК №1516,2757,1518,91,1577,812,"(55.730081, 37.765264)",2102,1205,21,1211,873,0.5836053681537904,0.5149017121116043,0.5832540437678402,0.7208918249380677,0,0,1
2429,УИК №1517,2911,1590,176,1738,930,"(55.728368, 37.770034)",1935,1044,28,1061,745,0.6066643765029199,0.5350978135788262,0.5540051679586563,0.702167766258247,0,0,1
2430,УИК №1518,2370,1145,100,1221,584,"(55.728231, 37.759371)",2324,1213,29,1228,873,0.5253164556962026,0.4782964782964783,0.5344234079173839,0.7109120521172638,0,0,1
2431,УИК №1519,2447,1127,107,1216,583,"(55.728231, 37.759371)",1305,695,88,770,567,0.5042909685328975,0.4794407894736842,0.6,0.7363636363636363,0,0,1
2432,УИК №1520,2680,1716,2,1683,698,"(55.716346, 37.748996)",2695,2155,16,2152,1684,0.641044776119403,0.4147355912061794,0.8055658627087199,0.7825278810408922,0,0,1
2433,УИК №1521,2760,1559,8,1506,813,"(55.714653, 37.752176)",2000,1157,21,1164,851,0.5677536231884058,0.5398406374501992,0.589,0.7310996563573883,0,0,1
2434,УИК №1522,2737,1574,16,1554,687,"(55.713248, 37.753146)",2066,1159,19,1165,837,0.5809280233832663,0.4420849420849421,0.5701839303000968,0.7184549356223175,0,0,1
2435,УИК №1523,1863,1008,83,1073,532,"(55.727252, 37.778236)",2326,1375,30,1388,1014,0.5856146001073538,0.4958061509785648,0.6040412725709372,0.7305475504322767,0,0,1
2436,УИК №1524,1668,876,41,901,415,"(55.727252, 37.778236)",2246,1318,29,1319,969,0.5497601918465228,0.4605993340732519,0.5997328584149599,0.734647460197119,0,0,1
2437,УИК №1525,1468,830,38,855,399,"(55.72524, 37.768723)",2195,1259,17,1252,915,0.5912806539509536,0.4666666666666667,0.5813211845102506,0.7308306709265175,0,0,1
2438,УИК №1526,1728,926,145,1054,575,"(55.72524, 37.768723)",2531,1462,30,1474,1074,0.6197916666666666,0.5455407969639469,0.5894903200316081,0.728629579375848,0,0,1
2439,УИК №1527,1621,882,44,904,442,"(55.724429, 37.774382)",2659,1591,27,1598,1175,0.5712523133867983,0.4889380530973451,0.6084994358781497,0.7352941176470589,0,0,1
2440,УИК №1528,1729,936,40,952,464,"(55.723369, 37.790238)",1965,1108,12,1108,800,0.5644881434355119,0.4873949579831932,0.5699745547073791,0.7220216606498195,0,1,0
2441,УИК №1529,1948,1059,63,1078,526,"(55.723369, 37.790238)",1331,796,44,828,629,0.5759753593429158,0.4879406307977736,0.6311044327573253,0.7596618357487923,0,1,0
2442,УИК №1530,1213,667,32,677,348,"(55.718283, 37.793319)",2727,1781,45,1788,1367,0.5762572135201979,0.5140324963072378,0.6696002933626696,0.7645413870246085,0,1,0
2443,УИК №1531,2646,1461,73,1496,738,"(55.718283, 37.793319)",2424,1432,26,1442,1099,0.5797430083144369,0.4933155080213903,0.6014851485148515,0.7621359223300971,0,1,0
2444,УИК №1532,1180,627,34,648,354,"(55.718283, 37.793319)",3012,1773,20,1771,1315,0.5601694915254237,0.5462962962962963,0.5952855245683931,0.7425183512140033,0,1,0
2445,УИК №1533,2646,1471,42,1488,779,"(55.714389, 37.792411)",1633,991,28,1001,775,0.5718065003779289,0.5235215053763441,0.6240048989589713,0.7742257742257742,0,1,0
2446,УИК №1534,1818,977,31,974,457,"(55.714389, 37.792411)",1492,936,55,985,776,0.5544554455445545,0.4691991786447638,0.6642091152815014,0.7878172588832487,0,1,0
2447,УИК №1535,2418,1306,108,1383,833,"(55.714556, 37.780356)",2820,1758,50,1776,1380,0.5847808105872622,0.6023138105567607,0.6411347517730497,0.777027027027027,0,1,0
2448,УИК №1536,2335,1277,98,1350,773,"(55.714556, 37.780356)",1070,587,35,606,436,0.588865096359743,0.5725925925925925,0.5813084112149532,0.7194719471947195,0,1,0
2449,УИК №1537,2562,1358,90,1417,900,"(55.714556, 37.780356)",590,362,22,374,263,0.565183450429352,0.6351446718419196,0.6508474576271186,0.7032085561497327,0,1,0
2450,УИК №1538,1933,1107,58,1138,523,"(55.713273, 37.78774)",2334,1347,96,1425,1037,0.6026901189860321,0.4595782073813708,0.6182519280205655,0.727719298245614,0,1,0
2451,УИК №1539,2673,1473,64,1499,765,"(55.713273, 37.78774)",2198,1155,147,1283,978,0.5750093527871306,0.5103402268178786,0.5923566878980892,0.7622759158222915,0,1,0
2452,УИК №1540,2753,1497,66,1515,745,"(55.708952, 37.792771)",2258,1333,69,1391,987,0.5677442789683981,0.4917491749174917,0.620903454384411,0.7095614665708123,0,1,0
2453,УИК №1541,2801,1486,59,1524,780,"(55.708952, 37.792771)",1549,877,54,913,655,0.5515887183148875,0.5118110236220472,0.6010329244673983,0.7174151150054765,0,1,0
2454,УИК №1542,2230,1269,41,1282,621,"(55.712705, 37.789043)",1735,964,58,1000,710,0.5874439461883408,0.484399375975039,0.5890489913544669,0.71,0,1,0
2455,УИК №1543,2164,1205,65,1240,680,"(55.712705, 37.789043)",2486,1360,93,1434,1025,0.5868761552680222,0.5483870967741935,0.584473049074819,0.7147838214783822,0,1,0
2456,УИК №1544,2074,1020,61,1046,536,"(55.7217278163334, 37.7386645786465)",3289,1890,127,1987,1388,0.5212150433944069,0.5124282982791587,0.6132563089084828,0.6985405133366884,0,0,1
2457,УИК №1545,2472,1322,114,1370,650,"(55.7217278163334, 37.7386645786465)",2757,1566,76,1618,1120,0.580906148867314,0.4744525547445255,0.5955749002538991,0.69221260815822,0,0,1
2458,УИК №1546,2371,1310,65,1332,612,"(55.7171742709186, 37.7357123047114)",2098,1267,30,1276,887,0.579924082665542,0.4594594594594595,0.6182078169685414,0.695141065830721,0,0,1
2459,УИК №1547,2323,1289,60,1288,642,"(55.717517572236, 37.7372513897717)",2041,1127,66,1181,849,0.5807145931984503,0.4984472049689441,0.5845173934345909,0.7188823031329382,0,0,1
2460,УИК №1548,2390,1338,40,1316,681,"(55.717517572236, 37.7372513897717)",1676,924,70,986,717,0.5765690376569038,0.5174772036474165,0.5930787589498807,0.7271805273833671,0,0,1
2461,УИК №1549,2338,1359,53,1379,714,"(55.713704, 37.730805)",2480,1574,8,1560,1045,0.6039349871685201,0.5177664974619289,0.6379032258064516,0.6698717948717948,0,1,0
2462,УИК №1550,2872,1511,62,1529,742,"(55.710864, 37.73129)",1569,887,36,910,649,0.5477019498607242,0.4852844996729888,0.5882727852135118,0.7131868131868132,0,1,0
2463,УИК №1551,2526,1263,70,1258,670,"(55.714987, 37.740076)",2489,1416,75,1472,1071,0.5277117973079969,0.5325914149443561,0.599035757332262,0.7275815217391305,0,0,1
2464,УИК №1552,2538,1360,82,1398,657,"(55.716899, 37.740103)",2465,1386,81,1446,1102,0.5681639085894405,0.4699570815450644,0.595131845841785,0.7621023513139695,0,0,1
2465,УИК №1553,2076,1115,82,1150,580,"(55.712112, 37.742429)",2558,1449,48,1476,1062,0.5765895953757225,0.5043478260869565,0.5852228303362002,0.7195121951219512,0,1,0
2466,УИК №1554,2602,1410,56,1403,666,"(55.712112, 37.742429)",2335,1377,72,1430,1058,0.563412759415834,0.4746970776906629,0.6205567451820129,0.7398601398601399,0,1,0
2467,УИК №1555,2171,1238,61,1244,643,"(55.70601, 37.742124)",2208,1329,87,1390,993,0.5983417779824965,0.5168810289389068,0.6413043478260869,0.7143884892086331,0,1,0
2468,УИК №1556,1894,988,51,993,513,"(55.701618, 37.736455)",2118,1175,71,1224,882,0.5485744456177403,0.5166163141993958,0.5882908404154863,0.7205882352941176,0,1,0
2469,УИК №1557,1731,928,59,961,487,"(55.701227, 37.740938)",1814,1127,62,1175,887,0.5701906412478336,0.5067637877211238,0.655457552370452,0.7548936170212766,0,0,1
2470,УИК №1558,2964,1612,75,1634,772,"(55.70601, 37.742124)",2416,1363,95,1433,1033,0.5691632928475033,0.4724602203182375,0.6034768211920529,0.7208653175157014,0,1,0
2471,УИК №1559,1810,1003,46,998,532,"(55.701917, 37.746229)",1540,939,41,964,709,0.5795580110497237,0.533066132264529,0.6363636363636364,0.7354771784232366,0,0,1
2472,УИК №1560,1652,899,75,933,503,"(55.701618, 37.736455)",2078,1216,56,1255,956,0.589588377723971,0.5391211146838156,0.6121270452358036,0.7617529880478088,0,1,0
2473,УИК №1561,1512,832,66,876,454,"(55.701227, 37.740938)",2410,1322,91,1394,1017,0.593915343915344,0.5182648401826484,0.5863070539419087,0.7295552367288379,0,0,1
2474,УИК №1562,2408,1298,72,1329,650,"(55.700775, 37.744648)",2449,1471,40,1496,1116,0.5689368770764119,0.4890895410082769,0.6169865251122907,0.7459893048128342,0,0,1
2475,УИК №1563,1676,867,104,951,511,"(55.697488, 37.739869)",2280,1188,69,1236,934,0.5793556085918854,0.53732912723449,0.5513157894736842,0.7556634304207119,0,1,0
2476,УИК №1564,2049,1125,68,1133,558,"(55.697488, 37.739869)",2188,1375,34,1392,1075,0.5822352367008297,0.4924977934686672,0.6439670932358318,0.7722701149425287,0,1,0
2477,УИК №1565,2433,1376,57,1386,686,"(55.69725, 37.744971)",2250,1315,28,1325,1000,0.5889847924373202,0.494949494949495,0.5968888888888889,0.7547169811320755,0,1,0
2478,УИК №1566,1974,891,47,891,487,"(55.696159, 37.748205)",1431,833,20,837,613,0.475177304964539,0.5465768799102132,0.5960866526904263,0.7323775388291517,0,1,0
2479,УИК №1567,2538,1493,74,1490,722,"(55.694571, 37.736267)",2210,1258,50,1277,940,0.6174152876280535,0.4845637583892617,0.5918552036199095,0.7361002349256069,0,1,0
2480,УИК №1568,2326,1389,66,1399,825,"(55.694571, 37.736267)",2023,1135,58,1169,855,0.6255374032674119,0.5897069335239457,0.5897182402372714,0.7313943541488451,0,1,0
2481,УИК №1569,1625,924,37,933,416,"(55.693718, 37.745178)",2341,1316,88,1389,1068,0.5913846153846154,0.4458735262593783,0.5997436992738147,0.7688984881209503,0,1,0
2482,УИК №1570,1761,876,50,907,455,"(55.696159, 37.748205)",1507,832,58,883,636,0.5258375922771152,0.5016538037486218,0.5905773059057731,0.7202718006795017,0,1,0
2483,УИК №3318,110,110,0,106,68,"(nan, nan)",955,511,33,536,418,1.0,0.6415094339622641,0.5696335078534032,0.7798507462686567,0,0,1
2484,УИК №3319,395,386,0,373,196,"(nan, nan)",1142,709,31,735,591,0.9772151898734176,0.5254691689008043,0.647985989492119,0.8040816326530612,0,0,1
2485,УИК №3320,1063,926,0,902,547,"(nan, nan)",1437,738,47,782,610,0.8711194731890874,0.606430155210643,0.546276965901183,0.7800511508951407,0,0,1
2486,УИК №1571,2543,1411,32,1414,666,"(55.7292583750525, 37.6645645312965)",1570,886,59,933,699,0.5674400314589068,0.471004243281471,0.6019108280254777,0.7491961414790996,0,1,0
2487,УИК №1572,2253,1211,74,1247,577,"(55.72961, 37.664779)",2720,1577,63,1619,1204,0.5703506435863294,0.46271050521251,0.6029411764705882,0.74366893143916,0,1,0
2488,УИК №1573,2416,1321,21,1321,622,"(55.723268, 37.671624)",2688,1534,117,1626,1178,0.5554635761589404,0.4708554125662377,0.6142113095238095,0.7244772447724477,1,1,0
2489,УИК №1574,2054,1009,86,1073,517,"(55.723268, 37.671624)",2483,1424,59,1469,1088,0.5331061343719572,0.4818266542404473,0.5972613773660894,0.7406398910823689,1,1,0
2490,УИК №1575,1807,1019,24,1019,464,"(55.717508, 37.66972)",2669,1576,77,1632,1172,0.5771997786386276,0.4553483807654563,0.6193330835518921,0.7181372549019608,1,1,0
2491,УИК №1576,2671,1342,35,1348,675,"(55.715652, 37.673214)",2125,1131,55,1170,881,0.515537251965556,0.5007418397626113,0.5581176470588235,0.752991452991453,1,1,0
2492,УИК №1577,2238,1191,29,1181,532,"(55.713309, 37.672819)",2287,1240,43,1252,898,0.5451295799821269,0.4504657070279424,0.5609969392216878,0.7172523961661342,1,1,0
2493,УИК №1578,2646,1244,50,1251,521,"(55.713309, 37.672819)",1760,1052,49,1089,781,0.4890400604686319,0.416466826538769,0.6255681818181819,0.7171717171717171,1,1,0
2494,УИК №1579,1772,960,18,952,503,"(55.706482, 37.67219)",1523,813,38,841,584,0.5519187358916479,0.5283613445378151,0.5587655942219304,0.6944114149821641,0,1,0
2495,УИК №1580,1576,822,43,850,422,"(55.704134, 37.670277)",1493,920,13,914,644,0.5488578680203046,0.4964705882352941,0.6249162759544541,0.7045951859956237,0,1,0
2496,УИК №1581,2037,1035,31,1046,514,"(55.704134, 37.670277)",1640,906,52,942,697,0.5233186057928326,0.491395793499044,0.5841463414634146,0.7399150743099787,0,1,0
2497,УИК №1582,2098,1069,47,1091,578,"(55.70777, 37.675289)",1553,871,27,886,654,0.5319351763584366,0.5297891842346472,0.5782356728911784,0.7381489841986456,0,1,0
2498,УИК №1583,1939,1093,28,1104,556,"(55.708308, 37.68067)",1658,920,34,945,697,0.5781330582774626,0.5036231884057971,0.5753920386007237,0.7375661375661375,0,1,0
2499,УИК №1584,1999,998,30,1000,485,"(55.70777, 37.675289)",1818,1045,52,1084,810,0.5142571285642822,0.485,0.6034103410341034,0.7472324723247232,0,1,0
2500,УИК №1585,1113,554,33,575,288,"(55.70386, 37.679844)",2355,1386,56,1423,1052,0.527403414195867,0.5008695652173913,0.6123142250530785,0.7392832044975404,0,1,0
2501,УИК №1586,1575,883,25,858,404,"(55.7037461012015, 37.6810758747161)",2462,1392,58,1435,1074,0.5765079365079365,0.4708624708624708,0.5889520714865962,0.748432055749129,0,1,0
2502,УИК №1587,2029,1122,45,1136,548,"(55.705392, 37.672226)",1755,1044,37,1070,796,0.5751601774273041,0.4823943661971831,0.6159544159544159,0.7439252336448599,0,1,0
2503,УИК №1588,1716,941,30,954,450,"(55.704078, 37.671885)",783,461,17,473,351,0.5658508158508159,0.4716981132075472,0.6104725415070242,0.7420718816067653,0,1,0
2504,УИК №1589,1491,851,26,861,494,"(55.704078, 37.671885)",1810,999,35,1024,789,0.5881958417169685,0.5737514518002322,0.5712707182320442,0.7705078125,0,1,0
2505,УИК №1590,2735,1558,76,1598,850,"(55.700207, 37.682862)",2343,1275,64,1296,950,0.5974405850091408,0.5319148936170213,0.5714895433205293,0.7330246913580247,0,1,0
2506,УИК №1591,2823,1686,15,1673,813,"(55.700207, 37.682862)",2132,1215,70,1270,1031,0.6025504782146652,0.4859533771667663,0.6027204502814258,0.8118110236220473,0,1,0
2507,УИК №3321,150,150,0,148,73,"(nan, nan)",2915,1468,44,1486,1050,1.0,0.4932432432432432,0.518696397941681,0.7065948855989233,0,0,1
2508,УИК №3322,771,0,771,746,473,"(nan, nan)",2560,1484,31,1492,1090,1.0,0.6340482573726541,0.591796875,0.7305630026809652,0,0,1
2509,УИК №3323,582,582,0,574,337,"(nan, nan)",2369,1320,53,1349,989,1.0,0.5871080139372822,0.5795694385816801,0.7331356560415122,0,0,1
2510,УИК №2050,2057,1061,3,1048,456,"(55.701856, 37.580679)",2089,1235,29,1235,906,0.5172581429265921,0.4351145038167939,0.6050741981809479,0.7336032388663968,1,0,0
2511,УИК №2051,2819,1572,38,1576,642,"(55.6912729253548, 37.5852905027568)",1781,1016,41,1048,787,0.5711245122383825,0.4073604060913706,0.5934868051656372,0.7509541984732825,0,0,1
2512,УИК №2052,2458,1389,54,1387,589,"(55.691968, 37.593309)",2216,1474,41,1501,1145,0.5870626525630595,0.4246575342465753,0.6836642599277978,0.7628247834776816,1,0,0
2513,УИК №2053,2837,1785,29,1765,562,"(55.690004, 37.596076)",2329,1353,49,1375,987,0.6394078251674303,0.318413597733711,0.6019750966079863,0.7178181818181818,1,0,0
2514,УИК №2054,2892,1605,45,1616,731,"(55.690654, 37.579744)",2283,1336,42,1358,996,0.5705394190871369,0.4523514851485148,0.6035917652212002,0.7334315169366715,0,0,1
2515,УИК №2055,2718,1447,49,1457,666,"(55.6912729253548, 37.5852905027568)",3010,1786,34,1793,1332,0.5504047093451067,0.4571036376115305,0.6046511627906976,0.7428890128276632,0,0,1
2516,УИК №2056,2548,1318,52,1340,653,"(55.689405, 37.58862)",2272,1278,62,1331,981,0.5376766091051806,0.4873134328358209,0.5897887323943662,0.7370398196844478,1,0,0
2517,УИК №2057,2103,1102,35,1116,535,"(55.685858, 37.586293)",2247,1359,39,1370,1008,0.5406562054208274,0.4793906810035842,0.6221628838451269,0.7357664233576642,0,0,1
2518,УИК №2058,2383,1202,52,1237,622,"(55.684716, 37.588171)",2589,1482,68,1530,1127,0.5262274443978179,0.5028294260307195,0.5986867516415605,0.7366013071895425,0,0,1
2519,УИК №2059,2226,1107,48,1122,523,"(55.687386, 37.581002)",2441,1498,21,1486,1128,0.5188679245283019,0.4661319073083779,0.6222859483818107,0.7590847913862718,0,0,1
2520,УИК №2060,2885,1590,47,1606,723,"(55.678869, 37.580526)",2801,1528,37,1550,1159,0.5674176776429809,0.450186799501868,0.55872902534809,0.747741935483871,0,0,1
2521,УИК №2061,2984,1578,40,1577,644,"(55.678869, 37.580526)",2465,1334,47,1359,946,0.542225201072386,0.4083703233988586,0.5602434077079107,0.6961000735835173,0,0,1
2522,УИК №2062,2637,1573,14,1540,538,"(55.684884, 37.576124)",1979,1098,55,1136,821,0.6018202502844141,0.3493506493506493,0.5826174835775644,0.7227112676056338,0,0,1
2523,УИК №2063,1778,1043,33,1042,405,"(55.685092, 37.574327)",2554,1795,69,1844,1378,0.6051743532058492,0.3886756238003839,0.7298355520751761,0.7472885032537961,0,0,1
2524,УИК №2064,2147,1231,49,1243,528,"(55.682108, 37.570923)",2392,1636,39,1655,1180,0.5961807172799255,0.4247787610619469,0.7002508361204013,0.7129909365558912,0,1,0
2525,УИК №2065,2706,1452,18,1438,543,"(55.682108, 37.570923)",2349,1693,60,1727,1165,0.5432372505543237,0.3776077885952712,0.7462750106428268,0.6745801968731905,0,1,0
2526,УИК №2066,2742,1380,50,1406,664,"(55.675017, 37.579008)",2149,1126,59,1171,827,0.5215171407731582,0.4722617354196302,0.5514192647743137,0.7062339880444065,0,0,1
2527,УИК №2067,1941,1038,23,1036,439,"(55.678148, 37.568417)",2273,1156,84,1221,901,0.5466254507985574,0.4237451737451737,0.5455345358556973,0.737919737919738,0,1,0
2528,УИК №2068,2049,1179,35,1182,468,"(55.679813, 37.564132)",2224,1190,69,1244,896,0.5924841386041971,0.3959390862944162,0.5660971223021583,0.7202572347266881,0,1,0
2529,УИК №2069,2342,1265,20,1253,538,"(55.681427, 37.560511)",2201,1180,57,1218,885,0.5486763450042699,0.4293695131683958,0.5620172648796001,0.7266009852216748,0,1,0
2530,УИК №2070,2156,1119,28,1110,466,"(55.684117, 37.564347)",2036,1175,27,1175,816,0.5320037105751392,0.4198198198198198,0.5903732809430255,0.694468085106383,0,1,0
2531,УИК №2071,1845,1056,27,1066,414,"(55.684117, 37.564347)",1588,904,52,939,714,0.5869918699186992,0.3883677298311445,0.6020151133501259,0.7603833865814696,0,1,0
2532,УИК №2072,2213,1346,35,1352,509,"(55.687066, 37.56697)",2201,1550,37,1554,1185,0.6240397650248531,0.3764792899408284,0.7210358927760109,0.7625482625482626,0,1,0
2533,УИК №2073,2639,1460,26,1457,568,"(55.687066, 37.56697)",1918,1339,54,1375,1113,0.5630920803334597,0.3898421413864104,0.7262773722627737,0.8094545454545454,0,1,0
2534,УИК №2074,2022,1152,36,1157,474,"(55.695865, 37.572136)",2038,1325,61,1373,1029,0.5875370919881305,0.4096802074330164,0.6800785083415113,0.7494537509104151,0,0,1
2535,УИК №2075,1945,1031,46,1047,467,"(55.69008, 37.571579)",2001,1225,29,1240,936,0.5537275064267352,0.44603629417383,0.6266866566716641,0.7548387096774194,0,0,1
2536,УИК №2076,1978,1100,28,1101,433,"(55.695865, 37.572136)",1767,1019,61,1068,759,0.570273003033367,0.3932788374205268,0.6112054329371817,0.7106741573033708,0,0,1
2537,УИК №3345,673,0,672,661,382,"(nan, nan)",3220,1997,54,2020,1576,0.99851411589896,0.5779122541603631,0.6369565217391304,0.7801980198019802,0,0,1
2538,УИК №3346,93,76,14,90,53,"(nan, nan)",3154,1889,47,1903,1444,0.967741935483871,0.5888888888888889,0.6138237159162968,0.7588018917498687,0,0,1
2539,УИК №2077,2616,1584,72,1618,699,"(55.706533, 37.583697)",1888,1086,24,1089,788,0.6330275229357798,0.4320148331273177,0.5879237288135594,0.7235996326905417,1,0,0
2540,УИК №2078,2203,1309,64,1342,509,"(55.706741, 37.57484)",2282,1355,46,1386,1024,0.6232410349523377,0.379284649776453,0.6139351446099912,0.7388167388167388,1,0,0
2541,УИК №2079,1788,1184,33,1181,594,"(55.710205, 37.577957)",2316,1282,79,1345,1010,0.680648769574944,0.5029635901778154,0.5876511226252159,0.7509293680297398,1,0,0
2542,УИК №2080,2249,1350,53,1380,547,"(55.704225, 37.56759)",2137,1245,41,1272,915,0.6238328145842597,0.3963768115942029,0.6017781937295273,0.7193396226415094,0,1,0
2543,УИК №2081,2389,1412,78,1453,548,"(55.699071, 37.558266)",2257,1540,49,1567,1135,0.6236919213059857,0.3771507226428079,0.7040319007532122,0.7243139757498405,0,0,1
2544,УИК №2082,2116,1253,42,1260,456,"(55.6985786609971, 37.5552241131664)",2444,1340,55,1374,1043,0.6120037807183365,0.3619047619047619,0.570785597381342,0.7590975254730713,0,0,1
2545,УИК №2083,1933,1147,57,1182,404,"(55.694322, 37.550315)",2327,1384,54,1424,1066,0.6228660113812726,0.3417935702199661,0.6179630425440481,0.7485955056179775,0,0,1
2546,УИК №2084,1755,1046,48,1067,411,"(55.695073, 37.548905)",2071,1378,30,1391,1047,0.6233618233618233,0.3851921274601687,0.6798647996137132,0.7526959022286125,0,0,1
2547,УИК №2085,1928,1208,36,1213,455,"(55.694322, 37.550315)",1896,1048,43,1079,806,0.6452282157676349,0.3751030502885408,0.57542194092827,0.7469879518072289,0,0,1
2548,УИК №2086,1807,1166,36,1184,453,"(55.691552, 37.545042)",2355,1354,63,1397,1042,0.6651909241837299,0.3826013513513513,0.6016985138004246,0.7458840372226199,0,0,1
2549,УИК №2087,2025,1255,42,1261,431,"(55.691552, 37.545042)",2597,1318,69,1375,1007,0.6404938271604939,0.3417922283901665,0.5340777820562187,0.7323636363636363,0,0,1
2550,УИК №2088,1617,995,31,994,408,"(55.691826, 37.540784)",2599,1443,53,1479,1069,0.634508348794063,0.4104627766599598,0.5756060023085803,0.7227856659905342,0,0,1
2551,УИК №2089,2368,1401,41,1391,495,"(55.689162, 37.537712)",2964,1844,17,1846,1345,0.6089527027027027,0.3558590941768512,0.6278677462887989,0.728602383531961,0,0,1
2552,УИК №2090,2384,1554,68,1580,604,"(55.689162, 37.537712)",1975,1323,15,1319,900,0.6803691275167785,0.3822784810126582,0.6774683544303798,0.6823351023502654,0,0,1
2553,УИК №2091,2414,1477,60,1492,589,"(55.688192, 37.539581)",2432,1657,15,1662,1210,0.6367025683512841,0.3947721179624665,0.6875,0.7280385078219013,0,0,1
2554,УИК №2092,2507,1395,61,1399,541,"(55.68398, 37.546057)",2201,1288,76,1353,974,0.5807738332668528,0.3867047891350965,0.6197183098591549,0.7198817442719881,0,0,1
2555,УИК №2093,2477,1380,73,1409,605,"(55.68398, 37.546057)",2074,1086,69,1140,847,0.586596689543803,0.4293825408090844,0.5568948891031823,0.7429824561403509,0,0,1
2556,УИК №2094,2161,1230,47,1241,484,"(55.688279, 37.551663)",2159,1092,115,1200,916,0.5909301249421564,0.3900080580177276,0.5590551181102362,0.7633333333333333,0,0,1
2557,УИК №2095,2315,1386,58,1402,541,"(55.688279, 37.551663)",2005,1165,60,1202,923,0.6237580993520518,0.3858773181169757,0.6109725685785536,0.7678868552412645,0,0,1
2558,УИК №2096,2492,1448,83,1490,487,"(55.692044, 37.555247)",1757,911,58,958,770,0.6143659711075441,0.3268456375838926,0.5515082527034718,0.8037578288100209,0,0,1
2559,УИК №2097,2097,1149,53,1168,428,"(55.693972, 37.562694)",2231,1204,41,1245,895,0.5731998092513114,0.3664383561643836,0.558045719408337,0.7188755020080321,0,0,1
2560,УИК №2098,2772,1576,52,1590,650,"(55.704737, 37.577975)",2479,1514,63,1573,1061,0.5873015873015873,0.4088050314465409,0.63614360629286,0.6745073108709473,1,0,0
2561,УИК №3347,182,182,0,182,98,"(nan, nan)",3009,1629,30,1642,1191,1.0,0.5384615384615384,0.551345962113659,0.7253349573690622,0,0,1
2562,УИК №2099,2365,1258,47,1278,628,"(55.663913, 37.584056)",2483,1370,44,1399,1030,0.5517970401691332,0.4913928012519561,0.5694724124043495,0.7362401715511079,0,0,1
2563,УИК №2100,2166,1157,62,1194,547,"(55.663913, 37.584056)",2710,1760,59,1780,1421,0.5627885503231763,0.4581239530988275,0.6712177121771218,0.7983146067415731,0,0,1
2564,УИК №2101,2014,1082,34,1092,523,"(55.661186, 37.581586)",1740,1273,28,1289,1042,0.5541211519364448,0.4789377289377289,0.7477011494252873,0.8083785880527541,0,0,1
2565,УИК №2102,2173,1185,47,1205,558,"(55.661186, 37.581586)",2314,1268,61,1318,966,0.5669581224114127,0.4630705394190871,0.5743301642178047,0.7329286798179059,0,0,1
2566,УИК №2103,2288,1217,68,1265,625,"(55.65596, 37.578909)",2012,986,36,1013,774,0.5616258741258742,0.4940711462450592,0.5079522862823062,0.7640671273445212,0,0,1
2567,УИК №2104,2516,1321,49,1338,636,"(55.656936, 37.580256)",2243,1172,50,1205,911,0.5445151033386327,0.4753363228699551,0.5448060633080696,0.7560165975103734,0,0,1
2568,УИК №2105,2529,1263,77,1311,668,"(55.656936, 37.580256)",1886,1052,29,1069,879,0.5298536971134836,0.509534706331045,0.573170731707317,0.8222637979420019,0,0,1
2569,УИК №2106,2703,1513,55,1521,737,"(55.652344, 37.576986)",2234,1595,47,1628,1251,0.5800961894191639,0.4845496383957922,0.7350044762757386,0.7684275184275184,0,0,1
2570,УИК №2107,2414,1230,73,1277,602,"(55.65174, 37.576627)",2298,1237,40,1265,934,0.5397680198840099,0.4714173844949099,0.5557006092254134,0.7383399209486166,0,0,1
2571,УИК №2108,2543,1368,81,1423,639,"(55.65174, 37.576627)",2472,1387,44,1410,1054,0.569799449469131,0.449051300070274,0.5788834951456311,0.7475177304964539,0,0,1
2572,УИК №2109,2262,1194,68,1240,530,"(55.65174, 37.576627)",2047,1170,29,1185,876,0.5579133510167993,0.4274193548387097,0.5857352222765022,0.739240506329114,0,0,1
2573,УИК №2110,2615,1342,76,1383,662,"(55.652344, 37.576986)",2525,1424,19,1432,1081,0.5422562141491396,0.4786695589298626,0.5714851485148514,0.7548882681564246,0,0,1
2574,УИК №2111,2640,1529,149,1634,713,"(55.654361, 37.595025)",3232,2098,24,2107,1572,0.6356060606060606,0.4363525091799266,0.656559405940594,0.7460844803037494,0,1,0
2575,УИК №2112,2429,1323,46,1341,644,"(55.654361, 37.595025)",1906,1141,23,1152,851,0.5636064223960477,0.4802386278896346,0.6107030430220357,0.7387152777777778,0,1,0
2576,УИК №2113,2598,1392,40,1399,683,"(55.654361, 37.595025)",1673,1064,7,1071,885,0.5511932255581217,0.4882058613295211,0.6401673640167364,0.8263305322128851,0,1,0
2577,УИК №2114,2661,1416,63,1444,756,"(55.660171, 37.596911)",2038,1058,30,1073,796,0.5558060879368658,0.5235457063711911,0.5338567222767419,0.7418452935694315,0,1,0
2578,УИК №2115,2659,1410,66,1447,704,"(55.660171, 37.596911)",2843,1618,38,1642,1195,0.5550959007145544,0.4865238424326192,0.5824832922968695,0.7277710109622412,0,1,0
2579,УИК №2116,2233,1289,51,1301,561,"(55.662974, 37.603747)",2085,1380,24,1385,1034,0.600089565606807,0.431206764027671,0.6733812949640288,0.7465703971119133,0,1,0
2580,УИК №2117,2294,1299,60,1333,639,"(55.6607603600324, 37.6056208088994)",2673,1659,20,1662,1217,0.5924149956408021,0.4793698424606151,0.6281331836887393,0.7322503008423586,0,1,0
2581,УИК №2118,2736,1625,69,1650,734,"(55.6602813148172, 37.6061357930303)",863,538,10,546,349,0.6191520467836257,0.4448484848484848,0.6349942062572422,0.6391941391941391,0,1,0
2582,УИК №2119,2700,1516,69,1544,692,"(55.6607603600324, 37.6056208088994)",2345,1292,39,1309,849,0.587037037037037,0.4481865284974093,0.567590618336887,0.6485867074102368,0,1,0
2583,УИК №2120,2052,1013,48,1039,486,"(55.64701, 37.584416)",2456,1423,55,1453,978,0.517056530214425,0.4677574590952839,0.6017915309446255,0.6730901582931865,0,0,1
2584,УИК №2121,2040,1028,64,1074,527,"(55.646375, 37.584083)",1794,1114,19,1105,725,0.5352941176470588,0.4906890130353817,0.6315496098104794,0.6561085972850679,0,0,1
2585,УИК №2122,2016,1063,58,1094,567,"(55.646375, 37.584083)",1972,1115,34,1130,742,0.5560515873015873,0.5182815356489945,0.5826572008113591,0.6566371681415929,0,0,1
2586,УИК №2123,2059,1087,71,1131,550,"(55.649129, 37.587551)",2008,1088,36,1100,762,0.5624089363768819,0.4862953138815207,0.5597609561752988,0.6927272727272727,0,1,0
2587,УИК №2124,2727,1482,27,1464,659,"(55.64795, 37.590452)",1747,958,26,970,672,0.5533553355335533,0.4501366120218579,0.5632512879221523,0.6927835051546392,0,1,0
2588,УИК №2125,2473,1318,67,1363,628,"(55.649525, 37.599768)",2457,1373,50,1359,974,0.5600485240598463,0.4607483492296405,0.5791615791615792,0.7167034584253127,0,1,0
2589,УИК №2126,2923,1590,55,1595,745,"(55.649525, 37.599768)",2142,1154,33,1144,800,0.562777967841259,0.4670846394984326,0.554154995331466,0.6993006993006993,0,1,0
2590,УИК №2127,2799,1565,51,1578,721,"(55.643866, 37.595483)",2219,1201,63,1243,870,0.5773490532332977,0.4569074778200253,0.5696259576385759,0.6999195494770716,0,1,0
2591,УИК №2128,2380,1256,34,1272,601,"(55.643866, 37.595483)",2071,1116,39,1130,816,0.542016806722689,0.4724842767295597,0.5577015934331241,0.7221238938053097,0,1,0
2592,УИК №3348,1224,1224,0,1187,611,"(nan, nan)",2485,1634,9,1624,1159,1.0,0.514743049705139,0.6611670020120725,0.7136699507389163,0,0,1
2593,УИК №3349,88,80,0,80,43,"(nan, nan)",3321,2023,17,2024,1469,0.9090909090909092,0.5375,0.6142728093947606,0.7257905138339921,0,0,1
2594,УИК №2129,3178,2025,0,1968,861,"(55.6545997023207, 37.5248591601849)",2337,1233,56,1263,842,0.6371932032724984,0.4375,0.5515618314077878,0.6666666666666666,0,1,0
2595,УИК №2130,2334,1347,90,1414,656,"(55.650866, 37.519324)",548,341,6,343,248,0.615681233933162,0.4639321074964639,0.6332116788321168,0.7230320699708455,0,1,0
2596,УИК №2131,2663,1504,72,1519,626,"(55.649845, 37.525001)",1691,939,12,939,656,0.5918137438978596,0.4121132323897301,0.5623891188645772,0.6986155484558041,0,1,0
2597,УИК №2132,2522,1431,73,1458,575,"(55.649845, 37.525001)",1870,992,20,1000,658,0.5963521015067407,0.3943758573388203,0.5411764705882353,0.658,0,1,0
2598,УИК №2133,2295,1286,46,1290,629,"(55.647168, 37.523878)",2241,1208,16,1201,752,0.5803921568627451,0.4875968992248062,0.5461847389558233,0.6261448792672772,0,1,0
2599,УИК №2134,2160,1211,34,1200,493,"(55.647168, 37.523878)",1768,1017,44,1046,660,0.5763888888888888,0.4108333333333333,0.6001131221719457,0.6309751434034416,0,1,0
2600,УИК №2135,2140,1179,56,1215,496,"(55.647168, 37.523878)",2006,1138,53,1175,798,0.5771028037383178,0.4082304526748971,0.5937188434695913,0.6791489361702128,0,1,0
2601,УИК №2136,2083,1205,54,1239,512,"(55.650866, 37.519324)",2811,1469,39,1482,962,0.6044167066730677,0.4132364810330912,0.5364638918534329,0.6491228070175439,0,1,0
2602,УИК №2137,2260,1258,44,1243,539,"(55.647077, 37.536886)",2201,1208,46,1229,848,0.5761061946902655,0.4336283185840708,0.5697410268059973,0.6899918633034988,0,1,0
2603,УИК №2138,2134,1199,47,1221,541,"(55.645705, 37.535583)",1884,1014,38,1041,702,0.5838800374882849,0.4430794430794431,0.5583864118895966,0.6743515850144092,0,1,0
2604,УИК №2139,2361,1330,45,1320,603,"(55.645705, 37.535583)",1986,1090,33,1110,722,0.5823803473104616,0.4568181818181818,0.5654582074521651,0.6504504504504505,0,1,0
2605,УИК №2140,2211,1186,47,1212,530,"(55.647077, 37.536886)",2343,1250,27,1241,853,0.5576662143826323,0.4372937293729373,0.5450277422108408,0.6873489121676067,0,1,0
2606,УИК №2141,2288,1255,86,1312,646,"(55.643444, 37.53402)",2276,1201,49,1229,824,0.5861013986013986,0.4923780487804878,0.5492091388400703,0.6704637917005696,0,1,0
2607,УИК №2142,2193,1277,60,1311,552,"(55.643444, 37.53402)",1907,1042,37,1057,692,0.6096671226630187,0.4210526315789473,0.5658101730466701,0.6546830652790918,0,1,0
2608,УИК №2143,2342,1345,62,1361,600,"(55.643444, 37.53402)",2200,1163,42,1184,764,0.6007685738684885,0.440852314474651,0.5477272727272727,0.6452702702702703,0,1,0
2609,УИК №2144,2304,1504,35,1501,604,"(55.64478, 37.530148)",1710,929,37,948,621,0.66796875,0.402398401065956,0.5649122807017544,0.6550632911392406,0,1,0
2610,УИК №2145,2057,1139,61,1152,564,"(55.641676, 37.547109)",2052,1110,32,1116,721,0.583373845405931,0.4895833333333333,0.5565302144249513,0.6460573476702509,0,0,1
2611,УИК №2146,2134,1093,30,1102,508,"(55.641676, 37.547109)",2294,1213,61,1214,864,0.5262417994376757,0.4609800362976406,0.5553618134263295,0.7116968698517299,0,0,1
2612,УИК №2147,2148,1005,64,1047,507,"(55.641676, 37.547109)",1936,1004,54,1035,686,0.4976722532588454,0.484240687679083,0.5464876033057852,0.6628019323671498,0,0,1
2613,УИК №2148,2556,1524,32,1520,655,"(55.637103, 37.539751)",1217,655,34,678,471,0.6087636932707355,0.4309210526315789,0.5661462612982745,0.6946902654867256,0,0,1
2614,УИК №2149,2282,1280,60,1310,627,"(55.637103, 37.539751)",1348,692,45,728,487,0.5872042068361086,0.4786259541984732,0.5467359050445104,0.6689560439560439,0,0,1
2615,УИК №2150,1756,980,58,1026,484,"(55.634065, 37.534424)",2139,1203,37,1222,781,0.591116173120729,0.4717348927875243,0.5797101449275363,0.6391162029459901,0,1,0
2616,УИК №2151,2229,1248,62,1276,590,"(55.634065, 37.534424)",1258,654,38,688,440,0.5877074921489457,0.4623824451410658,0.5500794912559619,0.6395348837209303,0,1,0
2617,УИК №2152,2231,1327,39,1337,586,"(55.637967, 37.524489)",2219,1220,47,1250,807,0.6122814881219184,0.4382946896035901,0.5709779179810726,0.6456,0,1,0
2618,УИК №2153,2612,1343,56,1364,631,"(55.636361, 37.532331)",2374,1286,63,1313,877,0.5356049004594181,0.4626099706744868,0.5682392586352149,0.667936024371668,0,1,0
2619,УИК №2154,2505,1415,25,1404,606,"(55.636361, 37.532331)",2036,1118,32,1125,736,0.5748502994011976,0.4316239316239316,0.5648330058939096,0.6542222222222223,0,1,0
2620,УИК №2155,2444,1288,40,1291,615,"(55.636361, 37.532331)",1864,1000,59,1041,662,0.5433715220949263,0.4763749031758327,0.5681330472103004,0.6359269932756965,0,1,0
2621,УИК №2156,2554,1425,93,1489,656,"(55.635177, 37.528334)",1667,914,32,927,586,0.5943617854346124,0.4405641370047011,0.5674865026994601,0.6321467098166127,0,1,0
2622,УИК №2157,2331,1391,55,1417,591,"(55.635177, 37.528334)",1771,991,33,1006,636,0.6203346203346203,0.4170783345095272,0.5782044042913608,0.6322067594433399,0,1,0
2623,УИК №2158,2265,1424,25,1405,642,"(55.63009, 37.519431)",1803,1041,41,1066,663,0.6397350993377483,0.4569395017793594,0.6001109262340544,0.6219512195121951,0,1,0
2624,УИК №2159,2441,1383,34,1381,574,"(55.628972, 37.522522)",1978,1066,41,1083,707,0.5804997951659157,0.4156408399710354,0.5596562184024267,0.6528162511542013,0,1,0
2625,УИК №2160,2399,1394,35,1385,577,"(55.628972, 37.522522)",1617,978,28,992,610,0.5956648603584827,0.4166064981949458,0.6221397649969078,0.6149193548387096,0,1,0
2626,УИК №2161,2539,1572,27,1557,734,"(55.628047, 37.522872)",2497,1312,57,1317,809,0.6297755021662071,0.4714193962748876,0.5482579094913896,0.6142748671222475,0,1,0
2627,УИК №2162,2186,1289,26,1290,542,"(55.628047, 37.522872)",2424,1288,63,1327,824,0.601555352241537,0.4201550387596899,0.5573432343234324,0.6209495101733233,0,1,0
2628,УИК №2163,2468,1437,16,1421,524,"(55.640309, 37.504834)",2369,1301,58,1332,852,0.5887358184764991,0.3687543983110485,0.5736597720557197,0.6396396396396397,0,0,1
2629,УИК №2164,2733,1666,57,1658,688,"(55.642159, 37.515137)",2504,1283,49,1307,866,0.6304427369191364,0.4149577804583836,0.5319488817891374,0.6625860749808722,0,1,0
2630,УИК №2165,2554,1455,48,1467,618,"(55.642159, 37.515137)",2324,1220,65,1260,856,0.5884886452623336,0.4212678936605317,0.5529259896729777,0.6793650793650794,0,1,0
2631,УИК №2166,2708,1443,30,1422,623,"(55.642159, 37.515137)",1950,1003,31,1020,665,0.5439438700147711,0.4381153305203938,0.5302564102564102,0.6519607843137255,0,1,0
2632,УИК №2167,2730,1589,62,1607,683,"(55.642159, 37.515137)",2314,1260,77,1322,780,0.6047619047619047,0.4250155569383945,0.5777873811581676,0.5900151285930408,0,1,0
2633,УИК №2168,2621,1442,56,1448,646,"(55.63754, 37.516494)",2023,1071,52,1102,632,0.5715375810759252,0.4461325966850828,0.5551161641127039,0.573502722323049,0,1,0
2634,УИК №2169,2704,1573,43,1584,699,"(55.638526, 37.510817)",2068,972,57,1012,622,0.5976331360946746,0.4412878787878788,0.4975822050290135,0.6146245059288538,0,1,0
2635,УИК №2170,2505,1447,57,1463,654,"(55.63754, 37.516494)",2011,1108,53,1138,733,0.6003992015968064,0.4470266575529733,0.5773247140726007,0.6441124780316344,0,1,0
2636,УИК №2171,2445,1404,49,1402,629,"(55.63754, 37.516494)",541,286,2,284,178,0.5942740286298569,0.4486447931526391,0.532347504621072,0.6267605633802817,0,1,0
2637,УИК №3350,168,98,42,136,74,"(nan, nan)",2025,1360,32,1372,993,0.8333333333333334,0.5441176470588235,0.6874074074074074,0.7237609329446064,0,0,1
2638,УИК №2172,2391,1266,65,1305,610,"(55.684828, 37.598483)",2199,1191,28,1205,860,0.5566708490171476,0.4674329501915709,0.5543428831286948,0.7136929460580913,1,0,0
2639,УИК №2173,2281,1328,68,1360,647,"(55.684828, 37.598483)",2174,1109,49,1140,835,0.6120122753178431,0.475735294117647,0.5326586936522539,0.7324561403508771,1,0,0
2640,УИК №2174,2463,1402,65,1441,680,"(55.683889, 37.592941)",2315,1265,41,1274,952,0.5956151035322778,0.4718945176960444,0.56414686825054,0.7472527472527473,1,0,0
2641,УИК №2175,2875,1506,66,1555,783,"(55.682168, 37.596965)",2299,1232,39,1243,899,0.5467826086956522,0.5035369774919615,0.5528490648107873,0.7232502011263073,1,0,0
2642,УИК №2176,2573,1490,43,1502,742,"(55.684559, 37.602032)",2143,1123,51,1162,853,0.5958025650991061,0.4940079893475366,0.5478301446570228,0.73407917383821,1,0,0
2643,УИК №2177,2761,1524,72,1577,802,"(55.680001, 37.608517)",2110,1132,65,1181,863,0.5780514306410721,0.50856055802156,0.5672985781990522,0.7307366638441999,0,1,0
2644,УИК №2178,2786,1519,76,1556,794,"(55.678768, 37.601897)",2227,1253,44,1259,936,0.572505384063173,0.5102827763496144,0.5823978446340368,0.7434471803018269,0,1,0
2645,УИК №2179,2754,1547,98,1615,808,"(55.680128, 37.60576)",2356,1341,45,1371,972,0.5973129992737836,0.5003095975232198,0.5882852292020373,0.7089715536105032,0,1,0
2646,УИК №2180,2782,1590,66,1607,769,"(55.675255, 37.601753)",2431,1206,47,1241,892,0.595255212077642,0.4785314250155569,0.5154257507198684,0.7187751813053989,0,1,0
2647,УИК №2181,2729,1432,61,1461,693,"(55.675362, 37.59586)",2366,1250,65,1300,903,0.5470868449981678,0.4743326488706365,0.5557903634826712,0.6946153846153846,0,1,0
2648,УИК №2182,2771,1552,64,1586,805,"(55.675255, 37.601753)",2070,1084,72,1145,783,0.583182966438109,0.5075662042875158,0.5584541062801932,0.6838427947598253,0,1,0
2649,УИК №2183,2451,1318,117,1394,683,"(55.675362, 37.59586)",2302,1291,55,1328,926,0.5854753161974704,0.4899569583931133,0.5847089487402259,0.697289156626506,0,1,0
2650,УИК №2184,2427,1243,54,1233,578,"(55.667736, 37.59533)",2219,1241,89,1306,850,0.5344046147507211,0.4687753446877534,0.5993690851735016,0.6508422664624809,0,1,0
2651,УИК №2185,2143,1215,88,1250,647,"(55.667736, 37.59533)",2356,1326,49,1351,933,0.6080261315912272,0.5176,0.583616298811545,0.6905995558845299,0,1,0
2652,УИК №2186,2236,1301,67,1317,624,"(55.671564, 37.590057)",2401,1329,36,1355,962,0.6118067978533095,0.4738041002277904,0.5685131195335277,0.7099630996309964,0,0,1
2653,УИК №2187,2754,1701,71,1729,784,"(55.668026, 37.586131)",2218,1317,21,1307,921,0.6434277414669571,0.4534412955465587,0.6032461677186655,0.7046671767406274,0,0,1
2654,УИК №2188,2233,1334,52,1351,552,"(55.68698, 37.529654)",2402,1302,45,1325,961,0.6206896551724138,0.4085862324204293,0.5607826810990841,0.7252830188679246,0,0,1
2655,УИК №2189,2307,1400,37,1384,540,"(55.685056, 37.526816)",2383,1274,73,1287,889,0.6228868660598179,0.3901734104046243,0.5652538816617709,0.6907536907536908,0,0,1
2656,УИК №2190,2004,1254,40,1265,500,"(55.68326, 37.524013)",2368,1383,61,1425,1006,0.6457085828343313,0.3952569169960474,0.6097972972972973,0.7059649122807018,0,0,1
2657,УИК №2191,1921,1019,48,1049,473,"(55.680768, 37.517761)",2330,1398,67,1434,1037,0.5554398750650703,0.4509056244041944,0.628755364806867,0.7231520223152023,0,1,0
2658,УИК №2192,2085,1221,46,1242,502,"(55.678829, 37.519171)",2619,1497,32,1511,1044,0.607673860911271,0.4041867954911433,0.5838106147384498,0.6909331568497684,0,1,0
2659,УИК №2193,2089,1243,52,1266,527,"(55.678077, 37.522854)",2589,1348,53,1371,961,0.6199138343705122,0.4162717219589257,0.541135573580533,0.700948212983224,0,0,1
2660,УИК №2194,2200,1275,32,1273,518,"(55.678077, 37.522854)",1895,979,45,1016,743,0.5940909090909091,0.4069128043990573,0.5403693931398417,0.7312992125984252,0,0,1
2661,УИК №2195,2130,1157,54,1179,430,"(55.679179, 37.517895)",1855,979,45,1008,760,0.5685446009389671,0.364715860899067,0.5520215633423181,0.753968253968254,0,1,0
2662,УИК №2196,2113,1254,56,1266,491,"(55.683534, 37.536095)",1893,1029,43,1060,800,0.619971604353999,0.3878357030015797,0.566296883254094,0.7547169811320755,0,0,1
2663,УИК №2197,2422,1384,56,1416,590,"(55.683534, 37.536095)",2893,1560,53,1588,1129,0.5945499587118084,0.4166666666666667,0.5575527134462496,0.7109571788413098,0,0,1
2664,УИК №2198,2182,1286,53,1306,517,"(55.682016, 37.526555)",2850,1532,51,1555,1071,0.6136571952337305,0.395865237366003,0.5554385964912281,0.6887459807073955,0,0,1
2665,УИК №2199,1829,967,68,1009,448,"(55.681204, 37.540874)",1064,625,21,637,452,0.565882996172772,0.44400396432111,0.6071428571428571,0.7095761381475667,0,0,1
2666,УИК №2200,3038,1613,85,1661,708,"(55.680087, 37.53932)",2377,1357,34,1364,929,0.5589203423304806,0.4262492474413004,0.5851914177534707,0.6810850439882697,0,0,1
2667,УИК №2201,2951,1512,89,1573,716,"(55.677798, 37.538799)",2163,1193,39,1220,870,0.542527956624873,0.4551811824539097,0.56957928802589,0.7131147540983607,0,0,1
2668,УИК №2202,3048,1842,106,1899,762,"(55.676879, 37.543354)",2043,1124,46,1156,824,0.6391076115485564,0.4012638230647709,0.5726872246696035,0.71280276816609,0,1,0
2669,УИК №2203,2421,1298,50,1321,546,"(55.674697, 37.528873)",2267,1294,20,1290,916,0.5567947129285419,0.4133232399697199,0.5796206440229378,0.710077519379845,0,0,1
2670,УИК №2204,2501,1425,38,1433,579,"(55.674697, 37.528873)",2791,2260,13,2118,1392,0.5849660135945621,0.4040474528960223,0.8144034396273737,0.6572237960339944,0,0,1
2671,УИК №2205,2818,1587,55,1606,710,"(55.674585, 37.537065)",1932,1100,57,1140,822,0.5826827537260468,0.4420921544209215,0.5988612836438924,0.7210526315789474,0,0,1
2672,УИК №2206,2497,1438,42,1436,593,"(55.674585, 37.537065)",2515,1336,72,1379,906,0.5927112535042051,0.4129526462395543,0.5598409542743539,0.6569978245105149,0,0,1
2673,УИК №2207,2715,1684,23,1669,690,"(55.672108, 37.534245)",1957,1046,38,1031,699,0.6287292817679558,0.4134212103055722,0.5539090444557997,0.6779825412221144,0,0,1
2674,УИК №2208,2363,1394,36,1408,540,"(55.668544, 37.535206)",2044,1141,42,1158,827,0.6051629284807448,0.3835227272727273,0.5787671232876712,0.7141623488773747,0,0,1
2675,УИК №2209,2903,1710,40,1713,741,"(55.668544, 37.535206)",2009,1092,55,1137,738,0.6028246641405443,0.4325744308231173,0.5709308113489299,0.6490765171503958,0,0,1
2676,УИК №2210,2543,1385,90,1440,646,"(55.66995, 37.549085)",1826,1037,51,1017,695,0.5800235941801022,0.4486111111111111,0.5958378970427163,0.6833824975417896,0,1,0
2677,УИК №2211,2538,1335,55,1368,576,"(55.6669908230784, 37.5497524067759)",2165,1216,52,1229,844,0.5476753349093775,0.4210526315789473,0.5856812933025404,0.6867371847030106,0,1,0
2678,УИК №2212,2141,1218,46,1243,532,"(55.6669908230784, 37.5497524067759)",2215,1225,38,1244,852,0.5903783278841663,0.4279967819790828,0.5702031602708804,0.684887459807074,0,1,0
2679,УИК №2213,2486,1484,29,1467,574,"(55.662887, 37.532277)",2049,1158,55,1197,857,0.6086082059533386,0.3912747102931152,0.5919960956564178,0.7159565580618212,0,1,0
2680,УИК №2214,2135,1233,35,1243,494,"(55.662887, 37.532277)",2132,1215,49,1239,891,0.5939110070257612,0.3974255832662912,0.5928705440900562,0.7191283292978208,0,1,0
2681,УИК №2215,1590,916,48,939,424,"(55.662887, 37.532277)",2132,1168,36,1187,826,0.6062893081761006,0.4515441959531416,0.5647279549718575,0.6958719460825611,0,1,0
2682,УИК №2216,1610,987,29,995,389,"(55.67127, 37.523249)",2123,1174,74,1228,858,0.631055900621118,0.3909547738693467,0.587847385774847,0.6986970684039088,0,0,1
2683,УИК №2217,2768,1339,94,1392,677,"(55.671361, 37.525163)",2272,1292,54,1326,913,0.5177023121387283,0.4863505747126437,0.5924295774647887,0.6885369532428356,0,0,1
2684,УИК №2218,2704,1425,97,1443,656,"(55.663563, 37.525001)",2182,1181,46,1199,827,0.5628698224852071,0.4546084546084546,0.5623281393217232,0.6897414512093412,0,0,1
2685,УИК №2219,1715,1029,35,1038,498,"(55.665116, 37.516925)",1170,821,10,812,543,0.6204081632653061,0.4797687861271676,0.7102564102564103,0.6687192118226601,0,0,1
2686,УИК №2220,2960,1642,68,1616,682,"(55.663563, 37.525001)",1944,1043,44,1076,791,0.5777027027027027,0.422029702970297,0.559156378600823,0.7351301115241635,0,0,1
2687,УИК №2221,2611,1419,51,1441,597,"(55.660384, 37.514643)",2226,1125,45,1157,818,0.5630026809651475,0.414295628036086,0.5256064690026954,0.7070008643042351,0,0,1
2688,УИК №2222,2862,1579,82,1623,659,"(55.663167, 37.523878)",1978,1015,58,1039,780,0.5803633822501747,0.4060382008626001,0.5424671385237614,0.7507218479307026,0,0,1
2689,УИК №2223,2946,1613,69,1645,742,"(55.657362, 37.511984)",2512,1478,39,1464,1010,0.5709436524100475,0.451063829787234,0.6039012738853503,0.6898907103825137,0,0,1
2690,УИК №2224,2928,1573,71,1606,700,"(55.657362, 37.511984)",2185,1255,36,1270,896,0.5614754098360656,0.435865504358655,0.5908466819221968,0.705511811023622,0,0,1
2691,УИК №2225,1982,1251,9,1224,486,"(55.651577, 37.507655)",1634,964,43,998,710,0.6357214934409687,0.3970588235294117,0.6162790697674418,0.7114228456913828,0,0,1
2692,УИК №2226,2364,1360,54,1387,621,"(55.645888, 37.498357)",2150,1243,49,1251,899,0.5981387478849408,0.4477289113193943,0.6009302325581395,0.718625099920064,0,0,1
2693,УИК №2227,2819,1652,16,1638,716,"(55.645888, 37.498357)",2386,1312,16,1312,897,0.5916991841078396,0.4371184371184371,0.5565800502933781,0.6836890243902439,0,0,1
2694,УИК №2228,1552,992,5,987,492,"(55.651013, 37.489167)",2286,1316,34,1333,928,0.6423969072164949,0.4984802431610942,0.5905511811023622,0.6961740435108777,0,0,1
2695,УИК №3351,360,307,32,335,254,"(nan, nan)",3128,1499,49,1528,1093,0.9416666666666668,0.7582089552238805,0.4948849104859335,0.7153141361256544,0,0,1
2696,УИК №3352,553,291,183,471,334,"(nan, nan)",1980,1197,15,1202,871,0.8571428571428571,0.7091295116772823,0.6121212121212121,0.7246256239600666,0,0,1
2697,УИК №3353,483,50,371,420,276,"(nan, nan)",2489,1540,26,1550,1156,0.8716356107660456,0.6571428571428571,0.6291683406990759,0.7458064516129033,0,0,1
2698,УИК №3354,221,173,48,215,138,"(nan, nan)",2180,1263,64,1309,1012,1.0,0.641860465116279,0.6087155963302753,0.773109243697479,0,0,1
2699,УИК №2229,2385,1313,35,1307,628,"(55.575297, 37.574193)",2289,1290,25,1261,905,0.5651991614255765,0.4804896710022953,0.5744866754041066,0.7176843774781919,1,1,0
2700,УИК №2230,2536,1429,35,1426,723,"(55.575297, 37.574193)",2252,1235,33,1239,926,0.5772870662460567,0.5070126227208976,0.5630550621669627,0.7473769168684423,1,1,0
2701,УИК №2231,2016,1193,26,1191,592,"(55.575297, 37.574193)",2237,1280,61,1265,854,0.6046626984126984,0.4970612930310663,0.599463567277604,0.675098814229249,1,1,0
2702,УИК №2232,2034,1150,41,1145,592,"(55.570365, 37.568201)",2266,1302,55,1302,920,0.5855457227138643,0.5170305676855895,0.5988526037069727,0.706605222734255,0,1,0
2703,УИК №2233,2583,1567,35,1551,695,"(55.570365, 37.568201)",2118,1360,22,1352,940,0.6202090592334495,0.4480980012894907,0.6525023607176582,0.6952662721893491,0,1,0
2704,УИК №2234,2152,1187,43,1203,563,"(55.568812, 37.574795)",2334,1343,24,1356,923,0.5715613382899628,0.4679966749792186,0.5856898029134533,0.6806784660766961,0,1,0
2705,УИК №2235,2407,1346,50,1370,668,"(55.568812, 37.574795)",2151,1238,46,1259,875,0.5799750727046116,0.4875912408759124,0.596931659693166,0.6949960285941224,0,1,0
2706,УИК №2236,1851,1097,25,1106,601,"(55.569387, 37.57254)",2207,1353,31,1367,957,0.6061588330632091,0.5433996383363472,0.6270956048935206,0.7000731528895391,0,1,0
2707,УИК №2237,2743,1601,26,1582,741,"(55.569387, 37.57254)",2211,1303,30,1313,936,0.5931461903025884,0.4683944374209861,0.602894617819991,0.7128712871287128,0,1,0
2708,УИК №2238,2171,1172,71,1216,553,"(55.565376, 37.570608)",2683,1541,18,1516,948,0.5725472132657762,0.4547697368421052,0.5810659709280656,0.6253298153034301,0,1,0
2709,УИК №2239,2197,1259,31,1257,553,"(55.565376, 37.570608)",2393,1330,52,1365,928,0.5871643149749659,0.4399363564041368,0.5775177601337234,0.6798534798534799,0,1,0
2710,УИК №2240,2270,1367,29,1355,605,"(55.565376, 37.570608)",2128,1192,37,1220,858,0.614977973568282,0.4464944649446494,0.5775375939849624,0.7032786885245902,0,1,0
2711,УИК №2241,2296,1369,11,1356,614,"(55.565376, 37.570608)",2618,1540,50,1563,1053,0.6010452961672473,0.4528023598820059,0.6073338426279603,0.6737044145873321,0,1,0
2712,УИК №2242,2577,1372,43,1381,673,"(55.573948, 37.586697)",2164,1164,42,1181,836,0.5490880869227784,0.4873280231716148,0.5573012939001848,0.707874682472481,0,1,0
2713,УИК №2243,2733,1494,55,1511,721,"(55.573683, 37.587757)",2107,1152,47,1174,795,0.5667764361507501,0.4771674387822634,0.5690555291884195,0.6771720613287905,0,1,0
2714,УИК №2244,2556,1450,44,1453,684,"(55.573683, 37.587757)",2217,1239,57,1277,897,0.5845070422535211,0.4707501720578114,0.584573748308525,0.7024275646045419,0,1,0
2715,УИК №2245,2505,1462,36,1451,632,"(55.570472, 37.584685)",2450,1424,41,1429,994,0.5980039920159681,0.4355616815988973,0.5979591836734693,0.695591322603219,0,1,0
2716,УИК №2246,2637,1443,37,1444,723,"(55.566985, 37.5812)",2243,1315,44,1346,956,0.5612438376943496,0.5006925207756233,0.6058849754792688,0.7102526002971769,0,1,0
2717,УИК №2247,2427,1374,29,1360,693,"(55.566985, 37.5812)",2289,1322,36,1332,952,0.5780799340749897,0.5095588235294117,0.5932721712538226,0.7147147147147147,0,1,0
2718,УИК №2248,2209,1253,48,1268,640,"(55.566985, 37.5812)",2308,1210,60,1240,902,0.5889542779538253,0.5047318611987381,0.550259965337955,0.7274193548387097,0,1,0
2719,УИК №2249,2481,1396,21,1356,636,"(55.565784, 37.582367)",2323,1294,60,1334,914,0.5711406690850463,0.4690265486725664,0.5828669823504089,0.6851574212893553,0,1,0
2720,УИК №2250,1950,1049,32,1048,478,"(55.565784, 37.582367)",2334,1294,55,1332,923,0.5543589743589744,0.4561068702290076,0.5779777206512425,0.6929429429429429,0,1,0
2721,УИК №2251,2600,1431,43,1424,685,"(55.565784, 37.582367)",1905,1025,41,1054,747,0.566923076923077,0.4810393258426966,0.5595800524934383,0.7087286527514232,0,1,0
2722,УИК №2252,2280,1318,44,1323,676,"(55.5636, 37.575603)",2411,1385,36,1309,959,0.5973684210526315,0.5109599395313681,0.5893819991704687,0.732620320855615,0,1,0
2723,УИК №2253,2048,1156,54,1186,607,"(55.5636, 37.575603)",597,374,9,367,259,0.5908203125,0.5118043844856661,0.6415410385259631,0.7057220708446866,0,1,0
2724,УИК №2254,2489,1535,64,1539,633,"(55.632713, 37.509352)",2308,1285,55,1317,956,0.6424266773804741,0.4113060428849902,0.5805892547660312,0.7258921791951405,0,1,0
2725,УИК №2255,2794,1569,46,1585,714,"(55.632713, 37.509352)",2329,1262,48,1292,897,0.5780243378668576,0.4504731861198738,0.562473164448261,0.6942724458204335,0,1,0
2726,УИК №2256,2535,1535,46,1554,657,"(55.632713, 37.509352)",2320,1372,54,1404,1034,0.6236686390532544,0.4227799227799227,0.6146551724137931,0.7364672364672364,0,1,0
2727,УИК №2257,2993,1794,163,1752,737,"(55.6308507777126, 37.507168147713)",2434,1393,71,1446,1055,0.6538590043434681,0.420662100456621,0.6014790468364831,0.7295988934993084,0,1,0
2728,УИК №2258,2695,1534,49,1534,693,"(55.630924, 37.507232)",2556,1371,50,1397,995,0.5873840445269016,0.4517601043024772,0.5559467918622848,0.7122405153901217,0,1,0
2729,УИК №2259,2751,1556,76,1593,656,"(55.6308507777126, 37.507168147713)",2366,1335,36,1353,987,0.5932388222464559,0.4118016321406152,0.5794590025359256,0.729490022172949,0,1,0
2730,УИК №2260,2550,1456,68,1489,647,"(55.626537463168, 37.5041454657913)",2219,1243,91,1309,946,0.5976470588235294,0.4345198119543317,0.6011716989634971,0.7226890756302521,0,1,0
2731,УИК №2261,2236,1290,58,1313,560,"(55.626537463168, 37.5041454657913)",2400,1286,39,1293,938,0.6028622540250447,0.4265041888804265,0.5520833333333334,0.7254447022428461,0,1,0
2732,УИК №2262,1748,1096,47,1120,507,"(55.627681, 37.488718)",2288,1315,71,1376,993,0.6538901601830663,0.4526785714285714,0.6057692307692307,0.721656976744186,0,0,1
2733,УИК №2263,1933,1094,51,1118,484,"(55.634054, 37.483598)",2248,1247,75,1275,940,0.5923435075012933,0.4329159212880143,0.5880782918149466,0.7372549019607844,0,0,1
2734,УИК №2264,1950,1094,57,1122,555,"(55.634054, 37.483598)",2120,1265,45,1243,871,0.5902564102564103,0.4946524064171123,0.6179245283018868,0.7007240547063556,0,0,1
2735,УИК №2265,2719,1536,66,1565,755,"(55.6177192833508, 37.4935083277524)",548,346,8,349,237,0.5891872011769033,0.4824281150159744,0.6459854014598541,0.6790830945558739,0,1,0
2736,УИК №2266,2525,1349,50,1367,638,"(55.6177192833508, 37.4935083277524)",2057,1188,60,1232,805,0.5540594059405941,0.4667154352596928,0.6067087992221682,0.6534090909090909,0,1,0
2737,УИК №2267,2428,1290,38,1293,633,"(55.6177192833508, 37.4935083277524)",2153,1207,31,1192,761,0.5469522240527183,0.4895591647331787,0.5750116117045982,0.6384228187919463,0,1,0
2738,УИК №2268,2258,1284,45,1291,655,"(55.620189, 37.492446)",1985,1154,26,1153,709,0.5885739592559788,0.5073586367157242,0.5944584382871536,0.6149176062445794,0,1,0
2739,УИК №2269,2502,1413,67,1446,657,"(55.620189, 37.492446)",1709,984,36,1004,692,0.5915267785771383,0.454356846473029,0.5968402574605032,0.6892430278884463,0,1,0
2740,УИК №2270,2793,1547,96,1618,653,"(55.620189, 37.492446)",1998,1047,70,1099,700,0.5882563551736484,0.403584672435105,0.5590590590590591,0.6369426751592356,0,1,0
2741,УИК №2271,2132,1260,56,1269,594,"(55.622207, 37.491566)",2183,1249,65,1259,803,0.6172607879924953,0.4680851063829787,0.6019239578561613,0.6378077839555203,0,0,1
2742,УИК №2272,2456,1381,68,1414,661,"(55.622207, 37.491566)",2113,1141,52,1178,808,0.5899837133550488,0.4674681753889674,0.5646000946521533,0.6859083191850595,0,0,1
2743,УИК №2273,2328,1358,58,1381,643,"(55.621118825192, 37.4848219938576)",2175,1098,59,1144,726,0.6082474226804123,0.4656046343229544,0.5319540229885057,0.6346153846153846,0,0,1
2744,УИК №2274,2393,1336,53,1357,633,"(55.6211491811456, 37.485026344657)",2040,1114,42,1145,735,0.5804429586293356,0.4664701547531319,0.5666666666666667,0.6419213973799127,0,0,1
2745,УИК №2275,2494,1361,37,1366,675,"(55.628439, 37.481729)",2227,1176,46,1211,795,0.5605453087409783,0.4941434846266471,0.5487202514593623,0.6564822460776218,0,0,1
2746,УИК №2276,2694,1658,30,1645,785,"(55.628439, 37.481729)",2086,1132,42,1151,732,0.6265775798069785,0.4772036474164133,0.5627996164908916,0.635968722849696,0,0,1
2747,УИК №2277,2235,1276,60,1301,611,"(55.628439, 37.481729)",1876,996,64,1007,646,0.5977628635346757,0.4696387394312067,0.5650319829424307,0.6415094339622641,0,0,1
2748,УИК №2278,2322,1397,28,1371,609,"(55.628439, 37.481729)",2542,1350,38,1368,928,0.6136950904392765,0.4442013129102845,0.5460267505900865,0.6783625730994152,0,0,1
2749,УИК №2279,2512,1490,40,1479,646,"(55.633297, 37.477606)",1774,988,37,1018,699,0.6090764331210191,0.4367816091954023,0.5777903043968433,0.6866404715127702,0,0,1
2750,УИК №2280,2033,1160,42,1159,551,"(55.633297, 37.477606)",1966,1003,62,1048,739,0.5912444663059518,0.4754098360655737,0.5417090539165819,0.7051526717557252,0,0,1
2751,УИК №2281,1981,1163,35,1163,566,"(55.6333265592755, 37.4765782244504)",1521,888,58,930,570,0.6047450782433115,0.4866723989681857,0.6219592373438527,0.6129032258064516,0,0,1
2752,УИК №2282,2588,1530,53,1549,664,"(55.6423993833907, 37.4792686477304)",1680,925,46,954,645,0.6116692426584235,0.4286636539703034,0.5779761904761904,0.6761006289308176,1,0,0
2753,УИК №2283,2555,1382,44,1401,631,"(55.6423993833907, 37.4792686477304)",2195,1214,37,1227,836,0.5581213307240704,0.4503925767309065,0.5699316628701595,0.6813365933170334,1,0,0
2754,УИК №2284,2905,1703,63,1726,763,"(55.62022, 37.500935)",2077,1110,56,1143,761,0.6079173838209982,0.4420625724217845,0.561386615310544,0.6657917760279966,0,1,0
2755,УИК №2285,2699,1723,57,1743,732,"(55.643988, 37.482583)",2152,1274,38,1298,910,0.6595035198221564,0.4199655765920826,0.6096654275092936,0.7010785824345146,1,0,0
2756,УИК №2286,2741,1565,44,1567,667,"(55.643988, 37.482583)",2617,1458,22,1463,981,0.5870120394016782,0.4256541161455009,0.565533053114253,0.67053998632946,1,0,0
2757,УИК №2287,2872,1672,48,1639,665,"(55.643988, 37.482583)",2311,1347,31,1355,940,0.5988857938718662,0.4057352043929225,0.5962786672436174,0.6937269372693727,1,0,0
2758,УИК №3355,700,659,0,638,526,"(nan, nan)",417,364,28,391,344,0.9414285714285714,0.8244514106583072,0.9400479616306956,0.8797953964194374,0,0,1
2759,УИК №3356,251,204,46,247,219,"(nan, nan)",2303,1295,51,1329,995,0.99601593625498,0.8866396761133604,0.5844550586191923,0.7486832204665161,0,0,1
2760,УИК №3357,740,740,0,740,699,"(nan, nan)",1846,1006,23,1016,757,1.0,0.9445945945945946,0.557421451787649,0.7450787401574803,0,0,1
2761,УИК №2288,2514,1321,60,1343,675,"(55.676844, 37.554376)",2177,1273,48,1303,825,0.5493237867939539,0.5026061057334326,0.6067983463481855,0.6331542594013815,0,1,0
2762,УИК №2289,2080,1241,26,1239,529,"(55.676093, 37.556595)",520,294,18,308,206,0.6091346153846153,0.4269572235673931,0.6,0.6688311688311688,0,1,0
2763,УИК №2290,2363,1304,27,1300,557,"(55.676093, 37.556595)",1440,841,12,846,583,0.5632670334320778,0.4284615384615384,0.5923611111111111,0.6891252955082743,0,1,0
2764,УИК №2291,2523,1209,41,1210,564,"(55.676844, 37.554376)",2136,1264,36,1255,853,0.4954419342053111,0.4661157024793388,0.6086142322097379,0.6796812749003984,0,1,0
2765,УИК №2292,2128,1119,36,1133,507,"(55.6726, 37.549803)",2079,1133,45,1151,826,0.5427631578947368,0.4474845542806708,0.5666185666185666,0.7176368375325803,0,1,0
2766,УИК №2293,2594,1432,16,1413,536,"(55.67261, 37.566952)",2059,1102,67,1147,776,0.5582112567463376,0.3793347487615003,0.5677513355998057,0.6765475152571927,0,1,0
2767,УИК №2294,2276,1237,24,1228,581,"(55.673321, 37.564446)",1757,939,44,957,659,0.5540421792618629,0.4731270358306189,0.5594763801935116,0.6886102403343782,0,1,0
2768,УИК №2295,2524,1362,36,1337,616,"(55.668975, 37.564572)",1226,736,19,747,504,0.5538827258320127,0.4607329842931937,0.6158238172920065,0.6746987951807228,0,1,0
2769,УИК №2296,2883,1486,45,1497,720,"(55.670397, 37.572675)",2425,1311,48,1341,907,0.5310440513354145,0.4809619238476953,0.5604123711340206,0.6763609246830723,0,1,0
2770,УИК №2297,2935,1532,41,1545,663,"(55.670397, 37.572675)",2025,1134,63,1178,780,0.5359454855195911,0.429126213592233,0.5911111111111111,0.6621392190152802,0,1,0
2771,УИК №2298,2507,1300,56,1331,590,"(55.669848, 37.576187)",1483,832,44,867,619,0.5408855205424811,0.4432757325319308,0.5906945380984491,0.7139561707035755,0,0,1
2772,УИК №2299,2312,1331,39,1344,583,"(55.669275, 37.571507)",2189,1241,71,1295,880,0.592560553633218,0.4337797619047619,0.5993604385564184,0.6795366795366795,0,0,1
2773,УИК №2300,2208,1353,38,1332,493,"(55.665142, 37.557574)",2061,1003,87,1069,781,0.6299818840579711,0.3701201201201201,0.5288694808345463,0.7305893358278766,0,1,0
2774,УИК №2301,2104,1352,45,1353,510,"(55.665142, 37.557574)",2672,1438,79,1492,1046,0.6639733840304183,0.376940133037694,0.5677395209580839,0.7010723860589813,0,1,0
2775,УИК №2302,1717,929,30,939,342,"(55.665142, 37.557574)",2587,1480,64,1520,1043,0.5585323238206173,0.3642172523961661,0.596830305373019,0.6861842105263158,0,1,0
2776,УИК №2303,2532,1320,37,1332,545,"(55.664634, 37.559047)",2175,1147,60,1190,813,0.5359399684044234,0.4091591591591592,0.5549425287356322,0.6831932773109244,0,1,0
2777,УИК №2304,2425,1457,31,1434,673,"(55.664507, 37.557915)",2154,1210,38,1228,833,0.6136082474226804,0.4693165969316596,0.5793871866295265,0.6783387622149837,0,1,0
2778,УИК №2305,2252,1280,46,1295,580,"(55.6697272271093, 37.5767127983272)",1247,667,34,697,452,0.588809946714032,0.4478764478764478,0.56214915797915,0.648493543758967,0,0,1
2779,УИК №2306,2246,1302,35,1315,542,"(55.669275, 37.571507)",2591,1349,78,1406,973,0.5952804986642921,0.4121673003802281,0.5507526051717484,0.6920341394025604,0,0,1
2780,УИК №2307,1951,1109,32,1111,509,"(55.661567, 37.570366)",2217,1268,57,1304,907,0.5848282931829831,0.4581458145814581,0.5976544880469102,0.6955521472392638,0,0,1
2781,УИК №2308,2134,1183,39,1193,505,"(55.661567, 37.570366)",2075,1102,53,1131,779,0.5726335520149953,0.4233025984911986,0.5566265060240964,0.6887709991158267,0,0,1
2782,УИК №2309,3113,1627,54,1656,789,"(55.6599121000857, 37.5695216283202)",1681,921,38,948,667,0.5399935753292644,0.4764492753623188,0.570493753718025,0.7035864978902954,0,0,1
2783,УИК №2310,2156,1103,38,1115,532,"(55.659906, 37.569468)",654,400,1,385,267,0.5292207792207793,0.4771300448430493,0.6131498470948012,0.6935064935064935,0,0,1
2784,УИК №2311,2444,1255,55,1280,594,"(55.655122, 37.562613)",1023,806,9,800,511,0.5360065466448445,0.4640625,0.7966764418377321,0.63875,0,0,1
2785,УИК №2312,2532,1308,47,1322,598,"(55.655122, 37.562613)",3127,1773,45,1769,1207,0.5351500789889415,0.4523449319213313,0.5813879117364886,0.6823063877897118,0,0,1
2786,УИК №2313,2146,1201,64,1234,558,"(55.65209, 37.559703)",3048,1790,20,1757,1222,0.5894687791239516,0.4521880064829822,0.5938320209973753,0.6955036994877632,0,0,1
2787,УИК №2314,2438,1400,68,1429,677,"(55.65209, 37.559703)",1785,1183,13,1182,905,0.6021328958162429,0.4737578726382085,0.6700280112044817,0.7656514382402707,0,0,1
2788,УИК №3358,301,301,0,300,165,"(nan, nan)",1799,1043,29,1052,785,1.0,0.55,0.5958866036687048,0.7461977186311787,0,0,1
2789,УИК №2315,2311,1216,11,1202,639,"(55.503058, 37.578496)",2522,1423,42,1448,1087,0.5309389874513197,0.5316139767054908,0.5808881839809675,0.7506906077348067,0,0,1
2790,УИК №2316,2351,1208,16,1202,633,"(55.503058, 37.578496)",2472,1406,57,1448,1085,0.5206295193534666,0.5266222961730449,0.5918284789644013,0.7493093922651933,0,0,1
2791,УИК №2317,2247,1149,22,1145,630,"(55.503058, 37.578496)",2036,1265,38,1285,969,0.5211392968402314,0.5502183406113537,0.6399803536345776,0.7540856031128405,0,0,1
2792,УИК №2318,2171,1081,17,1075,554,"(55.501977, 37.59277)",2136,1220,53,1252,929,0.5057577153385536,0.5153488372093024,0.5959737827715356,0.7420127795527156,0,0,1
2793,УИК №2319,2296,1131,17,1130,589,"(55.501977, 37.59277)",2522,1472,48,1495,1045,0.5,0.5212389380530974,0.6026962727993656,0.6989966555183946,0,0,1
2794,УИК №2320,1556,700,9,700,395,"(55.502406, 37.596381)",1989,1182,48,1210,892,0.4556555269922879,0.5642857142857143,0.6184012066365008,0.7371900826446282,0,0,1
2795,УИК №2321,1465,591,7,594,339,"(55.502406, 37.596381)",2264,1365,41,1395,1043,0.4081911262798635,0.5707070707070707,0.6210247349823321,0.7476702508960573,0,0,1
2796,УИК №2322,1949,950,56,992,519,"(55.5078869719346, 37.5908316113055)",2195,1265,34,1287,996,0.5161621344279117,0.5231854838709677,0.5917995444191344,0.7738927738927739,0,0,1
2797,УИК №2323,2261,1161,37,1171,605,"(55.540531, 37.577822)",2739,1625,19,1625,1109,0.5298540468819106,0.5166524338172502,0.6002190580503833,0.6824615384615385,0,0,1
2798,УИК №2324,2579,1267,41,1277,606,"(55.540531, 37.577822)",2162,1220,44,1251,918,0.5071733229934083,0.4745497259201253,0.5846438482886216,0.7338129496402878,0,0,1
2799,УИК №2325,2219,1138,64,1178,646,"(55.543302, 37.581846)",2160,1311,34,1325,961,0.5416854438936458,0.5483870967741935,0.6226851851851852,0.7252830188679246,0,0,1
2800,УИК №2326,2406,1168,104,1244,656,"(55.543302, 37.581846)",2212,1367,54,1404,995,0.5286783042394015,0.5273311897106109,0.6424050632911392,0.7086894586894587,0,0,1
2801,УИК №2327,2392,935,42,959,501,"(55.551726, 37.56892)",2181,1333,31,1344,928,0.4084448160535117,0.5224191866527633,0.6254011921137093,0.6904761904761905,0,1,0
2802,УИК №2328,2144,872,32,887,436,"(55.551726, 37.56892)",2136,1261,41,1288,967,0.4216417910447761,0.4915445321307779,0.6095505617977528,0.7507763975155279,0,1,0
2803,УИК №2329,1846,790,18,794,376,"(55.551726, 37.56892)",1927,1178,41,1204,894,0.437703141928494,0.473551637279597,0.6325895173845355,0.7425249169435216,0,1,0
2804,УИК №2330,2458,1259,37,1278,625,"(55.5497578677983, 37.5632744282484)",2014,1180,41,1201,845,0.5272579332790887,0.4890453834115806,0.6062562065541212,0.7035803497085762,0,1,0
2805,УИК №2331,2434,1338,44,1348,589,"(55.549083, 37.562542)",1665,941,44,977,712,0.5677896466721446,0.4369436201780415,0.5915915915915916,0.7287615148413511,0,1,0
2806,УИК №2332,2344,1353,25,1350,589,"(55.549083, 37.562542)",2378,1362,20,1362,947,0.5878839590443686,0.4362962962962963,0.5811606391925989,0.6953010279001468,0,1,0
2807,УИК №2333,2527,1465,22,1455,582,"(55.549083, 37.562542)",796,479,9,480,344,0.5884447962010289,0.4,0.6130653266331658,0.7166666666666667,0,1,0
2808,УИК №2334,2722,1417,37,1431,688,"(55.546679, 37.564293)",2307,1342,44,1362,1005,0.5341660543717854,0.4807826694619147,0.6007802340702211,0.737885462555066,0,1,0
2809,УИК №2335,2692,1606,31,1605,759,"(55.5448, 37.553756)",2306,1411,62,1456,1124,0.6080980683506686,0.4728971962616822,0.6387684301821336,0.771978021978022,0,1,0
2810,УИК №2336,2742,1561,28,1531,675,"(55.544204, 37.553046)",2218,1349,48,1378,1025,0.5795040116703136,0.4408883082952319,0.6298467087466185,0.7438316400580551,0,1,0
2811,УИК №2337,2476,1331,29,1319,612,"(55.544204, 37.553046)",2611,1538,37,1535,1107,0.5492730210016155,0.4639878695981804,0.6032171581769437,0.721172638436482,0,1,0
2812,УИК №2338,2250,1347,27,1347,615,"(55.550305, 37.550342)",2532,1466,29,1478,1041,0.6106666666666667,0.4565701559020044,0.5904423380726699,0.7043301759133965,0,1,0
2813,УИК №2339,2241,1272,26,1278,661,"(55.550305, 37.550342)",2532,1468,55,1506,1088,0.5792057117358322,0.5172143974960877,0.6015007898894155,0.7224435590969456,0,1,0
2814,УИК №2340,2301,1333,28,1333,637,"(55.54976, 37.546902)",2222,1413,71,1458,1102,0.5914819643633203,0.4778694673668417,0.6678667866786678,0.7558299039780522,0,1,0
2815,УИК №2341,2270,1284,41,1301,660,"(55.54976, 37.546902)",2408,1354,27,1360,959,0.5837004405286343,0.5073020753266718,0.5735049833887044,0.7051470588235295,0,1,0
2816,УИК №2342,2716,1527,27,1510,716,"(55.542798, 37.544081)",1899,1097,62,1136,776,0.5721649484536082,0.4741721854304636,0.6103212216956293,0.6830985915492958,0,1,0
2817,УИК №2343,2101,1096,49,1123,553,"(55.5383, 37.540039)",1881,1095,52,1133,814,0.5449785816277963,0.4924309884238646,0.6097820308346624,0.7184466019417476,0,1,0
2818,УИК №2344,1829,870,67,915,481,"(55.5383, 37.540039)",1924,1074,76,1139,797,0.5123018042646255,0.5256830601092897,0.5977130977130977,0.6997366110623354,0,1,0
2819,УИК №2345,2688,1448,42,1460,710,"(55.534561, 37.532735)",2200,1160,54,1198,775,0.5543154761904762,0.4863013698630137,0.5518181818181818,0.6469115191986644,0,1,0
2820,УИК №2346,2459,1299,34,1311,549,"(55.534561, 37.532735)",1812,1035,27,1050,707,0.5420902806018707,0.4187643020594965,0.5860927152317881,0.6733333333333333,0,1,0
2821,УИК №2347,2260,1309,29,1314,673,"(55.539049, 37.529618)",2138,1211,58,1243,864,0.5920353982300885,0.5121765601217656,0.5935453695042096,0.6950925181013676,0,1,0
2822,УИК №2348,2086,1142,26,1146,506,"(55.532003, 37.522531)",1862,1220,60,1202,837,0.5599232981783318,0.4415357766143106,0.6874328678839957,0.6963394342762064,0,1,0
2823,УИК №2349,1980,1037,23,1040,519,"(55.532003, 37.522531)",2067,1010,68,1062,737,0.5353535353535354,0.4990384615384615,0.521528785679729,0.6939736346516008,0,1,0
2824,УИК №2350,1982,1052,47,1078,506,"(55.532003, 37.522531)",1925,1076,34,1091,761,0.5544904137235116,0.4693877551020408,0.5766233766233766,0.6975252062328139,0,1,0
2825,УИК №2351,2327,1196,29,1199,655,"(55.530668, 37.514581)",1960,1079,45,1106,801,0.5264288783841856,0.5462885738115096,0.573469387755102,0.7242314647377939,0,1,0
2826,УИК №2352,2040,879,82,940,470,"(55.530668, 37.514581)",2093,1130,58,1162,846,0.471078431372549,0.5,0.5676063067367415,0.7280550774526678,0,1,0
2827,УИК №2353,2648,1301,87,1364,707,"(55.530668, 37.514581)",525,330,13,341,233,0.5241691842900302,0.5183284457478006,0.6533333333333333,0.6832844574780058,0,1,0
2828,УИК №2354,2110,1154,48,1178,565,"(55.535677, 37.518605)",2326,1267,44,1287,924,0.5696682464454976,0.4796264855687606,0.5636285468615649,0.717948717948718,0,1,0
2829,УИК №2355,2373,1325,12,1302,642,"(55.549419, 37.538467)",2029,1099,52,1132,839,0.5634218289085545,0.4930875576036866,0.5672745194677181,0.741166077738516,0,1,0
2830,УИК №2356,2169,1160,14,1154,543,"(55.549419, 37.538467)",1844,1033,41,1062,742,0.541263254956201,0.4705372616984402,0.5824295010845987,0.6986817325800376,0,1,0
2831,УИК №2357,1654,861,10,863,418,"(55.549419, 37.538467)",2182,1169,45,1193,839,0.526602176541717,0.4843568945538818,0.5563703024747938,0.7032690695725062,0,1,0
2832,УИК №2358,2794,1422,45,1444,751,"(55.549322, 37.530076)",1924,1091,50,1098,831,0.5250536864710093,0.5200831024930748,0.593035343035343,0.7568306010928961,0,1,0
2833,УИК №2359,2784,1380,49,1395,745,"(55.549322, 37.530076)",1847,1043,42,1065,780,0.5132902298850575,0.5340501792114696,0.5874390904168922,0.7323943661971831,0,1,0
2834,УИК №2360,2801,1705,15,1695,790,"(55.544749, 37.532771)",2120,1230,48,1262,883,0.6140664048554088,0.4660766961651917,0.6028301886792453,0.6996830427892234,0,1,0
2835,УИК №2361,2196,1098,29,1108,573,"(55.544907, 37.519521)",1838,1103,44,1130,846,0.5132058287795993,0.5171480144404332,0.6240478781284005,0.7486725663716814,0,1,0
2836,УИК №2362,2221,1203,18,1197,583,"(55.544907, 37.519521)",1949,1176,22,1178,845,0.5497523638000901,0.4870509607351712,0.6146741918932787,0.7173174872665535,0,1,0
2837,УИК №2363,2246,1127,34,1143,622,"(55.544907, 37.519521)",1993,1140,56,1175,845,0.5169189670525378,0.5441819772528433,0.6001003512293026,0.7191489361702128,0,1,0
2838,УИК №2364,2649,1473,26,1471,737,"(55.540501, 37.519243)",1667,890,36,910,653,0.5658739146847868,0.5010197144799456,0.555488902219556,0.7175824175824176,0,1,0
2839,УИК №2365,2265,1127,31,1134,613,"(55.540501, 37.519243)",1923,1178,29,1161,874,0.5112582781456954,0.5405643738977073,0.6276651066042642,0.7527993109388458,0,1,0
2840,УИК №2366,2825,1455,36,1459,678,"(55.540032, 37.506109)",1904,1122,53,1159,827,0.527787610619469,0.4647018505825908,0.6171218487394958,0.7135461604831751,0,1,0
2841,УИК №2367,2696,1452,40,1468,735,"(55.540032, 37.506109)",1811,1097,37,1124,842,0.5534124629080118,0.5006811989100818,0.6261733848702374,0.7491103202846975,0,1,0
2842,УИК №2368,2725,1326,39,1344,718,"(55.537179, 37.509433)",2006,1106,27,1114,810,0.5009174311926605,0.5342261904761905,0.5648055832502492,0.7271095152603232,0,1,0
2843,УИК №2369,2616,1400,67,1436,732,"(55.533506, 37.502795)",1610,973,36,1003,701,0.5607798165137615,0.5097493036211699,0.6267080745341614,0.6989032901296112,0,1,0
2844,УИК №2370,2323,1379,53,1397,655,"(55.599077, 37.517545)",1892,1151,46,1182,906,0.6164442531209643,0.4688618468146027,0.6326638477801269,0.766497461928934,0,0,1
2845,УИК №2371,2278,1347,37,1344,520,"(55.597943, 37.517266)",2967,1609,69,1650,1190,0.607550482879719,0.3869047619047619,0.5655544320862824,0.7212121212121212,0,0,1
2846,УИК №2372,2993,1855,19,1833,850,"(55.597943, 37.517266)",2055,1284,34,1291,925,0.6261276311393251,0.4637206764866339,0.6413625304136253,0.7164988381099923,0,0,1
2847,УИК №2373,2395,1298,63,1323,656,"(55.60458, 37.517779)",2339,1384,49,1412,962,0.5682672233820459,0.4958427815570673,0.612654980761009,0.6813031161473088,0,1,0
2848,УИК №2374,2365,1417,52,1429,747,"(55.60458, 37.517779)",1992,1153,49,1184,839,0.6211416490486258,0.5227431770468859,0.6034136546184738,0.7086148648648649,0,1,0
2849,УИК №2375,1725,1081,34,1097,483,"(55.605536, 37.517491)",1541,879,18,893,643,0.6463768115942029,0.4402917046490428,0.582089552238806,0.7200447928331467,0,1,0
2850,УИК №2376,1728,1027,24,1034,471,"(55.605536, 37.517491)",1154,1122,32,1133,803,0.6082175925925926,0.4555125725338491,1.0,0.7087378640776699,0,1,0
2851,УИК №2377,2324,1313,33,1307,589,"(55.605536, 37.517491)",2021,1152,34,1173,817,0.5791738382099828,0.4506503442999235,0.58683819891143,0.6965046888320545,0,1,0
2852,УИК №2378,2387,1401,36,1409,684,"(55.606543, 37.517257)",2675,1467,30,1475,974,0.6020108923334729,0.4854506742370476,0.5596261682242991,0.6603389830508475,0,1,0
2853,УИК №2379,1854,1051,39,1063,527,"(55.606543, 37.517257)",1466,862,37,887,616,0.5879180151024811,0.495766698024459,0.6132332878581174,0.6944757609921083,0,1,0
2854,УИК №2380,2096,1222,53,1233,568,"(55.606543, 37.517257)",1512,888,49,914,607,0.6083015267175572,0.4606650446066504,0.6197089947089947,0.6641137855579868,0,1,0
2855,УИК №2381,2454,1311,48,1334,653,"(55.601411, 37.527031)",2818,1603,33,1595,1096,0.5537897310513448,0.4895052473763118,0.5805535841022001,0.6871473354231975,0,1,0
2856,УИК №2382,2061,1174,42,1187,595,"(55.601411, 37.527031)",2239,1266,50,1296,921,0.5900048520135857,0.5012636899747261,0.5877623939258597,0.7106481481481481,0,1,0
2857,УИК №2383,2566,1466,61,1496,655,"(55.603659, 37.528495)",626,352,223,566,483,0.5950896336710834,0.4378342245989304,0.9185303514376996,0.8533568904593639,0,1,0
2858,УИК №2384,2922,1550,18,1540,834,"(55.603659, 37.528495)",158,85,60,145,138,0.5366187542778919,0.5415584415584416,0.9177215189873418,0.9517241379310344,0,1,0
2859,УИК №2385,1731,1083,60,1114,509,"(55.603659, 37.528495)",546,318,215,517,424,0.6603119584055459,0.4569120287253141,0.9761904761904762,0.8201160541586073,0,1,0
2860,УИК №2386,2383,1315,45,1324,641,"(55.610051, 37.528576)",2633,1357,49,1391,985,0.570709190096517,0.4841389728096676,0.5339916445119636,0.7081236520488857,0,1,0
2861,УИК №2387,2419,1380,36,1378,559,"(55.610051, 37.528576)",2073,1167,38,1197,815,0.5853658536585366,0.4056603773584906,0.5812831644958997,0.6808688387635756,0,1,0
2862,УИК №2388,2215,1293,45,1314,556,"(55.610051, 37.528576)",2260,1290,51,1329,918,0.6040632054176073,0.4231354642313546,0.5933628318584071,0.690744920993228,0,1,0
2863,УИК №2389,2858,1760,33,1743,748,"(55.614953, 37.5334)",2086,1031,70,1091,777,0.6273617914625612,0.4291451520367183,0.5278044103547459,0.7121906507791017,0,1,0
2864,УИК №2390,1932,1080,40,1105,532,"(55.614953, 37.5334)",2033,1071,42,1092,763,0.5797101449275363,0.481447963800905,0.5474667978357107,0.6987179487179487,0,1,0
2865,УИК №2391,1892,1014,34,1012,473,"(55.614953, 37.5334)",2839,1621,35,1641,1104,0.5539112050739958,0.4673913043478261,0.5833039802747446,0.6727605118829981,0,1,0
2866,УИК №2392,119,73,0,73,33,"(55.6239368005382, 37.5365276075899)",2356,1193,31,1210,857,0.6134453781512605,0.4520547945205479,0.5195246179966044,0.7082644628099174,0,0,1
2867,УИК №2393,3013,1644,24,1641,805,"(55.614866, 37.547935)",759,446,12,455,306,0.5536010620643876,0.4905545399146861,0.6034255599472991,0.6725274725274726,0,0,1
2868,УИК №2394,2619,1483,41,1490,650,"(55.614866, 37.547935)",2344,1261,23,1264,816,0.581901489117984,0.436241610738255,0.5477815699658704,0.6455696202531646,0,0,1
2869,УИК №2395,2846,1546,38,1558,760,"(55.614287, 37.547073)",2216,1184,34,1196,801,0.556570625439213,0.4878048780487805,0.5496389891696751,0.669732441471572,0,0,1
2870,УИК №2396,2518,1426,33,1419,714,"(55.612594, 37.544494)",2168,1134,39,1162,793,0.579428117553614,0.5031712473572939,0.5410516605166051,0.6824440619621343,0,1,0
2871,УИК №2397,2303,1265,39,1262,576,"(55.612594, 37.544494)",1796,1002,51,1033,714,0.5662179765523231,0.456418383518225,0.5863028953229399,0.691190706679574,0,1,0
2872,УИК №2398,2587,1248,59,1272,630,"(55.610224, 37.551672)",2295,1214,30,1235,836,0.5052183996907615,0.4952830188679245,0.5420479302832244,0.676923076923077,0,1,0
2873,УИК №2399,2013,1162,61,1179,526,"(55.607967, 37.54162)",1945,1052,31,1071,735,0.6075509190263289,0.4461407972858354,0.5568123393316196,0.6862745098039216,0,1,0
2874,УИК №2400,2571,1350,41,1357,669,"(55.607967, 37.54162)",2158,1202,58,1250,882,0.5410346168805912,0.4929992630803242,0.5838739573679332,0.7056,0,1,0
2875,УИК №2401,2471,1354,24,1349,655,"(55.607117, 37.542186)",2099,1190,75,1249,890,0.5576689599352489,0.4855448480355819,0.6026679371129109,0.7125700560448359,0,1,0
2876,УИК №2402,1579,815,29,821,414,"(55.607117, 37.542186)",2425,1372,55,1392,960,0.5345155161494617,0.5042630937880633,0.5884536082474227,0.6896551724137931,0,1,0
2877,УИК №2403,1194,625,28,635,306,"(55.606304, 37.550064)",2669,1423,37,1430,1031,0.5469011725293133,0.4818897637795276,0.5470213563132259,0.720979020979021,1,1,0
2878,УИК №2404,2721,1572,57,1599,625,"(55.606304, 37.550064)",2057,1119,49,1140,827,0.5986769570011026,0.3908692933083177,0.5678172095284395,0.7254385964912281,1,1,0
2879,УИК №2405,2730,1424,32,1426,772,"(55.606304, 37.550064)",2565,1352,39,1378,966,0.5333333333333333,0.541374474053296,0.5423001949317738,0.7010159651669086,1,1,0
2880,УИК №2406,2358,1248,33,1249,647,"(55.606065, 37.552436)",2194,1109,77,1175,849,0.5432569974554707,0.5180144115292233,0.5405651777575206,0.7225531914893617,1,1,0
2881,УИК №2407,1827,947,65,992,504,"(55.606065, 37.552436)",2092,1086,36,1110,775,0.5539135194307608,0.5080645161290323,0.5363288718929254,0.6981981981981982,1,1,0
2882,УИК №2408,2421,1433,54,1460,632,"(55.605871, 37.554133)",1622,862,40,890,651,0.6142090045435771,0.4328767123287671,0.5561035758323057,0.7314606741573034,1,1,0
2883,УИК №2409,1794,1090,72,1143,527,"(55.60047, 37.537173)",2188,1229,66,1277,895,0.6477146042363434,0.4610673665791776,0.5918647166361974,0.7008613938919342,0,1,0
2884,УИК №2410,2499,1402,52,1418,687,"(55.60047, 37.537173)",2238,1304,73,1340,924,0.5818327330932372,0.4844851904090268,0.6152815013404825,0.6895522388059702,0,1,0
2885,УИК №2411,2882,1575,56,1582,662,"(55.60047, 37.537173)",2482,1470,32,1480,1077,0.5659264399722415,0.4184576485461441,0.6051571313456889,0.7277027027027027,0,1,0
2886,УИК №2412,1950,1074,37,1082,534,"(55.600089, 37.533508)",2586,1486,20,1462,992,0.5697435897435897,0.4935304990757855,0.5823665893271461,0.6785225718194254,0,1,0
2887,УИК №2413,1666,1022,27,1022,443,"(55.600089, 37.533508)",1635,888,37,904,580,0.6296518607442977,0.4334637964774951,0.5657492354740061,0.6415929203539823,0,1,0
2888,УИК №2414,2346,1329,29,1336,592,"(55.599326, 37.544036)",2058,1125,63,1171,788,0.5788576300085252,0.4431137724550898,0.577259475218659,0.672929120409906,1,1,0
2889,УИК №2415,1703,983,51,1018,475,"(55.599377, 37.54259)",1778,1046,51,1078,661,0.6071638285378743,0.4666011787819253,0.6169853768278966,0.6131725417439703,1,1,0
2890,УИК №2416,1840,1124,31,1126,487,"(55.599377, 37.54259)",2887,1686,15,1682,1282,0.6277173913043478,0.4325044404973357,0.5891929338413578,0.7621878715814506,1,1,0
2891,УИК №2417,1296,749,14,751,327,"(55.599377, 37.54259)",3162,2035,22,2034,1489,0.5887345679012346,0.4354194407456724,0.6505376344086021,0.732055063913471,1,1,0
2892,УИК №2418,1709,1075,23,1073,500,"(55.592535, 37.538575)",2024,1190,14,1189,909,0.6424809830310123,0.4659832246039143,0.5948616600790514,0.7645079899074853,0,0,1
2893,УИК №2419,2644,1469,35,1461,732,"(55.592535, 37.538575)",2607,1636,24,1641,1270,0.5688350983358548,0.5010266940451745,0.6367472190257001,0.7739183424741012,0,0,1
2894,УИК №2420,2002,1169,22,1144,566,"(55.594026, 37.540766)",2348,1268,20,1281,969,0.5949050949050949,0.4947552447552447,0.5485519591141397,0.7564402810304449,0,0,1
2895,УИК №2421,2153,1111,46,1118,556,"(55.594026, 37.540766)",2795,1547,20,1529,1148,0.5373896888063168,0.4973166368515205,0.5606440071556351,0.750817527795945,0,0,1
2896,УИК №2422,1690,1036,33,1025,415,"(55.592083, 37.54038)",2768,1519,19,1519,1177,0.6325443786982249,0.4048780487804878,0.555635838150289,0.7748518762343647,0,0,1
2897,УИК №2423,1736,1021,27,1033,483,"(55.592083, 37.54038)",1825,920,64,962,735,0.6036866359447005,0.4675701839303001,0.5391780821917809,0.764033264033264,0,0,1
2898,УИК №2424,2161,1212,65,1245,649,"(55.592083, 37.54038)",2441,1396,58,1429,1059,0.5909301249421564,0.521285140562249,0.5956575174108971,0.7410776766969909,0,0,1
2899,УИК №3359,301,199,102,301,147,"(nan, nan)",2270,1379,39,1404,1066,1.0,0.4883720930232558,0.6246696035242291,0.7592592592592593,0,0,1
2900,УИК №3360,201,113,88,200,103,"(nan, nan)",2924,1571,26,1567,1193,1.0,0.515,0.5461696306429549,0.7613273771537971,0,0,1
2901,УИК №1592,2369,1285,30,1289,694,"(55.600501, 37.655616)",2270,1323,50,1364,1017,0.5550865344027016,0.5384018619084562,0.6048458149779735,0.7456011730205279,0,0,1
2902,УИК №1593,2415,1247,60,1289,620,"(55.600501, 37.655616)",2535,1468,63,1517,1103,0.5412008281573499,0.4809930178432893,0.6039447731755424,0.7270929466051417,0,0,1
2903,УИК №1594,2052,1080,43,1098,562,"(55.600501, 37.655616)",2211,1199,50,1224,879,0.547270955165692,0.51183970856102,0.5649027589326097,0.7181372549019608,0,0,1
2904,УИК №1595,2304,1132,46,1149,651,"(55.593482, 37.661266)",2022,1214,52,1254,894,0.5112847222222222,0.566579634464752,0.6261127596439169,0.7129186602870813,0,0,1
2905,УИК №1596,2178,1158,42,1176,612,"(55.593482, 37.661266)",1704,995,38,1023,746,0.5509641873278237,0.5204081632653061,0.6062206572769953,0.729227761485826,0,0,1
2906,УИК №1597,2171,1106,28,1112,578,"(55.593482, 37.661266)",2367,1438,56,1475,1075,0.5223399355135883,0.5197841726618705,0.6311787072243346,0.7288135593220338,0,0,1
2907,УИК №1598,2970,1451,35,1451,757,"(55.59895, 37.664958)",2653,1485,71,1533,1125,0.5003367003367003,0.5217091660923501,0.5865058424425179,0.7338551859099804,0,0,1
2908,УИК №1599,2109,1069,52,1093,594,"(55.596122, 37.666288)",1716,993,7,984,672,0.5315315315315315,0.5434583714547118,0.5827505827505828,0.6829268292682927,0,0,1
2909,УИК №1600,2118,1066,45,1077,561,"(55.596122, 37.666288)",2432,1393,6,1384,935,0.5245514636449481,0.520891364902507,0.5752467105263158,0.6755780346820809,0,0,1
2910,УИК №1601,2256,1184,34,1180,642,"(55.596122, 37.666288)",2500,1534,7,1502,1139,0.5398936170212766,0.5440677966101695,0.6164,0.7583222370173103,0,0,1
2911,УИК №1602,1706,856,25,868,461,"(55.596122, 37.666288)",2526,1453,3,1437,959,0.5164126611957796,0.5311059907834101,0.5764053840063341,0.6673625608907446,0,0,1
2912,УИК №1603,2061,1130,31,1135,600,"(55.593446, 37.665812)",2153,1229,13,1228,828,0.5633187772925764,0.5286343612334802,0.5768694844403158,0.6742671009771987,0,0,1
2913,УИК №1604,2389,1248,38,1262,595,"(55.593446, 37.665812)",2018,1052,63,1093,817,0.5383005441607367,0.4714738510301109,0.5525272547076313,0.747483989021043,0,0,1
2914,УИК №1605,2294,1285,73,1258,660,"(55.59105, 37.670223)",2364,1259,96,1337,987,0.5919790758500436,0.5246422893481717,0.573181049069374,0.7382198952879581,0,0,1
2915,УИК №1606,2402,1359,62,1331,665,"(55.59105, 37.670223)",2315,1238,69,1294,955,0.5915903413821815,0.4996243425995492,0.5645788336933045,0.7380216383307573,0,0,1
2916,УИК №1607,2176,1187,44,1212,593,"(55.587621, 37.667231)",2205,1228,67,1275,924,0.5657169117647058,0.4892739273927393,0.5873015873015873,0.7247058823529412,0,0,1
2917,УИК №1608,2294,996,32,1005,570,"(55.587621, 37.667231)",2440,1290,55,1320,921,0.4481255448997384,0.5671641791044776,0.5512295081967213,0.6977272727272728,0,0,1
2918,УИК №1609,2020,1029,56,1062,582,"(55.58467, 37.665318)",2625,1449,44,1471,1082,0.5371287128712872,0.5480225988700564,0.5687619047619048,0.7355540448674371,0,0,1
2919,УИК №1610,2231,1171,40,1185,614,"(55.58467, 37.665318)",2548,1420,39,1423,1006,0.5428059166293142,0.5181434599156118,0.5726059654631083,0.7069571328179901,0,0,1
2920,УИК №1611,1987,1009,64,1050,558,"(55.58467, 37.665318)",2453,1332,61,1370,1049,0.5400100654252642,0.5314285714285715,0.5678760701182226,0.7656934306569343,0,0,1
2921,УИК №1612,2455,1265,39,1262,671,"(55.58467, 37.665318)",2379,1238,76,1294,945,0.5311608961303462,0.5316957210776545,0.5523329129886507,0.7302936630602782,0,0,1
2922,УИК №1613,2380,1248,46,1272,694,"(55.574844, 37.667132)",2021,1126,71,1088,810,0.5436974789915966,0.5455974842767296,0.5922810489856507,0.7444852941176471,0,0,1
2923,УИК №1614,2315,1243,51,1266,647,"(55.574844, 37.667132)",2555,1488,79,1542,1142,0.558963282937365,0.5110584518167457,0.6133072407045009,0.7405966277561609,0,0,1
2924,УИК №1615,2255,1135,61,1177,642,"(55.584512, 37.674544)",2713,1484,66,1526,1109,0.5303769401330377,0.5454545454545454,0.5713232583855511,0.7267365661861075,0,0,1
2925,УИК №1616,2471,1427,54,1460,724,"(55.584136, 37.673106)",1766,989,34,1012,734,0.5993524888709024,0.4958904109589041,0.5792751981879954,0.7252964426877471,0,0,1
2926,УИК №1617,2185,1310,40,1321,637,"(55.584512, 37.674544)",1719,982,46,1012,738,0.6178489702517163,0.4822104466313399,0.598022105875509,0.7292490118577075,0,0,1
2927,УИК №1618,1980,1096,45,1107,632,"(55.584136, 37.673106)",2473,1315,47,1339,957,0.5762626262626263,0.5709123757904245,0.5507480792559644,0.7147124719940254,0,0,1
2928,УИК №1619,2179,1207,32,1209,668,"(55.582523, 37.677203)",1756,1058,20,1064,768,0.5686094538779256,0.5525227460711332,0.6138952164009112,0.7218045112781954,0,0,1
2929,УИК №1620,2057,1200,20,1186,626,"(55.582523, 37.677203)",1528,894,54,939,702,0.5930967428293632,0.5278246205733558,0.6204188481675392,0.7476038338658147,0,0,1
2930,УИК №1621,2096,1016,24,1020,551,"(55.577989, 37.680077)",1450,839,47,872,653,0.4961832061068702,0.5401960784313725,0.6110344827586207,0.7488532110091743,0,0,1
2931,УИК №1622,1694,835,14,829,475,"(55.577989, 37.680077)",2188,1236,52,1267,930,0.5011806375442739,0.5729794933655006,0.5886654478976234,0.734017363851618,0,0,1
2932,УИК №1623,1730,806,18,808,449,"(55.577989, 37.680077)",1581,842,68,900,662,0.476300578034682,0.5556930693069307,0.5755850727387729,0.7355555555555555,0,0,1
2933,УИК №1624,2158,1065,16,1052,561,"(55.58295, 37.688629)",1965,1103,59,1144,837,0.5009267840593142,0.5332699619771863,0.5913486005089058,0.7316433566433567,0,0,1
2934,УИК №1625,2473,1365,17,1355,680,"(55.58295, 37.688629)",2442,1442,59,1491,1054,0.5588354225636878,0.5018450184501845,0.6146601146601146,0.7069081153588196,0,0,1
2935,УИК №1626,2281,1240,28,1244,669,"(55.581062, 37.688782)",1763,876,31,883,668,0.5558965366067514,0.5377813504823151,0.5144639818491208,0.7565118912797282,0,0,1
2936,УИК №1627,2345,1317,30,1332,667,"(55.581062, 37.688782)",2465,1679,69,1733,1293,0.5744136460554371,0.5007507507507507,0.7091277890466532,0.7461050201961916,0,0,1
2937,УИК №1628,2496,1310,57,1344,750,"(55.581062, 37.688782)",2248,1522,74,1580,1260,0.547676282051282,0.5580357142857143,0.7099644128113879,0.7974683544303798,0,0,1
2938,УИК №1629,2172,1110,34,1118,659,"(55.581062, 37.688782)",1424,887,18,890,629,0.5267034990791897,0.5894454382826476,0.6355337078651685,0.7067415730337079,0,0,1
2939,УИК №1630,2155,1172,20,1163,567,"(55.583439, 37.696678)",778,528,5,526,386,0.5531322505800464,0.4875322441960447,0.6850899742930592,0.7338403041825095,0,0,1
2940,УИК №1631,890,593,47,619,385,"(55.6065063338676, 37.6771357096732)",1773,958,42,983,720,0.7191011235955056,0.6219709208400647,0.5640157924421884,0.7324516785350966,0,0,1
2941,УИК №1632,2220,1046,33,1054,568,"(55.590175, 37.63986)",2449,1380,68,1429,983,0.486036036036036,0.538899430740038,0.5912617394855043,0.6878936319104269,0,0,1
2942,УИК №1633,2169,1128,14,1121,586,"(55.590175, 37.63986)",2345,1332,74,1376,929,0.5265099124020286,0.5227475468331847,0.5995735607675906,0.6751453488372093,0,0,1
2943,УИК №1634,2162,1308,42,1329,726,"(55.590175, 37.63986)",2079,1181,27,1195,811,0.6244218316373727,0.54627539503386,0.581048581048581,0.6786610878661088,0,0,1
2944,УИК №1635,2435,1259,47,1274,713,"(55.593258, 37.644225)",630,359,0,351,226,0.5363449691991786,0.5596546310832025,0.5698412698412698,0.6438746438746439,0,0,1
2945,УИК №1636,2437,1136,48,1159,638,"(55.590175, 37.63986)",1799,867,89,944,696,0.4858432498974148,0.5504745470232959,0.5314063368538077,0.7372881355932204,0,0,1
2946,УИК №1637,2467,1196,34,1218,640,"(55.591014, 37.639662)",1598,893,43,931,669,0.4985812728009728,0.5254515599343186,0.5857321652065082,0.7185821697099892,0,0,1
2947,УИК №1638,2534,1261,57,1291,644,"(55.583373, 37.649427)",2553,1408,55,1444,1057,0.5201262825572218,0.4988381099922541,0.573051312181747,0.731994459833795,0,0,1
2948,УИК №1639,2247,1336,15,1119,619,"(55.583373, 37.649427)",2197,1269,45,1307,908,0.6012461059190031,0.5531724754244861,0.5980883022303141,0.6947207345065034,0,0,1
2949,УИК №1640,2390,1085,54,1122,657,"(55.581927, 37.65143)",857,479,12,488,346,0.4765690376569038,0.5855614973262032,0.572928821470245,0.7090163934426229,0,0,1
2950,УИК №1641,1414,699,65,757,414,"(55.581927, 37.65143)",2040,1077,54,1111,749,0.5403111739745403,0.5468956406869221,0.5544117647058824,0.6741674167416741,0,0,1
2951,УИК №1642,2630,1566,28,1379,715,"(55.581927, 37.65143)",1648,925,20,936,667,0.6060836501901141,0.5184916606236403,0.5734223300970874,0.7126068376068376,0,0,1
2952,УИК №1643,2636,1418,41,1433,784,"(55.581927, 37.65143)",1537,861,48,898,640,0.5534901365705615,0.5471039776692254,0.5914118412491868,0.7126948775055679,0,0,1
2953,УИК №1644,2432,1245,40,1270,720,"(55.577139, 37.654493)",1939,1291,45,1324,985,0.5283717105263158,0.5669291338582677,0.6890149561629706,0.7439577039274925,0,0,1
2954,УИК №1645,2089,1106,37,1113,593,"(55.577139, 37.654493)",2021,1148,58,1190,881,0.5471517472474868,0.5327942497753818,0.5967342899554676,0.7403361344537815,0,0,1
2955,УИК №1646,2340,1323,43,1331,781,"(55.577139, 37.654493)",1997,1175,45,1207,898,0.5837606837606838,0.5867768595041323,0.6109163745618428,0.743993371996686,0,0,1
2956,УИК №1647,2116,1083,30,1103,636,"(55.577139, 37.654493)",1789,928,57,978,720,0.525992438563327,0.5766092475067996,0.5505869200670765,0.7361963190184049,0,0,1
2957,УИК №1648,2401,1397,55,1429,880,"(55.577739, 37.645276)",1119,574,33,596,423,0.6047480216576426,0.615815255423373,0.5424486148346738,0.709731543624161,0,0,1
2958,УИК №1649,2561,1246,57,1277,719,"(55.577739, 37.645276)",1516,857,24,857,626,0.5087856306130418,0.5630383711824589,0.5811345646437994,0.7304550758459744,0,0,1
2959,УИК №1650,2276,1346,36,1352,818,"(55.577739, 37.645276)",2037,1168,66,1215,871,0.6072056239015817,0.6050295857988166,0.6057928325969563,0.7168724279835391,0,0,1
2960,УИК №1651,2815,1371,59,1379,750,"(55.5835, 37.643471)",1673,886,66,937,661,0.5079928952042628,0.5438723712835388,0.5690376569037657,0.7054429028815368,0,0,1
2961,УИК №1652,2606,1297,44,1292,669,"(55.5835, 37.643471)",1487,803,25,811,584,0.514581734458941,0.5178018575851393,0.5568258238063215,0.720098643649815,0,0,1
2962,УИК №1653,2405,1232,28,1232,648,"(55.5835, 37.643471)",2578,1584,45,1598,1216,0.5239085239085239,0.525974025974026,0.6318851823118696,0.7609511889862328,0,0,1
2963,УИК №1654,2288,1247,33,1239,614,"(55.635401, 37.74331)",2610,1730,49,1765,1275,0.5594405594405595,0.4955609362389023,0.6816091954022988,0.7223796033994334,0,1,0
2964,УИК №1655,2384,1402,29,1398,654,"(55.635401, 37.74331)",3022,1743,17,1740,1156,0.600251677852349,0.4678111587982833,0.5823957643944407,0.664367816091954,0,1,0
2965,УИК №1656,2858,1711,24,1676,812,"(55.635401, 37.74331)",2668,1422,39,1439,1060,0.6070678796361092,0.4844868735083532,0.5476011994002998,0.7366226546212647,0,1,0
2966,УИК №1657,2246,1196,34,1206,547,"(55.635401, 37.74331)",2208,1175,62,1226,897,0.5476402493321461,0.4535655058043117,0.5602355072463768,0.731647634584013,0,1,0
2967,УИК №1658,2826,1541,33,1536,776,"(55.636549, 37.754233)",1978,1063,76,1126,873,0.556970983722576,0.5052083333333334,0.5758341759352882,0.7753108348134992,1,1,0
2968,УИК №1659,2862,1417,2,1391,778,"(55.636549, 37.754233)",1742,933,43,965,722,0.4958071278825995,0.5593098490294752,0.5602755453501722,0.7481865284974093,1,1,0
2969,УИК №1660,2304,1329,21,1326,678,"(55.632662, 37.756946)",2037,1149,55,1179,879,0.5859375,0.5113122171945701,0.5910652920962199,0.7455470737913485,1,1,0
2970,УИК №1661,2516,1336,18,1318,661,"(55.636549, 37.754233)",2059,1136,41,1159,851,0.5381558028616852,0.5015174506828528,0.5716367168528412,0.734253666954271,1,1,0
2971,УИК №1662,2520,1306,28,1308,719,"(55.636956, 37.755715)",2153,1098,67,1151,881,0.5293650793650794,0.5496941896024465,0.5411054342777519,0.7654213727193745,1,1,0
2972,УИК №1663,2420,1362,17,1349,708,"(55.636956, 37.755715)",1300,743,61,793,541,0.5698347107438017,0.5248332097850259,0.6184615384615385,0.682219419924338,1,1,0
2973,УИК №1664,2048,1062,14,1053,564,"(55.632662, 37.756946)",2058,1098,47,1131,844,0.525390625,0.5356125356125356,0.5563654033041788,0.7462422634836428,1,1,0
2974,УИК №1665,2298,1162,13,1145,508,"(55.632662, 37.756946)",2025,1118,56,1152,838,0.5113141862489121,0.4436681222707423,0.5797530864197531,0.7274305555555556,1,1,0
2975,УИК №1666,2210,1216,23,1213,556,"(55.631341, 37.759282)",1612,926,35,946,671,0.5606334841628959,0.4583676834295136,0.5961538461538461,0.7093023255813954,1,1,0
2976,УИК №1667,1621,888,12,881,432,"(55.631341, 37.759282)",2074,1200,55,1231,940,0.5552128315854411,0.4903518728717366,0.6051108968177434,0.7636068237205524,1,1,0
2977,УИК №1668,2873,1591,34,1603,821,"(55.635279, 37.76795)",1999,1088,45,1109,824,0.5656108597285068,0.5121646912039926,0.5667833916958479,0.7430117222723174,1,0,0
2978,УИК №1669,2382,1332,20,1319,696,"(55.635279, 37.76795)",2222,1197,67,1247,943,0.5675902602854744,0.5276724791508719,0.5688568856885688,0.756214915797915,1,0,0
2979,УИК №1670,2319,1202,29,1204,614,"(55.635279, 37.76795)",2166,1198,66,1249,918,0.5308322552824494,0.5099667774086378,0.5835641735918744,0.7349879903923139,1,0,0
2980,УИК №1671,2722,1455,30,1447,788,"(55.639933, 37.766163)",2262,1312,75,1368,1005,0.5455547391623806,0.544574982722875,0.6131741821396994,0.7346491228070176,1,0,0
2981,УИК №1672,2014,1051,27,1057,597,"(55.639314, 37.763899)",2024,1259,44,1286,944,0.535253227408143,0.5648060548722801,0.6437747035573123,0.7340590979782271,1,0,0
2982,УИК №1673,2398,1148,38,1151,604,"(55.639314, 37.763899)",2099,1082,58,1121,844,0.4945788156797331,0.5247610773240661,0.5431157694140066,0.7528991971454059,1,0,0
2983,УИК №1674,2833,1438,34,1446,779,"(55.639314, 37.763899)",1999,1125,42,1161,846,0.5195905400635369,0.5387275242047026,0.583791895947974,0.7286821705426356,1,0,0
2984,УИК №1675,2488,1340,34,1350,757,"(55.639933, 37.766163)",2124,1194,50,1223,930,0.5522508038585209,0.5607407407407408,0.5856873822975518,0.7604251839738349,1,0,0
2985,УИК №1676,2416,1257,33,1260,700,"(55.639491, 37.774185)",1909,1021,78,1083,812,0.5339403973509934,0.5555555555555556,0.5756940806705081,0.7497691597414589,1,0,0
2986,УИК №1677,2783,1406,43,1412,792,"(55.639491, 37.774185)",2352,1316,55,1356,991,0.5206611570247934,0.5609065155807366,0.5829081632653061,0.7308259587020649,1,0,0
2987,УИК №1678,2240,1212,7,1192,658,"(55.639491, 37.774185)",2277,1364,51,1391,1048,0.5441964285714286,0.552013422818792,0.6214317083882301,0.7534148094895758,1,0,0
2988,УИК №1679,1662,818,11,811,462,"(55.639491, 37.774185)",2213,1246,61,1284,948,0.4987966305655836,0.5696670776818742,0.5906009941256213,0.7383177570093458,1,0,0
2989,УИК №1680,2214,1253,75,1294,598,"(55.7088830408663, 37.6200217567385)",2119,1219,54,1259,944,0.5998193315266486,0.4621329211746522,0.6007550731477111,0.749801429706116,0,1,0
2990,УИК №1681,2416,1375,90,1427,669,"(55.7088830408663, 37.6200217567385)",1950,1166,54,1199,896,0.6063741721854304,0.4688156972669937,0.6256410256410256,0.7472894078398665,0,1,0
2991,УИК №1682,1785,1106,34,1110,521,"(55.710626, 37.612173)",2295,1351,39,1372,980,0.6386554621848739,0.4693693693693693,0.6056644880174292,0.7142857142857143,0,1,0
2992,УИК №1683,1929,1000,28,1008,479,"(55.710626, 37.612173)",1787,1048,39,1063,810,0.5329186106791084,0.4751984126984127,0.608282036933408,0.761994355597366,0,1,0
2993,УИК №1684,2201,1213,51,1233,511,"(55.713202, 37.613925)",1581,939,30,949,732,0.5742844161744661,0.4144363341443633,0.6129032258064516,0.7713382507903056,0,1,0
2994,УИК №1685,2209,1215,45,1220,528,"(55.713202, 37.613925)",2945,1857,49,1872,1437,0.5703938433680399,0.4327868852459016,0.6471986417657046,0.7676282051282052,0,1,0
2995,УИК №1686,2158,1016,21,1008,414,"(55.717568, 37.614832)",2813,1724,24,1726,1298,0.4805375347544022,0.4107142857142857,0.6214006398862425,0.7520278099652375,0,1,0
2996,УИК №1687,2568,1420,29,1425,615,"(55.7184066865798, 37.6182347349823)",2530,1372,28,1371,1055,0.5642523364485982,0.431578947368421,0.5533596837944664,0.7695113056163384,0,1,0
2997,УИК №1688,1756,918,26,917,355,"(55.714328, 37.625648)",1678,877,21,878,658,0.5375854214123007,0.3871319520174482,0.5351609058402861,0.7494305239179955,0,1,0
2998,УИК №1689,950,912,38,928,363,"(55.714328, 37.625648)",2034,1157,17,1166,886,1.0,0.3911637931034483,0.5771878072763028,0.7598627787307033,0,1,0
2999,УИК №1690,1956,1125,34,1137,528,"(55.718344, 37.630149)",2290,1334,34,1353,1011,0.5925357873210634,0.4643799472295514,0.5973799126637555,0.7472283813747228,0,1,0
3000,УИК №1691,1132,666,43,692,365,"(55.718344, 37.630149)",2105,1211,31,1198,893,0.6263250883392226,0.5274566473988439,0.5900237529691211,0.7454090150250418,0,1,0
3001,УИК №1692,1253,604,9,606,353,"(55.720966, 37.649103)",2143,1295,36,1303,977,0.4892258579409417,0.5825082508250825,0.621091927204853,0.7498081350729087,0,0,1
3002,УИК №1693,2558,1233,35,1244,658,"(55.720966, 37.649103)",2309,1356,47,1377,1029,0.4956997654417513,0.5289389067524116,0.6076223473365093,0.7472766884531591,0,0,1
3003,УИК №1694,2000,923,29,933,458,"(55.709246, 37.640048)",2174,1224,29,1236,940,0.476,0.4908896034297964,0.5763569457221711,0.7605177993527508,0,0,1
3004,УИК №1695,2074,1049,39,1056,515,"(55.709246, 37.640048)",2315,1446,11,1438,1036,0.5245901639344263,0.4876893939393939,0.6293736501079914,0.7204450625869263,0,0,1
3005,УИК №1696,2510,1370,31,1368,623,"(55.721539, 37.661769)",2204,1187,36,1203,896,0.5581673306772909,0.4554093567251462,0.5549001814882033,0.744804655029094,1,1,0
3006,УИК №1697,2287,1169,28,1163,572,"(55.721539, 37.661769)",2125,1232,22,1244,918,0.5233930913860954,0.4918314703353396,0.5901176470588235,0.7379421221864951,1,1,0
3007,УИК №1698,2439,1357,48,1327,649,"(55.713892, 37.657161)",2152,1230,43,1264,936,0.5760557605576055,0.4890730972117558,0.591542750929368,0.740506329113924,0,0,1
3008,УИК №1699,1391,760,22,766,366,"(55.713892, 37.657161)",2662,1577,51,1600,1150,0.5621854780733285,0.4778067885117493,0.6115702479338843,0.71875,0,0,1
3009,УИК №1700,1917,1075,42,1093,509,"(55.713892, 37.657161)",2468,1361,67,1397,1048,0.5826812728221179,0.4656907593778591,0.5786061588330632,0.7501789549033644,0,0,1
3010,УИК №1701,2086,1235,24,1241,548,"(55.70807, 37.663925)",2504,1444,45,1479,1057,0.6035474592521572,0.4415793714746172,0.5946485623003195,0.7146720757268424,0,0,1
3011,УИК №1702,2297,1179,32,1182,521,"(55.70807, 37.663925)",2645,1317,79,1371,1006,0.5272094035698738,0.4407783417935702,0.5277882797731569,0.7337709700948213,0,0,1
3012,УИК №1703,2561,1352,28,1342,629,"(55.705179, 37.664599)",2203,1281,28,1273,970,0.5388520109332292,0.4687034277198211,0.5941897412619156,0.7619795758051846,0,0,1
3013,УИК №1704,1873,994,32,969,465,"(55.701628, 37.660197)",2249,1173,57,1212,942,0.5477843032568073,0.479876160990712,0.5469097376611828,0.7772277227722773,1,0,0
3014,УИК №1705,2356,1361,30,1350,666,"(55.701628, 37.660197)",1318,758,33,782,582,0.5904074702886248,0.4933333333333333,0.6001517450682853,0.7442455242966752,1,0,0
3015,УИК №1706,944,517,25,528,219,"(55.713892, 37.657161)",2442,1359,51,1388,1050,0.5741525423728814,0.4147727272727273,0.5773955773955773,0.7564841498559077,0,0,1
3016,УИК №3324,750,719,0,696,392,"(nan, nan)",2906,1925,17,1904,1303,0.9586666666666668,0.5632183908045977,0.6682725395732966,0.6843487394957983,0,0,1
3017,УИК №3325,375,0,375,357,224,"(nan, nan)",3056,1720,67,1759,1281,1.0,0.6274509803921569,0.5847513089005235,0.7282546901648664,0,0,1
3018,УИК №1707,1742,1040,33,1033,357,"(55.718045, 37.593147)",2473,1414,41,1427,1044,0.6159586681974741,0.345595353339787,0.5883542256368783,0.731604765241766,0,1,0
3019,УИК №1708,1635,902,48,931,356,"(55.713725, 37.595339)",2483,1296,39,1312,966,0.581039755351682,0.3823845327604726,0.5376560612162706,0.7362804878048781,1,1,0
3020,УИК №1709,1374,800,33,814,334,"(55.717148, 37.609514)",1966,1090,50,1123,824,0.606259097525473,0.4103194103194103,0.5798575788402849,0.7337488869100623,0,1,0
3021,УИК №1710,340,211,4,211,92,"(55.717148, 37.609514)",2270,1379,48,1404,1069,0.6323529411764706,0.4360189573459715,0.6286343612334802,0.7613960113960114,0,1,0
3022,УИК №1711,1200,683,39,703,300,"(55.713725, 37.595339)",1995,1065,44,1089,825,0.6016666666666667,0.4267425320056899,0.555889724310777,0.7575757575757576,1,1,0
3023,УИК №1712,1801,1091,27,1080,407,"(55.7095, 37.588674)",2266,1217,22,1213,926,0.6207662409772349,0.3768518518518518,0.5467784642541924,0.763396537510305,1,0,0
3024,УИК №1713,866,490,82,552,287,"(55.704499, 37.590461)",2454,1305,40,1326,1030,0.6605080831408776,0.519927536231884,0.5480847595762022,0.7767722473604827,1,0,0
3025,УИК №1714,1640,875,35,885,405,"(55.708085, 37.603208)",2291,1240,38,1259,907,0.5548780487804879,0.4576271186440678,0.5578350065473592,0.7204130262112788,1,0,0
3026,УИК №1715,1844,956,30,954,406,"(55.708085, 37.603208)",2440,1314,33,1316,940,0.53470715835141,0.4255765199161425,0.5520491803278689,0.7142857142857143,1,0,0
3027,УИК №1716,1696,869,25,876,454,"(55.693804618365, 37.6029142923653)",2409,1331,41,1356,1031,0.527122641509434,0.5182648401826484,0.5695309256953093,0.7603244837758112,1,0,0
3028,УИК №1717,2143,1177,32,1185,574,"(55.693804618365, 37.6029142923653)",2556,1393,58,1431,1066,0.564162389174055,0.4843881856540084,0.5676838810641628,0.7449336128581412,1,0,0
3029,УИК №1718,2411,1315,60,1346,661,"(55.693804618365, 37.6029142923653)",2261,1332,48,1360,966,0.5703027789299046,0.4910846953937592,0.6103494029190624,0.7102941176470589,1,0,0
3030,УИК №1719,2197,1086,55,1111,566,"(55.691151, 37.6115)",2800,1800,45,1812,1314,0.519344560764679,0.5094509450945095,0.6589285714285714,0.7251655629139073,1,0,0
3031,УИК №1720,2141,1138,43,1153,573,"(55.691151, 37.6115)",2410,1393,44,1425,1042,0.5516113965436712,0.4969644405897658,0.5962655601659751,0.7312280701754386,1,0,0
3032,УИК №1721,1239,677,19,682,332,"(55.703936, 37.61989)",2192,1294,53,1327,945,0.5617433414043583,0.4868035190615836,0.614507299270073,0.7121326299924642,0,1,0
3033,УИК №1722,2554,1269,47,1294,650,"(55.697184, 37.619378)",2629,1488,57,1528,1129,0.5152701644479248,0.5023183925811437,0.5876759224039558,0.7388743455497382,1,0,0
3034,УИК №1723,1754,868,32,887,417,"(55.697184, 37.619378)",2653,1476,28,1473,1116,0.5131128848346637,0.4701240135287486,0.5669053901243875,0.7576374745417516,1,0,0
3035,УИК №3326,348,344,0,340,213,"(nan, nan)",2125,1291,30,1292,949,0.9885057471264368,0.6264705882352941,0.6216470588235294,0.7345201238390093,0,0,1
3036,УИК №3327,148,11,122,133,85,"(nan, nan)",1386,885,7,869,615,0.8986486486486487,0.6390977443609023,0.6435786435786436,0.7077100115074798,0,0,1
3037,УИК №3328,716,716,0,709,418,"(nan, nan)",4172,2693,15,2669,2013,1.0,0.5895627644569816,0.6490891658676894,0.7542150618209067,0,0,1
3038,УИК №3329,693,693,0,663,416,"(nan, nan)",3690,2231,43,2237,1625,1.0,0.6274509803921569,0.616260162601626,0.7264193115780062,0,0,1
3039,УИК №1724,2683,1459,45,1478,705,"(55.615151, 37.73686)",2218,1334,36,1355,1013,0.5605665300037271,0.4769959404600812,0.6176735798016231,0.7476014760147601,0,1,0
3040,УИК №1725,2036,1130,43,1148,561,"(55.615151, 37.73686)",2348,1361,49,1392,1051,0.5761296660117878,0.4886759581881533,0.600511073253833,0.7550287356321839,0,1,0
3041,УИК №1726,1789,955,40,981,568,"(55.617154, 37.738818)",2425,1401,45,1423,1093,0.5561766349916154,0.5790010193679919,0.5962886597938144,0.7680955727336612,0,1,0
3042,УИК №1727,2344,1394,37,1400,675,"(55.617154, 37.738818)",2331,1432,37,1450,1096,0.610494880546075,0.4821428571428571,0.6302016302016302,0.7558620689655172,0,1,0
3043,УИК №1728,2326,1193,76,1228,649,"(55.6172104887197, 37.7357922680676)",1995,1178,24,1188,905,0.5455717970765263,0.5285016286644951,0.6025062656641604,0.7617845117845118,0,1,0
3044,УИК №1729,2005,1070,45,1091,523,"(55.6172104887197, 37.7357922680676)",2196,1286,31,1300,915,0.5561097256857855,0.4793767186067827,0.5997267759562842,0.7038461538461539,0,1,0
3045,УИК №1730,2009,1102,31,1101,588,"(55.6172104887197, 37.7357922680676)",2248,1334,39,1361,966,0.5639621702339472,0.5340599455040872,0.6107651245551602,0.7097722263041881,0,1,0
3046,УИК №1731,2782,1618,29,1622,849,"(55.619513, 37.736114)",1768,1012,17,1015,687,0.592020129403307,0.5234278668310728,0.5820135746606335,0.6768472906403941,0,1,0
3047,УИК №1732,2882,1693,67,1711,905,"(55.619513, 37.736114)",2656,1596,52,1607,1147,0.6106870229007634,0.5289304500292227,0.6204819277108434,0.7137523335407592,0,1,0
3048,УИК №1733,2271,1253,37,1267,635,"(55.623697, 37.734084)",2311,1433,42,1453,1096,0.5680317040951123,0.5011838989739542,0.6382518390307226,0.7543014452856159,0,1,0
3049,УИК №1734,2633,1484,30,1477,671,"(55.623697, 37.734084)",2232,1296,50,1327,1000,0.5750094948727688,0.4542992552471225,0.6030465949820788,0.7535795026375283,0,1,0
3050,УИК №1735,2059,1112,43,1140,718,"(55.62543, 37.739123)",2399,1422,51,1456,1117,0.5609519184069937,0.6298245614035087,0.6140058357649021,0.7671703296703297,0,1,0
3051,УИК №1736,2030,1161,21,1157,612,"(55.62543, 37.739123)",1892,1085,48,1121,839,0.5822660098522168,0.5289541918755402,0.5988372093023255,0.7484388938447815,0,1,0
3052,УИК №1737,2814,1575,44,1600,985,"(55.628108, 37.737569)",2171,1205,48,1239,927,0.5753375977256574,0.615625,0.5771533855366191,0.7481840193704601,0,1,0
3053,УИК №1738,2907,1620,25,1630,978,"(55.628108, 37.737569)",2659,1522,38,1533,1172,0.565875472996216,0.6,0.5866867243324558,0.7645140247879973,0,1,0
3054,УИК №1739,2786,1626,23,1619,767,"(55.628342, 37.746409)",2698,1613,77,1672,1291,0.5918880114860015,0.4737492279184682,0.6263899184581171,0.7721291866028708,0,1,0
3055,УИК №1740,2789,1592,29,1585,746,"(55.628342, 37.746409)",2249,1281,53,1321,980,0.5812119039082109,0.4706624605678233,0.5931525122276567,0.7418622255866768,0,1,0
3056,УИК №1741,2429,1308,30,1315,700,"(55.624449, 37.745088)",2596,1429,74,1480,1141,0.5508439687114038,0.532319391634981,0.5789676425269645,0.7709459459459459,0,1,0
3057,УИК №1742,2124,1160,44,1180,639,"(55.624449, 37.745088)",2125,1211,50,1235,894,0.5668549905838042,0.5415254237288135,0.5934117647058823,0.7238866396761133,0,1,0
3058,УИК №1743,2390,1386,24,1383,671,"(55.624449, 37.745088)",1596,894,17,894,668,0.5899581589958159,0.485177151120752,0.5708020050125313,0.7472035794183445,0,1,0
3059,УИК №1744,2688,1359,56,1384,732,"(55.617693, 37.751565)",2097,1716,34,1725,1516,0.5264136904761905,0.5289017341040463,0.8345255126371006,0.878840579710145,0,1,0
3060,УИК №1745,2743,1519,44,1539,794,"(55.617693, 37.751565)",2074,1371,70,1425,1018,0.5698140721837405,0.5159194282001299,0.6947926711668274,0.7143859649122807,0,1,0
3061,УИК №1746,2892,1544,50,1559,844,"(55.617693, 37.751565)",1799,1012,59,1044,725,0.5511756569847857,0.5413726747915331,0.5953307392996109,0.6944444444444444,0,1,0
3062,УИК №1747,2581,1454,18,1436,587,"(55.617607, 37.746714)",1922,1044,26,1048,725,0.5703215807826424,0.4087743732590529,0.5567117585848075,0.691793893129771,0,1,0
3063,УИК №1748,2782,1457,13,1446,726,"(55.617607, 37.746714)",1985,1049,49,1087,735,0.5283968368080517,0.5020746887966805,0.5531486146095718,0.6761729530818767,0,1,0
3064,УИК №1749,2680,1353,61,1390,771,"(55.620337, 37.75497)",2136,1083,61,1112,768,0.5276119402985074,0.5546762589928057,0.5355805243445693,0.6906474820143885,0,1,0
3065,УИК №1750,2593,1406,13,1385,696,"(55.620337, 37.75497)",1855,931,21,933,578,0.5472425761666024,0.5025270758122744,0.5132075471698113,0.6195069667738478,0,1,0
3066,УИК №1751,2835,1543,21,1527,820,"(55.620377, 37.756739)",2326,1282,39,1299,886,0.5516754850088184,0.5370006548788474,0.5679277730008598,0.6820631254811393,0,1,0
3067,УИК №1752,2636,1417,27,1415,722,"(55.620377, 37.756739)",2589,2070,54,2101,1503,0.5477996965098634,0.5102473498233215,0.8203939745075318,0.7153736316039981,0,1,0
3068,УИК №1753,2494,1224,55,1260,758,"(55.620377, 37.756739)",2582,2229,35,2233,1639,0.5128307939053729,0.6015873015873016,0.876839659178931,0.7339901477832512,0,1,0
3069,УИК №1754,1852,1007,36,1014,493,"(55.620337, 37.75497)",1777,1002,46,1031,740,0.5631749460043196,0.4861932938856015,0.5897580191333709,0.7177497575169738,0,1,0
3070,УИК №3330,649,556,93,635,346,"(nan, nan)",2218,908,184,1075,780,1.0,0.5448818897637795,0.4923354373309287,0.7255813953488373,0,0,1
3071,УИК №1755,2245,1272,60,1313,608,"(55.648159, 37.652175)",1143,699,40,731,514,0.5933184855233853,0.4630616907844631,0.6465441819772528,0.7031463748290013,0,1,0
3072,УИК №1756,2860,1626,26,1623,633,"(55.648159, 37.652175)",1199,640,6,638,467,0.5776223776223777,0.3900184842883549,0.5387823185988324,0.731974921630094,0,1,0
3073,УИК №1757,2941,1595,34,1593,738,"(55.645964, 37.668022)",2303,1117,36,1136,796,0.5538932335940157,0.4632768361581921,0.5006513243595311,0.7007042253521126,0,0,1
3074,УИК №1758,2854,1567,50,1576,785,"(55.645964, 37.668022)",1797,916,39,928,654,0.566573230553609,0.4980964467005076,0.5314412910406232,0.7047413793103449,0,0,1
3075,УИК №1759,2796,1535,31,1525,745,"(55.645964, 37.668022)",2062,1158,47,1186,858,0.5600858369098712,0.4885245901639344,0.584384093113482,0.7234401349072512,0,0,1
3076,УИК №1760,2620,1423,13,1396,675,"(55.641112, 37.660054)",2375,1281,41,1305,902,0.5480916030534351,0.4835243553008596,0.5566315789473684,0.6911877394636016,0,1,0
3077,УИК №1761,2335,1438,32,1436,677,"(55.641112, 37.660054)",2140,1187,49,1214,890,0.6295503211991434,0.4714484679665738,0.577570093457944,0.7331136738056013,0,1,0
3078,УИК №1762,2678,1427,18,1369,695,"(55.641112, 37.660054)",2378,1349,40,1380,989,0.5395817774458551,0.5076698319941563,0.5841042893187552,0.7166666666666667,0,1,0
3079,УИК №1763,2263,1346,28,1356,636,"(55.64222, 37.659973)",1597,968,20,977,701,0.6071586389748121,0.4690265486725664,0.6186599874765185,0.7175025588536336,0,1,0
3080,УИК №1764,1914,1093,29,1101,538,"(55.641788, 37.661078)",2054,1166,68,1221,893,0.5862068965517241,0.4886466848319709,0.6007789678675755,0.7313677313677314,0,1,0
3081,УИК №1765,2083,1201,34,1218,663,"(55.641788, 37.661078)",2362,1857,42,1844,1320,0.5928948631781085,0.5443349753694581,0.8039796782387807,0.7158351409978309,0,1,0
3082,УИК №1766,2814,1544,13,1497,682,"(55.640878, 37.674678)",2249,1180,24,1183,817,0.5533049040511727,0.4555778223112892,0.5353490440195643,0.6906170752324599,0,0,1
3083,УИК №1767,2212,1222,16,1197,532,"(55.640878, 37.674678)",2480,1343,32,1357,941,0.5596745027124774,0.4444444444444444,0.5544354838709677,0.6934414148857775,0,0,1
3084,УИК №1768,2485,1474,21,1467,717,"(55.640878, 37.674678)",1808,1073,24,1075,723,0.6016096579476862,0.4887525562372188,0.6067477876106194,0.6725581395348837,0,0,1
3085,УИК №1769,2123,1337,14,1328,617,"(55.639801, 37.697478)",2451,1467,18,1463,1053,0.6363636363636364,0.4646084337349397,0.605875152998776,0.719753930280246,0,0,1
3086,УИК №1770,1421,902,3,885,416,"(55.639801, 37.697478)",1015,576,37,606,419,0.6368754398311048,0.4700564971751412,0.6039408866995074,0.6914191419141914,0,0,1
3087,УИК №1771,2998,1805,13,1773,810,"(55.639801, 37.697478)",1643,829,35,854,670,0.6064042695130086,0.4568527918781725,0.5258673158855751,0.7845433255269321,0,0,1
3088,УИК №1772,2922,1809,8,1773,785,"(55.639801, 37.697478)",1619,856,41,878,584,0.6218343600273785,0.4427523970671179,0.5540457072266831,0.6651480637813212,0,0,1
3089,УИК №1773,1427,942,32,954,510,"(55.636199, 37.717869)",1408,818,51,845,570,0.6825508058864751,0.5345911949685535,0.6171875,0.6745562130177515,0,0,1
3090,УИК №1774,1919,1139,35,1154,561,"(55.636199, 37.717869)",459,323,13,330,218,0.6117769671704012,0.4861351819757366,0.7320261437908496,0.6606060606060606,0,0,1
3091,УИК №3331,334,334,0,328,215,"(nan, nan)",2283,1168,28,1164,844,1.0,0.6554878048780488,0.5238720981165134,0.7250859106529209,0,0,1
3092,УИК №3332,166,158,0,158,89,"(nan, nan)",1807,1111,22,1118,803,0.9518072289156626,0.5632911392405063,0.6270060874377421,0.7182468694096601,0,0,1
3093,УИК №3333,67,49,18,67,42,"(nan, nan)",2076,1310,35,1331,975,1.0,0.6268656716417911,0.6478805394990366,0.7325319308790383,0,0,1
3094,УИК №3334,137,137,0,133,78,"(nan, nan)",1802,1136,7,1128,836,1.0,0.5864661654135338,0.6342952275249722,0.7411347517730497,0,0,1
3095,УИК №3335,43,43,0,43,30,"(nan, nan)",1172,768,14,772,563,1.0,0.6976744186046512,0.6672354948805461,0.7292746113989638,0,0,1
3096,УИК №1775,1707,858,25,868,450,"(55.679676, 37.63155)",1389,819,38,839,580,0.5172817809021676,0.5184331797235023,0.6169906407487401,0.6912991656734208,0,1,0
3097,УИК №1776,1933,1019,39,1030,478,"(55.676585, 37.631595)",1757,1013,33,1032,613,0.5473357475426798,0.4640776699029126,0.5953329538986909,0.5939922480620154,0,1,0
3098,УИК №1777,1696,890,64,933,428,"(55.681549, 37.643893)",875,497,15,506,366,0.5625,0.4587352625937835,0.5851428571428572,0.7233201581027668,0,0,1
3099,УИК №1778,2321,1343,77,1390,666,"(55.681549, 37.643893)",1607,836,41,864,590,0.6118052563550194,0.479136690647482,0.5457373988799005,0.6828703703703703,0,0,1
3100,УИК №1779,1470,770,39,791,390,"(55.681549, 37.643893)",1763,1006,22,1008,667,0.5503401360544218,0.4930467762326169,0.5830969937606353,0.6617063492063492,0,0,1
3101,УИК №1780,2046,1213,25,1212,593,"(55.681087, 37.656586)",2088,1197,36,1218,877,0.6050830889540567,0.4892739273927393,0.5905172413793104,0.7200328407224958,0,1,0
3102,УИК №1781,1714,982,43,999,509,"(55.681087, 37.656586)",1780,1032,54,1073,748,0.5980163360560093,0.5095095095095095,0.6101123595505618,0.6971109040074557,0,1,0
3103,УИК №1782,1868,1060,37,1076,501,"(55.681087, 37.656586)",2201,1246,59,1281,901,0.5872591006423983,0.4656133828996282,0.5929123125851885,0.7033567525370804,0,1,0
3104,УИК №1783,2761,1507,35,1497,690,"(55.679052, 37.654385)",1843,1100,46,1136,834,0.558493299529156,0.4609218436873747,0.6218122626153011,0.7341549295774648,0,1,0
3105,УИК №1784,2847,1478,68,1507,733,"(55.679052, 37.654385)",2009,1117,78,1181,858,0.5430277485072006,0.4863968148639681,0.5948232951717273,0.7265029635901779,0,1,0
3106,УИК №1785,2422,1263,81,1322,654,"(55.672509, 37.657449)",1304,697,32,719,536,0.5549132947976878,0.4947049924357035,0.5590490797546013,0.7454798331015299,0,1,0
3107,УИК №1786,305,290,15,305,293,"(nan, nan)",2320,1185,61,1213,876,1.0,0.960655737704918,0.5370689655172414,0.7221764220939819,0,0,1
3108,УИК №1787,2222,1173,35,1173,529,"(55.66863, 37.653748)",1826,931,37,956,643,0.5436543654365437,0.4509803921568627,0.5301204819277109,0.6725941422594143,0,0,1
3109,УИК №1788,1923,1082,40,1099,557,"(55.66863, 37.653748)",2619,1550,94,1621,1176,0.5834633385335414,0.5068243858052776,0.6277205040091638,0.7254780999383097,0,0,1
3110,УИК №1789,1435,719,45,741,364,"(55.672509, 37.657449)",2069,1259,34,1276,918,0.532404181184669,0.4912280701754385,0.624939584340261,0.719435736677116,0,1,0
3111,УИК №1790,1236,724,25,727,353,"(55.66863, 37.653748)",1800,1003,52,1047,746,0.6059870550161812,0.4855570839064649,0.5861111111111111,0.7125119388729704,0,0,1
3112,УИК №1791,2109,1226,43,1233,591,"(55.666183, 37.644423)",2186,1418,39,1444,1101,0.6017069701280228,0.4793187347931874,0.6665141811527905,0.7624653739612188,0,0,1
3113,УИК №1792,1768,1041,27,1044,444,"(55.665406, 37.654035)",2165,1224,43,1251,963,0.6040723981900452,0.425287356321839,0.5852193995381062,0.7697841726618705,0,0,1
3114,УИК №1793,2453,1446,43,1463,701,"(55.665406, 37.654035)",1889,1105,45,1136,844,0.6070118222584591,0.4791524265208475,0.6087877183695076,0.7429577464788732,0,0,1
3115,УИК №1794,2164,1108,59,1127,544,"(55.659993, 37.626645)",2348,1341,55,1372,1002,0.539279112754159,0.4826974267968056,0.5945485519591142,0.7303206997084548,0,1,0
3116,УИК №1795,1655,932,36,932,429,"(55.659993, 37.626645)",2569,1590,50,1618,1158,0.5848942598187311,0.4603004291845493,0.6383806928766057,0.715698393077874,0,1,0
3117,УИК №1796,2800,1525,38,1535,766,"(55.667706, 37.627023)",2285,1460,49,1485,1060,0.5582142857142857,0.4990228013029316,0.6603938730853391,0.7138047138047138,0,0,1
3118,УИК №1797,2722,1386,59,1425,718,"(55.666147, 37.630472)",2100,1249,37,1279,924,0.5308596620132255,0.503859649122807,0.6123809523809524,0.7224394057857702,0,0,1
3119,УИК №3336,107,104,3,104,60,"(nan, nan)",1103,834,0,805,532,1.0,0.5769230769230769,0.7561196736174071,0.6608695652173913,0,0,1
3120,УИК №3337,1270,1270,0,1253,730,"(nan, nan)",2647,2630,0,2591,1977,1.0,0.5826017557861133,0.9935776350585568,0.7630258587417985,0,0,1
3121,УИК №3338,561,525,0,519,313,"(nan, nan)",2273,1434,37,1462,1121,0.9358288770053476,0.603082851637765,0.6471623405191377,0.7667578659370725,0,0,1
3122,УИК №3339,586,586,0,575,317,"(nan, nan)",1092,654,26,671,525,1.0,0.551304347826087,0.6227106227106227,0.7824143070044709,0,0,1
3123,УИК №1798,1732,1012,24,1012,475,"(55.682559, 37.668848)",2575,1583,54,1614,1197,0.5981524249422633,0.4693675889328063,0.6357281553398059,0.741635687732342,0,1,0
3124,УИК №1799,1943,1091,55,1117,573,"(55.682559, 37.668848)",1910,1109,40,1133,795,0.5898095728255275,0.5129811996418979,0.6015706806282722,0.7016769638128861,0,1,0
3125,УИК №1800,2317,1333,32,1338,621,"(55.683884, 37.676789)",1896,1169,43,1192,893,0.5891238670694864,0.4641255605381166,0.6392405063291139,0.7491610738255033,0,1,0
3126,УИК №1801,2045,1150,42,1175,567,"(55.68194, 37.668201)",2350,1358,6,1339,1026,0.5828850855745721,0.4825531914893617,0.5804255319148937,0.7662434652725915,0,1,0
3127,УИК №1802,1343,765,20,763,366,"(55.68194, 37.668201)",801,500,19,511,392,0.5845122859270291,0.4796854521625164,0.6479400749063671,0.7671232876712328,0,1,0
3128,УИК №1803,2658,1473,69,1513,711,"(55.68701, 37.682098)",2363,1505,29,1511,1131,0.5801354401805869,0.4699272967614012,0.6491747778247989,0.7485109199205824,0,0,1
3129,УИК №1804,2714,1348,52,1375,643,"(55.684143, 37.681227)",2589,1570,44,1597,1169,0.5158437730287398,0.4676363636363636,0.6234067207415991,0.7319974953036944,0,0,1
3130,УИК №1805,2215,1187,47,1208,749,"(55.684143, 37.681227)",2537,1595,22,1593,1165,0.5571106094808126,0.6200331125827815,0.6373669688608593,0.7313245448838669,0,0,1
3131,УИК №1806,2005,1141,65,1184,651,"(55.676631, 37.681299)",2307,1347,38,1358,988,0.601496259351621,0.549831081081081,0.600346770697876,0.727540500736377,0,0,1
3132,УИК №1807,2427,1456,22,1430,749,"(55.68092, 37.687515)",1870,1093,47,1130,853,0.6089822826534816,0.5237762237762238,0.6096256684491979,0.7548672566371681,0,0,1
3133,УИК №1808,2381,1394,155,1517,1076,"(55.676631, 37.681299)",2195,1322,52,1364,1008,0.6505669886602268,0.7092946605141727,0.6259681093394077,0.7390029325513197,0,0,1
3134,УИК №1809,1174,685,54,716,388,"(55.676631, 37.681299)",2409,1361,44,1395,1023,0.6294718909710392,0.5418994413407822,0.5832295558322955,0.7333333333333333,0,0,1
3135,УИК №1810,1484,852,39,872,442,"(55.686036, 37.688647)",2553,1757,40,1791,1380,0.6004043126684636,0.5068807339449541,0.7038777908343126,0.7705192629815746,0,0,1
3136,УИК №1811,1738,1078,15,1090,558,"(55.689537, 37.688629)",2415,1357,35,1374,1003,0.6288837744533947,0.5119266055045871,0.5763975155279503,0.7299854439592431,0,0,1
3137,УИК №1812,2665,1830,36,1841,1148,"(55.689537, 37.688629)",2545,1531,42,1545,1068,0.700187617260788,0.623574144486692,0.6180746561886051,0.6912621359223301,0,0,1
3138,УИК №1813,2283,1616,96,1712,1167,"(55.685873, 37.6933)",2644,1496,27,1509,1099,0.7498904949627683,0.6816588785046729,0.5760211800302572,0.7282968853545394,0,0,1
3139,УИК №1814,2243,1264,39,1268,605,"(55.686746, 37.696516)",2494,1466,53,1494,1136,0.5809184128399465,0.4771293375394321,0.6090617481956696,0.7603748326639893,0,0,1
3140,УИК №1815,2413,1362,37,1374,646,"(55.682133, 37.687686)",2424,1383,35,1417,1042,0.5797762121840033,0.470160116448326,0.584983498349835,0.7353563867325336,0,0,1
3141,УИК №1816,2174,1215,15,1190,596,"(55.682133, 37.687686)",2736,1552,23,1556,1149,0.5657773689052438,0.5008403361344538,0.5756578947368421,0.7384318766066839,0,0,1
3142,УИК №1817,2698,1489,23,1471,731,"(55.68092, 37.687515)",2367,1381,39,1404,1049,0.5604151223128243,0.4969408565601632,0.5999155048584707,0.7471509971509972,0,0,1
3143,УИК №1818,2455,1399,43,1402,725,"(55.675925, 37.695348)",2336,1311,57,1351,1020,0.5873727087576375,0.5171184022824536,0.5856164383561644,0.7549962990377498,0,0,1
3144,УИК №1819,2272,1285,71,1321,815,"(55.675925, 37.695348)",1806,1052,32,1071,799,0.596830985915493,0.6169568508705526,0.6002214839424141,0.746031746031746,0,0,1
3145,УИК №1820,2023,1232,22,1218,640,"(55.677169, 37.699894)",2665,1600,76,1652,1087,0.6198714780029659,0.5254515599343186,0.6288930581613509,0.6579903147699758,0,0,1
3146,УИК №1821,2024,1271,65,1314,760,"(55.680732, 37.706092)",1913,1140,25,1139,769,0.6600790513833992,0.578386605783866,0.6089911134343963,0.675153643546971,0,0,1
3147,УИК №1822,2600,1553,30,1566,857,"(55.680732, 37.706092)",3182,1926,34,1930,1300,0.6088461538461538,0.5472541507024266,0.6159648020113137,0.6735751295336787,0,0,1
3148,УИК №1823,2511,1533,52,1550,771,"(55.680732, 37.706092)",2542,1508,53,1540,1063,0.6312226204699323,0.4974193548387097,0.6140833988985052,0.6902597402597402,0,0,1
3149,УИК №1824,1801,1037,31,1046,490,"(55.679219, 37.671893)",2640,1460,56,1493,1074,0.5930038867295947,0.4684512428298279,0.5742424242424242,0.7193569993302076,0,1,0
3150,УИК №1825,2238,1230,40,1240,575,"(55.679219, 37.671893)",1988,1126,11,1120,825,0.5674709562109026,0.4637096774193548,0.5719315895372233,0.7366071428571429,0,1,0
3151,УИК №1826,1568,1119,72,1187,754,"(55.67726, 37.67431)",2517,1567,28,1566,1120,0.7595663265306123,0.6352148272957034,0.6336909018673024,0.7151979565772669,0,1,0
3152,УИК №1827,2030,1145,28,1154,561,"(55.676286, 37.670564)",2362,1347,22,1347,984,0.5778325123152709,0.4861351819757366,0.5795935647756139,0.7305122494432071,0,1,0
3153,УИК №1828,2018,1069,53,1103,490,"(55.676286, 37.670564)",2436,1472,19,1481,1020,0.55599603567889,0.4442429737080689,0.6120689655172413,0.6887238352464551,0,1,0
3154,УИК №1829,1104,666,13,656,286,"(55.677169, 37.699894)",2083,1209,35,1219,871,0.615036231884058,0.4359756097560975,0.5972155544887182,0.7145200984413453,0,0,1
3155,УИК №3180,1139,696,10,696,422,"(55.683884, 37.676789)",1490,940,33,962,746,0.6198419666374012,0.6063218390804598,0.6530201342281879,0.7754677754677755,0,1,0
3156,УИК №3340,24,24,0,24,18,"(nan, nan)",1739,942,48,984,763,1.0,0.75,0.5692926969522715,0.7754065040650406,0,0,1
3157,УИК №3341,93,93,0,93,70,"(nan, nan)",2080,1403,35,1410,1069,1.0,0.7526881720430108,0.6913461538461538,0.7581560283687944,0,0,1
3158,УИК №1830,2130,1069,61,1103,589,"(55.668579, 37.60832)",1833,1147,32,1150,878,0.5305164319248826,0.5339981867633726,0.6432078559738135,0.7634782608695653,0,1,0
3159,УИК №1831,2219,1251,47,1274,648,"(55.668579, 37.60832)",2351,1433,26,1442,1057,0.5849481748535377,0.5086342229199372,0.6205869842620162,0.7330097087378641,0,1,0
3160,УИК №1832,2040,1039,39,1054,518,"(55.664116, 37.612173)",2195,1358,22,1370,982,0.5284313725490196,0.4914611005692599,0.6287015945330297,0.7167883211678832,0,1,0
3161,УИК №1833,1502,725,26,721,351,"(55.6579, 37.618219)",2353,1411,28,1425,1068,0.5,0.4868238557558946,0.6115597110072248,0.7494736842105263,0,1,0
3162,УИК №1834,1950,1149,20,1151,562,"(55.657865, 37.612775)",1939,1280,16,1274,946,0.5994871794871794,0.4882710686359687,0.66838576585869,0.7425431711145997,0,1,0
3163,УИК №1835,2421,1310,43,1332,604,"(55.658449, 37.612182)",2062,1451,18,1445,1065,0.5588599752168525,0.4534534534534534,0.7124151309408342,0.7370242214532872,0,1,0
3164,УИК №1836,2376,1365,63,1394,679,"(55.658449, 37.612182)",2359,1561,17,1548,1111,0.601010101010101,0.4870875179340028,0.668927511657482,0.7177002583979328,0,1,0
3165,УИК №1837,2181,1155,46,1183,590,"(55.656539, 37.621202)",2185,1414,11,1412,985,0.5506648326455754,0.4987320371935757,0.6521739130434783,0.6975920679886686,0,1,0
3166,УИК №1838,356,228,4,230,131,"(55.656539, 37.621202)",1707,1097,25,1105,819,0.651685393258427,0.5695652173913044,0.6572934973637962,0.7411764705882353,0,1,0
3167,УИК №1839,2389,1287,49,1310,826,"(55.653776, 37.612048)",1865,1163,44,1192,840,0.5592298032649644,0.6305343511450382,0.6471849865951743,0.7046979865771812,0,1,0
3168,УИК №1840,2879,1682,32,1672,787,"(55.653776, 37.612048)",2920,1874,23,1874,1283,0.5953456061132337,0.4706937799043062,0.6496575342465754,0.6846318036286019,0,1,0
3169,УИК №1841,1460,778,41,802,357,"(55.657865, 37.612775)",3072,1885,25,1867,1299,0.560958904109589,0.4451371571072319,0.6217447916666666,0.6957686127477236,0,1,0
3170,УИК №1842,2724,1574,27,1569,709,"(55.650211, 37.608697)",1749,960,59,995,705,0.5877386196769456,0.4518801784576163,0.5826186392224129,0.7085427135678392,0,1,0
3171,УИК №1843,2319,1312,29,1311,585,"(55.650957, 37.614096)",2094,1190,56,1228,860,0.5782664941785253,0.4462242562929062,0.5950334288443171,0.7003257328990228,0,1,0
3172,УИК №1844,2661,1464,43,1468,709,"(55.650957, 37.614096)",2032,1131,57,1175,805,0.5663284479518977,0.4829700272479564,0.5846456692913385,0.6851063829787234,0,1,0
3173,УИК №1845,1939,1120,41,1135,487,"(55.646045, 37.612317)",1922,1155,32,1161,840,0.5987622485817432,0.4290748898678414,0.617585848074922,0.7235142118863049,0,1,0
3174,УИК №1846,2503,1425,52,1457,629,"(55.650211, 37.608697)",1947,1141,69,1189,838,0.5900918897323212,0.4317089910775566,0.6214689265536724,0.704793944491169,0,1,0
3175,УИК №1847,2287,1279,22,1278,512,"(55.646045, 37.612317)",2267,1279,80,1346,905,0.5688675120244863,0.4006259780907668,0.5994706660785178,0.6723625557206538,0,1,0
3176,УИК №1848,2782,1497,50,1513,693,"(55.642555, 37.612919)",2755,1594,36,1596,1084,0.5560747663551402,0.4580304031725049,0.5916515426497277,0.6791979949874687,0,1,0
3177,УИК №1849,2599,1384,54,1412,707,"(55.642555, 37.612919)",2917,1630,69,1679,1241,0.5532897268180069,0.5007082152974505,0.5824477202605417,0.7391304347826086,0,1,0
3178,УИК №1850,2173,1299,24,1288,556,"(55.641524, 37.613018)",1704,921,70,975,645,0.6088357109986194,0.4316770186335403,0.5815727699530516,0.6615384615384615,0,1,0
3179,УИК №1851,2559,1470,46,1479,740,"(55.6189195684079, 37.6995903253556)",265,261,4,247,196,0.5924189136381399,0.5003380662609872,1.0,0.7935222672064778,0,1,0
3180,УИК №1852,2488,1369,51,1377,652,"(55.6189195684079, 37.6995903253556)",1983,1090,63,1135,792,0.5707395498392283,0.4734931009440813,0.5814422592032275,0.6977973568281939,0,1,0
3181,УИК №1853,2740,1548,53,1571,711,"(55.619244, 37.701134)",1780,1038,76,1089,811,0.5843065693430657,0.452577975811585,0.6258426966292134,0.7447199265381084,0,1,0
3182,УИК №1854,2913,1589,42,1596,777,"(55.619244, 37.701134)",1355,692,75,752,533,0.5599038791623756,0.4868421052631579,0.5660516605166052,0.7087765957446809,0,1,0
3183,УИК №1855,2683,1285,73,1317,665,"(55.619244, 37.701134)",1162,691,36,714,492,0.5061498322773015,0.5049354593773728,0.6256454388984509,0.6890756302521008,0,1,0
3184,УИК №1856,2693,1590,33,1591,669,"(55.6234463942993, 37.7021015435458)",2027,1155,68,1197,854,0.6026735982176011,0.42049025769956,0.6033547113961519,0.7134502923976608,0,0,1
3185,УИК №1857,2793,1548,37,1552,681,"(55.6234463942993, 37.7021015435458)",1671,978,70,1039,702,0.5674901539563194,0.4387886597938144,0.6271693596648713,0.6756496631376323,0,0,1
3186,УИК №1858,2668,1452,29,1443,675,"(55.626614, 37.723358)",2151,1290,105,1380,989,0.5550974512743628,0.4677754677754678,0.6485355648535565,0.7166666666666667,0,0,1
3187,УИК №1859,2971,1674,59,1705,883,"(55.626614, 37.723358)",1984,1076,62,1115,781,0.5833052844160216,0.5178885630498534,0.5735887096774194,0.7004484304932735,0,0,1
3188,УИК №1860,2701,1517,46,1519,729,"(55.6244914907388, 37.7196510694921)",1614,968,34,973,710,0.5786745649759348,0.4799210006583278,0.620817843866171,0.7297019527235354,0,0,1
3189,УИК №1861,2815,1498,66,1523,814,"(55.6244914907388, 37.7196510694921)",2506,1421,47,1448,1103,0.555595026642984,0.5344714379514117,0.5857940941739824,0.7617403314917127,0,0,1
3190,УИК №1862,2288,1278,24,1273,601,"(55.622441, 37.724202)",2431,1286,76,1339,967,0.5690559440559441,0.4721131186174391,0.560263266145619,0.7221807318894697,0,0,1
3191,УИК №1863,2741,1469,29,1474,741,"(55.622441, 37.724202)",1582,1168,44,1183,856,0.546515870120394,0.5027137042062415,0.7661188369152971,0.7235841081994928,0,0,1
3192,УИК №1864,2224,1169,34,1145,582,"(55.616389458749, 37.724302187562)",1804,1312,48,1351,1133,0.5409172661870504,0.508296943231441,0.753880266075388,0.8386380458919319,0,1,0
3193,УИК №1865,2280,1274,37,1276,594,"(55.616389458749, 37.724302187562)",347,206,8,212,147,0.575,0.4655172413793103,0.6167146974063401,0.6933962264150944,0,1,0
3194,УИК №1866,2333,1206,63,1245,612,"(55.6163325343762, 37.7257296256721)",1879,1194,55,1233,934,0.543934847835405,0.491566265060241,0.6647152740819585,0.7575020275750203,0,1,0
3195,УИК №1867,2027,1180,52,1211,672,"(55.6163325343762, 37.7257296256721)",992,576,16,585,400,0.6077947705969413,0.5549132947976878,0.5967741935483871,0.6837606837606838,0,1,0
3196,УИК №1868,2330,1301,58,1327,682,"(55.6134788091959, 37.7239669114351)",2579,1818,62,1836,1473,0.5832618025751073,0.5139412207987942,0.7289647150058162,0.8022875816993464,0,1,0
3197,УИК №1869,2485,1339,49,1356,696,"(55.6134788091959, 37.7239669114351)",2727,1487,92,1557,1117,0.5585513078470825,0.5132743362831859,0.579024569123579,0.7174052665382146,0,1,0
3198,УИК №1870,2273,1285,49,1312,640,"(55.868662, 37.60876)",2189,1214,41,1226,896,0.5868895732512098,0.4878048780487805,0.5733211512105985,0.7308319738988581,0,1,0
3199,УИК №1871,2616,1478,54,1503,697,"(55.868662, 37.60876)",1946,1150,31,1160,858,0.5856269113149847,0.4637391882900865,0.6068859198355602,0.7396551724137931,0,1,0
3200,УИК №1872,2231,1249,37,1261,596,"(55.868662, 37.60876)",2328,1423,63,1459,1104,0.5764231286418646,0.4726407613005551,0.6383161512027491,0.7566826593557231,0,1,0
3201,УИК №1873,2387,1304,41,1319,634,"(55.617114, 37.707709)",2103,1203,136,1319,987,0.5634687892752409,0.4806671721000758,0.6367094626723728,0.7482941622441244,0,1,0
3202,УИК №1874,2183,1202,32,1216,606,"(55.617114, 37.707709)",1136,677,35,700,497,0.565277141548328,0.4983552631578947,0.6267605633802817,0.71,0,1,0
3203,УИК №1875,2177,1168,37,1169,570,"(55.6099474648704, 37.7016363479197)",1464,1090,27,1110,864,0.5535140101056499,0.4875962360992301,0.7629781420765027,0.7783783783783784,0,1,0
3204,УИК №1876,2863,1626,31,1622,746,"(55.6099474648704, 37.7016363479197)",1720,1127,15,1127,808,0.5787635347537547,0.4599260172626387,0.663953488372093,0.7169476486246673,0,1,0
3205,УИК №1877,2549,1391,61,1425,723,"(55.6099474648704, 37.7016363479197)",2408,1482,53,1513,1110,0.5696351510396234,0.5073684210526316,0.6374584717607974,0.7336417713152676,0,1,0
3206,УИК №1878,2454,1431,52,1436,688,"(55.6137211344124, 37.6976614817977)",2171,1189,78,1253,922,0.604319478402608,0.479108635097493,0.5836020267157992,0.7358339984038308,0,1,0
3207,УИК №1879,2176,1185,37,1190,596,"(55.6137211344124, 37.6976614817977)",2034,1130,56,1163,830,0.5615808823529411,0.5008403361344538,0.5830875122910522,0.7136715391229579,0,1,0
3208,УИК №1880,2454,1390,39,1399,659,"(55.6137211344124, 37.6976614817977)",2461,1548,36,1559,1116,0.5823145884270579,0.4710507505360972,0.6436407964242178,0.7158434894162925,0,1,0
3209,УИК №1881,206,206,0,201,174,"(nan, nan)",2371,1321,61,1360,967,1.0,0.8656716417910447,0.5828764234500211,0.7110294117647059,0,0,1
3210,УИК №1882,2666,1479,29,1473,720,"(55.605223862565, 37.7053835615516)",2327,1433,48,1463,1063,0.5656414103525882,0.4887983706720977,0.6364417705199829,0.7265892002734108,0,1,0
3211,УИК №1883,2614,1387,72,1345,700,"(55.60546, 37.709236)",2141,1656,44,1681,1304,0.5581484315225708,0.5204460966542751,0.7940214852872489,0.7757287328970851,0,1,0
3212,УИК №1884,2557,1384,49,1396,879,"(55.60546, 37.709236)",2351,1486,45,1518,1137,0.5604223699648025,0.6296561604584527,0.6512122501063378,0.7490118577075099,0,1,0
3213,УИК №1885,2682,1574,61,1589,773,"(55.600923, 37.713279)",1873,1199,47,1232,942,0.6096196868008948,0.4864694776589049,0.6652429257875067,0.7646103896103896,0,0,1
3214,УИК №1886,2363,1271,78,1330,717,"(55.598955, 37.718633)",1919,1286,51,1312,1000,0.5708844688954718,0.5390977443609023,0.6967170401250652,0.7621951219512195,0,0,1
3215,УИК №1887,2374,1375,22,1371,663,"(55.596137, 37.719468)",2399,1648,53,1692,1262,0.5884582982308341,0.4835886214442013,0.7090454355981659,0.7458628841607565,0,0,1
3216,УИК №1888,1634,893,42,916,471,"(55.598955, 37.718633)",2245,1392,74,1450,1067,0.5722154222766218,0.5141921397379913,0.6530066815144766,0.7358620689655172,0,0,1
3217,УИК №1889,2030,1110,67,1155,618,"(55.598955, 37.718633)",1776,1057,39,1085,798,0.5798029556650246,0.535064935064935,0.6171171171171171,0.7354838709677419,0,0,1
3218,УИК №1890,2269,1215,41,1237,658,"(55.6018077510284, 37.7174685895443)",2225,1301,70,1349,938,0.5535478184222125,0.5319320937752627,0.6161797752808988,0.6953298739807264,0,1,0
3219,УИК №1891,2471,1265,39,1273,608,"(55.6018077510284, 37.7174685895443)",1609,1147,65,1206,935,0.5277215702144881,0.4776119402985074,0.7532628962088254,0.775290215588723,0,1,0
3220,УИК №1892,2533,1529,61,1549,768,"(55.606761, 37.714806)",1982,1240,37,1256,905,0.6277141729174891,0.4958037443511943,0.6442986881937437,0.7205414012738853,0,1,0
3221,УИК №1893,2417,1563,104,1620,1106,"(55.606761, 37.714806)",1930,1089,53,1121,816,0.6896979726934216,0.682716049382716,0.5917098445595855,0.727921498661909,0,1,0
3222,УИК №1894,2335,1418,77,1472,983,"(55.606761, 37.714806)",1125,742,12,735,524,0.6402569593147751,0.6677989130434783,0.6702222222222223,0.7129251700680272,0,1,0
3223,УИК №1895,2505,1460,39,1459,701,"(55.6106313277975, 37.7282614633441)",2993,1824,55,1866,1347,0.5984031936127745,0.4804660726525017,0.627798195790177,0.7218649517684887,0,1,0
3224,УИК №1896,2581,1444,43,1456,720,"(55.6106313277975, 37.7282614633441)",3455,2191,41,2184,1493,0.5761332816737699,0.4945054945054945,0.6460202604920405,0.6836080586080586,0,1,0
3225,УИК №1897,2148,1216,69,1252,732,"(55.606883, 37.729404)",2277,1384,42,1393,988,0.5982309124767226,0.5846645367412141,0.6262626262626263,0.7092605886575736,0,1,0
3226,УИК №1898,2363,1331,61,1351,733,"(55.606883, 37.729404)",2210,1650,38,1673,1317,0.589081675835802,0.542561065877128,0.7638009049773755,0.7872086072922893,0,1,0
3227,УИК №1899,2086,1225,65,1257,638,"(55.605526, 37.730122)",1927,1143,27,1166,845,0.6184084372003835,0.507557677008751,0.6071613907628438,0.7246998284734134,0,1,0
3228,УИК №1900,2284,1186,19,1178,607,"(55.605526, 37.730122)",1905,1582,37,1558,1230,0.5275831873905429,0.5152801358234296,0.8498687664041995,0.7894736842105263,0,1,0
3229,УИК №1901,2095,1099,44,1125,549,"(55.605526, 37.730122)",1936,1129,61,1167,846,0.5455847255369929,0.488,0.6146694214876033,0.7249357326478149,0,1,0
3230,УИК №1902,2893,1527,46,1548,754,"(55.6083053668536, 37.737439647317)",2136,1212,53,1253,900,0.5437262357414449,0.4870801033591731,0.5922284644194756,0.7182761372705507,0,1,0
3231,УИК №1903,2451,1304,32,1311,863,"(55.6083053668536, 37.737439647317)",1914,1379,39,1402,1026,0.5450836393308853,0.658276125095347,0.7408568443051202,0.7318116975748931,0,1,0
3232,УИК №1904,2728,1484,65,1469,830,"(55.6083053668536, 37.737439647317)",407,297,0,289,212,0.5678152492668622,0.5650102110279102,0.7297297297297297,0.7335640138408305,0,1,0
3233,УИК №1905,2620,1412,78,1452,744,"(55.607824, 37.738531)",2408,1364,63,1408,1004,0.5687022900763359,0.512396694214876,0.592607973421927,0.7130681818181818,0,1,0
3234,УИК №1906,2632,1304,31,1314,802,"(55.6078119173783, 37.738584112376)",2658,1575,44,1585,1082,0.5072188449848024,0.6103500761035008,0.609104589917231,0.6826498422712933,0,1,0
3235,УИК №1907,2794,1513,31,1497,804,"(55.6024204807842, 37.7383427135646)",1041,586,42,613,444,0.5526127415891195,0.5370741482965932,0.6032660902977905,0.7243066884176182,0,0,1
3236,УИК №1908,2696,1322,64,1370,742,"(55.6024204807842, 37.7383427135646)",2743,1585,39,1602,1129,0.5140949554896143,0.5416058394160584,0.5920524972657674,0.7047440699126092,0,0,1
3237,УИК №1909,2670,1438,49,1460,758,"(55.6028370290285, 37.7458173595369)",2403,2145,45,2163,1687,0.5569288389513108,0.5191780821917809,0.9113607990012484,0.7799352750809061,0,0,1
3238,УИК №1911,2206,1068,5,1041,533,"(55.609446, 37.748376)",2117,1203,67,1251,905,0.4864007252946509,0.5120076849183477,0.5999055266887104,0.7234212629896083,0,1,0
3239,УИК №1912,2810,1336,9,1320,732,"(55.60875, 37.751987)",2482,1394,57,1427,1018,0.4786476868327402,0.5545454545454546,0.5846091861402095,0.713384723195515,0,1,0
3240,УИК №1913,2532,1397,52,1413,734,"(55.608811, 37.753847)",2459,1481,45,1501,1051,0.5722748815165877,0.5194621372965322,0.6205774705164702,0.7001998667554963,0,1,0
3241,УИК №1914,2656,1508,85,1476,841,"(55.608811, 37.753847)",2456,1332,43,1356,917,0.5997740963855421,0.5697831978319783,0.5598534201954397,0.6762536873156342,0,1,0
3242,УИК №1915,2666,1463,34,1479,793,"(55.608811, 37.753847)",2394,1351,68,1402,983,0.5615153788447111,0.5361730899256254,0.5927318295739349,0.7011412268188303,0,1,0
3243,УИК №1916,2397,1287,44,1262,861,"(55.60875, 37.751987)",2429,1327,36,1345,962,0.5552774301209845,0.6822503961965135,0.5611362700699877,0.7152416356877324,0,1,0
3244,УИК №1917,2675,1493,27,1474,751,"(55.60875, 37.751987)",2489,1442,62,1488,1072,0.5682242990654206,0.5094979647218453,0.6042587384491763,0.7204301075268817,0,1,0
3245,УИК №1918,2505,1267,84,1331,609,"(55.633414, 37.665488)",2479,1450,53,1487,1048,0.5393213572854292,0.4575507137490608,0.6062928600242034,0.7047747141896435,0,1,0
3246,УИК №1919,2447,1286,34,1288,616,"(55.633414, 37.665488)",2668,1583,46,1613,1109,0.5394360441356764,0.4782608695652174,0.6105697151424287,0.6875387476751394,0,1,0
3247,УИК №1920,2480,1444,71,1486,701,"(55.633414, 37.665488)",2723,1573,78,1628,1199,0.6108870967741935,0.4717362045760431,0.6063165626147631,0.7364864864864865,0,1,0
3248,УИК №1921,2816,1598,44,1610,784,"(55.634075, 37.666405)",2512,1387,79,1452,1042,0.5830965909090909,0.4869565217391304,0.5835987261146497,0.7176308539944903,0,1,0
3249,УИК №1922,2699,1430,54,1400,682,"(55.634075, 37.666405)",2404,1423,35,1440,995,0.5498332715820674,0.4871428571428571,0.6064891846921797,0.6909722222222222,0,1,0
3250,УИК №1923,1754,972,30,990,505,"(55.634583, 37.682017)",2788,1628,42,1648,1120,0.5712656784492588,0.51010101010101,0.5989956958393113,0.6796116504854369,0,0,1
3251,УИК №1924,1831,995,30,1008,505,"(55.634583, 37.682017)",2339,1368,41,1387,990,0.559803386127799,0.5009920634920635,0.6023941855493801,0.7137707281903388,0,0,1
3252,УИК №1925,2009,1090,31,1095,534,"(55.634583, 37.682017)",2177,1276,60,1320,963,0.5579890492782479,0.4876712328767123,0.6136885622416169,0.7295454545454545,0,0,1
3253,УИК №1926,2147,1050,48,1074,559,"(55.630655, 37.676187)",1957,1198,39,1217,870,0.5114112715416861,0.5204841713221602,0.6320899335717935,0.714872637633525,0,0,1
3254,УИК №1927,2018,1033,47,1059,512,"(55.630655, 37.676187)",2568,1501,57,1539,1083,0.535183349851338,0.4834749763928234,0.6066978193146417,0.7037037037037037,0,0,1
3255,УИК №1928,2561,1288,34,1285,650,"(55.630655, 37.676187)",2124,1216,48,1251,911,0.516204607575166,0.5058365758754864,0.5951035781544256,0.7282174260591526,0,0,1
3256,УИК №1929,2894,1526,44,1533,790,"(55.628784, 37.674067)",2359,1409,35,1427,1021,0.5425017277125086,0.5153294194390085,0.6121237812632472,0.7154870357393133,0,1,0
3257,УИК №1930,2626,1381,56,1351,636,"(55.628784, 37.674067)",2042,1072,42,1101,735,0.5472201066260473,0.4707623982235381,0.545543584720862,0.667574931880109,0,1,0
3258,УИК №1931,2755,1456,46,1441,638,"(55.628784, 37.674067)",2153,1190,38,1205,891,0.5451905626134301,0.4427480916030534,0.5703669298653042,0.7394190871369295,0,1,0
3259,УИК №1932,2617,1329,48,1348,680,"(55.628784, 37.674067)",2107,1215,41,1244,914,0.5261750095529232,0.5044510385756676,0.5961082107261509,0.7347266881028939,0,1,0
3260,УИК №1933,2541,1184,50,1206,603,"(55.628784, 37.674067)",2110,1176,51,1211,886,0.4856355765446674,0.5,0.5815165876777251,0.731626754748142,0,1,0
3261,УИК №1934,1695,1047,24,1050,507,"(55.624179, 37.663368)",1978,1237,60,1284,901,0.631858407079646,0.4828571428571429,0.6557128412537917,0.7017133956386293,0,1,0
3262,УИК №1935,1963,1074,52,1099,566,"(55.624179, 37.663368)",2239,1326,42,1307,925,0.5736118186449313,0.5150136487716106,0.6109870477891916,0.7077276205049732,0,1,0
3263,УИК №1936,1834,1014,33,1030,527,"(55.621511, 37.662785)",2322,1355,57,1389,967,0.5708833151581243,0.5116504854368932,0.6080964685615848,0.6961843052555795,0,1,0
3264,УИК №1937,1838,997,33,995,470,"(55.621511, 37.662785)",2499,1377,70,1432,1001,0.5603917301414582,0.4723618090452261,0.579031612645058,0.6990223463687151,0,1,0
3265,УИК №1938,1693,909,40,927,475,"(55.621511, 37.662785)",2576,1448,65,1497,1063,0.5605434140578854,0.5124056094929881,0.5873447204968945,0.7100868403473614,0,1,0
3266,УИК №1939,2050,1093,42,1107,543,"(55.621511, 37.662785)",2246,1164,78,1171,806,0.5536585365853659,0.4905149051490515,0.5529830810329475,0.6883005977796754,0,1,0
3267,УИК №1940,2090,1127,29,1139,606,"(55.615421, 37.646768)",2266,1303,47,1328,954,0.55311004784689,0.5320456540825286,0.5957634598411298,0.7183734939759037,0,0,1
3268,УИК №1941,2388,1248,61,1284,722,"(55.615421, 37.646768)",2211,1303,36,1323,962,0.5481574539363484,0.5623052959501558,0.6056083220262325,0.72713529856387,0,0,1
3269,УИК №1942,2439,1268,39,1269,705,"(55.621379, 37.65337)",1942,1132,63,1166,840,0.5358753587535875,0.5555555555555556,0.6153450051493305,0.7204116638078902,0,1,0
3270,УИК №1943,2464,1338,54,1367,721,"(55.621379, 37.65337)",2664,1552,40,1580,1154,0.564935064935065,0.5274323335771763,0.5975975975975976,0.730379746835443,0,1,0
3271,УИК №1944,2415,1309,69,1345,693,"(55.625923, 37.653388)",2491,1420,80,1471,1024,0.5706004140786749,0.5152416356877323,0.602167804094741,0.6961250849762066,0,0,1
3272,УИК №1945,1764,974,25,977,523,"(55.625923, 37.653388)",2439,1540,60,1575,1154,0.5663265306122449,0.5353121801432958,0.6560065600656007,0.7326984126984127,0,0,1
3273,УИК №1946,1750,864,36,872,518,"(55.625923, 37.653388)",2174,1269,46,1297,934,0.5142857142857142,0.5940366972477065,0.6048758049678012,0.7201233616037008,0,0,1
3274,УИК №1947,2694,1241,84,1298,667,"(55.632225, 37.651825)",2471,1445,40,1466,1058,0.491833704528582,0.5138674884437596,0.6009712666936463,0.7216916780354706,0,1,0
3275,УИК №1948,1992,1082,30,1055,514,"(55.632225, 37.651825)",284,276,0,264,206,0.5582329317269076,0.4872037914691943,0.971830985915493,0.7803030303030303,0,1,0
3276,УИК №1949,2527,1219,81,1266,597,"(55.632225, 37.651825)",2625,1545,61,1590,1112,0.5144440047487139,0.471563981042654,0.6118095238095238,0.6993710691823899,0,1,0
3277,УИК №1950,2238,1041,47,1067,548,"(55.632225, 37.651825)",2554,1466,49,1502,1055,0.486148346738159,0.5135895032802249,0.5931871574001566,0.7023968042609854,0,1,0
3278,УИК №3342,1190,1184,0,1160,753,"(nan, nan)",1489,945,15,943,739,0.9949579831932772,0.6491379310344828,0.6447280053727333,0.7836691410392365,0,0,1
3279,УИК №3343,860,860,0,850,592,"(nan, nan)",2095,1292,37,1316,1005,1.0,0.6964705882352941,0.6343675417661098,0.763677811550152,0,0,1
3280,УИК №1951,275,184,1,180,80,"(55.6277490483264, 37.6066724024713)",2434,1433,46,1453,1034,0.6727272727272727,0.4444444444444444,0.6076417419884963,0.7116311080523056,0,1,0
3281,УИК №1952,2801,1636,33,1620,627,"(55.637790269748, 37.6090295612812)",2581,1543,58,1591,1122,0.5958586219207426,0.387037037037037,0.6203022084463387,0.7052168447517285,0,1,0
3282,УИК №1953,2655,1513,49,1534,664,"(55.638128118611, 37.6091722212733)",2286,1326,61,1367,1005,0.5883239171374764,0.4328552803129074,0.6067366579177603,0.7351865398683248,0,1,0
3283,УИК №1954,2341,1307,49,1323,593,"(55.6361708682238, 37.6082515530288)",2699,1737,37,1749,1171,0.5792396411789833,0.4482237339380197,0.6572804742497221,0.6695254431103488,0,1,0
3284,УИК №1955,2614,1498,54,1488,667,"(55.6361708682238, 37.6082515530288)",1593,958,22,963,688,0.5937260902830911,0.448252688172043,0.6151914626490897,0.7144340602284528,0,1,0
3285,УИК №1956,2379,1348,77,1373,655,"(55.6361708682238, 37.6082515530288)",1982,1163,48,1197,851,0.5989911727616646,0.4770575382374363,0.6109989909182644,0.7109440267335004,0,1,0
3286,УИК №1957,2154,1230,33,1235,540,"(55.638128118611, 37.6091722212733)",2637,1635,29,1632,1204,0.5863509749303621,0.437246963562753,0.6310200985968905,0.7377450980392157,0,1,0
3287,УИК №1958,1195,1166,29,1162,478,"(55.6247544467551, 37.6144690811634)",2494,1381,39,1396,1000,1.0,0.4113597246127367,0.5693664795509222,0.7163323782234957,0,1,0
3288,УИК №1959,2712,1585,36,1595,756,"(55.6247544467551, 37.6144690811634)",2400,1479,46,1482,1036,0.5977138643067846,0.4739811912225705,0.6354166666666666,0.699055330634278,0,1,0
3289,УИК №1960,2265,1367,35,1366,577,"(55.6247544467551, 37.6144690811634)",2320,1371,67,1425,1034,0.6189845474613687,0.4224011713030747,0.6198275862068966,0.7256140350877193,0,1,0
3290,УИК №1961,1744,957,82,1017,513,"(55.6277490483264, 37.6066724024713)",2247,1291,41,1317,953,0.595756880733945,0.504424778761062,0.5927903871829105,0.7236142748671223,0,1,0
3291,УИК №1962,1865,919,20,917,420,"(55.6295138131083, 37.6077063940465)",2550,1533,46,1550,1123,0.503485254691689,0.4580152671755725,0.6192156862745098,0.724516129032258,0,1,0
3292,УИК №1963,2497,1402,23,1391,656,"(55.6295138131083, 37.6077063940465)",2343,1475,15,1469,1075,0.5706848217861433,0.4716031631919482,0.6359368331199318,0.731790333560245,0,1,0
3293,УИК №1964,2202,1192,34,1190,580,"(55.6295138131083, 37.6077063940465)",1915,1164,32,1179,882,0.5567665758401453,0.4873949579831932,0.6245430809399478,0.7480916030534351,0,1,0
3294,УИК №1965,2470,1302,32,1312,558,"(55.6295138131083, 37.6077063940465)",2159,1304,41,1332,929,0.540080971659919,0.4253048780487805,0.6229735988883742,0.6974474474474475,0,1,0
3295,УИК №1966,2521,1347,85,1406,790,"(55.6277111097969, 37.6067009009421)",2034,1253,41,1280,902,0.5680285600952003,0.561877667140825,0.6361848574237955,0.7046875,0,1,0
3296,УИК №1967,2152,1281,120,1253,642,"(55.634126, 37.590515)",2013,1185,11,1186,875,0.6510223048327137,0.5123703112529928,0.5941381023348237,0.7377740303541316,0,0,1
3297,УИК №1968,2271,1269,25,1262,587,"(55.634126, 37.590515)",2293,1338,56,1364,970,0.5697930427124615,0.46513470681458,0.607937200174444,0.7111436950146628,0,0,1
3298,УИК №1969,2267,1215,108,1293,652,"(55.634126, 37.590515)",2486,1429,45,1445,1057,0.5835906484340538,0.5042536736272235,0.5929203539823009,0.7314878892733564,0,0,1
3299,УИК №1970,1274,647,30,670,356,"(55.870097, 37.619315)",2082,1236,32,1247,903,0.5313971742543171,0.5313432835820896,0.6090297790585975,0.7241379310344828,0,0,1
3300,УИК №1971,2805,1417,50,1441,772,"(55.870097, 37.619315)",2604,1523,38,1544,1146,0.5229946524064171,0.5357390700902152,0.5994623655913979,0.7422279792746114,0,0,1
3301,УИК №1972,1951,1125,51,1145,590,"(55.870097, 37.619315)",2475,1367,63,1408,1032,0.6027678113787801,0.5152838427947598,0.5777777777777777,0.7329545454545454,0,0,1
3302,УИК №1973,1931,1075,99,1134,565,"(55.6312320275796, 37.5953561626375)",2413,1363,37,1376,1013,0.6079751424132573,0.4982363315696649,0.5801906340654787,0.7361918604651163,0,0,1
3303,УИК №1974,1678,967,86,1024,465,"(55.6312320275796, 37.5953561626375)",2618,1518,44,1539,1158,0.6275327771156138,0.4541015625,0.5966386554621849,0.7524366471734892,0,0,1
3304,УИК №1975,2586,1467,67,1503,644,"(55.6351618137584, 37.5960250385106)",2615,1437,25,1444,1060,0.5931941221964424,0.4284763805721889,0.5590822179732313,0.7340720221606648,0,1,0
3305,УИК №1976,2719,1613,62,1649,651,"(55.6351618137584, 37.5960250385106)",2578,1547,38,1566,1127,0.6160353070981979,0.3947847180109157,0.6148176881303336,0.7196679438058748,0,1,0
3306,УИК №1977,2537,1517,115,1611,840,"(55.6341859239286, 37.593903914094)",2453,1473,32,1486,1120,0.6432794639337801,0.521415270018622,0.6135344476151651,0.7537012113055181,0,0,1
3307,УИК №1978,2223,1449,149,1552,901,"(55.6341859239286, 37.593903914094)",2026,1125,9,1111,808,0.7188484030589294,0.5805412371134021,0.5597235932872655,0.7272727272727273,0,0,1
3308,УИК №1979,2533,1527,78,1551,784,"(55.6341859239286, 37.593903914094)",2530,1364,13,1359,1006,0.6336360047374655,0.5054803352675693,0.5442687747035573,0.7402501839587933,0,0,1
3309,УИК №1980,348,322,26,332,285,"(nan, nan)",2420,1489,36,1501,1109,1.0,0.858433734939759,0.6301652892561983,0.7388407728181212,0,0,1
3310,УИК №1981,2276,1170,43,1190,645,"(55.6206278143636, 37.5850383751094)",2511,1462,23,1462,1058,0.5329525483304042,0.542016806722689,0.5913978494623656,0.7236662106703147,0,0,1
3311,УИК №1982,2364,1348,19,1330,637,"(55.6206278143636, 37.5850812904537)",2581,1598,32,1604,1157,0.5782571912013537,0.4789473684210526,0.6315381635025185,0.7213216957605985,0,0,1
3312,УИК №1983,2166,1113,20,1107,523,"(55.6206278143636, 37.5850383751094)",2194,1320,34,1344,1031,0.523084025854109,0.4724480578139114,0.6171376481312671,0.7671130952380952,0,0,1
3313,УИК №1984,1946,1052,22,1045,508,"(55.6206278143636, 37.5850812904537)",2439,1501,31,1513,1134,0.5519013360739979,0.4861244019138756,0.6281262812628127,0.7495042961004627,0,0,1
3314,УИК №1985,2377,1521,28,1520,753,"(55.6167419136422, 37.5855243578554)",2437,1276,88,1344,944,0.6516617585191418,0.4953947368421053,0.5597045547804678,0.7023809523809523,0,0,1
3315,УИК №1986,2277,1286,24,1276,600,"(55.6167476060235, 37.5851962901652)",2502,1386,79,1438,1024,0.575318401405358,0.4702194357366771,0.5855315747402078,0.7121001390820584,0,0,1
3316,УИК №1987,2339,1471,28,1472,803,"(55.6167294852734, 37.5852603279054)",2321,1335,118,1431,1039,0.6408721675929885,0.545516304347826,0.6260232658336924,0.7260656883298393,0,0,1
3317,УИК №1988,2246,1189,34,1202,599,"(55.610453602397, 37.5808092020452)",2387,1414,39,1437,1023,0.5445235975066786,0.4983361064891847,0.6087138667783829,0.7118997912317327,0,0,1
3318,УИК №1989,2440,1308,38,1326,623,"(55.609462, 37.588898)",2453,1344,69,1385,1011,0.5516393442622951,0.4698340874811463,0.5760293518141052,0.7299638989169676,0,1,0
3319,УИК №1990,2435,1336,38,1350,739,"(55.609462, 37.588898)",1666,897,37,921,628,0.5642710472279261,0.5474074074074075,0.56062424969988,0.6818675352877307,0,1,0
3320,УИК №1991,2467,1354,45,1377,681,"(55.610453602397, 37.5808092020452)",1789,1057,34,1075,780,0.5670855289825699,0.494553376906318,0.6098378982671884,0.7255813953488373,0,0,1
3321,УИК №1992,2787,1208,6,1191,599,"(55.6096077588393, 37.5889839045703)",2105,1139,33,1157,838,0.4355938284894151,0.5029387069689337,0.5567695961995249,0.7242869490060502,0,1,0
3322,УИК №1993,2729,1456,100,1431,748,"(55.6104718209483, 37.5811847113074)",2035,1122,43,1151,853,0.57017222425797,0.522711390635919,0.5724815724815725,0.741094700260643,0,0,1
3323,УИК №1994,2526,1318,44,1294,606,"(55.6165719008043, 37.5953305140138)",2022,1142,35,1149,840,0.5391923990498813,0.4683153013910355,0.5820969337289812,0.7310704960835509,0,1,0
3324,УИК №1995,2321,1191,50,1216,586,"(55.6169971212557, 37.5946913100779)",2386,1318,52,1351,1003,0.5346833261525205,0.4819078947368421,0.5741827326068735,0.7424130273871207,0,1,0
3325,УИК №1996,2580,1404,56,1426,687,"(55.6179384339456, 37.6013835892081)",2245,1247,59,1295,951,0.5658914728682171,0.4817671809256661,0.5817371937639199,0.7343629343629343,0,1,0
3326,УИК №1997,2316,1308,45,1315,553,"(55.6176591353101, 37.6012548431754)",2093,1088,64,1143,831,0.5841968911917098,0.420532319391635,0.5504061156235069,0.7270341207349081,0,1,0
3327,УИК №1998,2493,1624,57,1661,822,"(55.6179384339456, 37.6013728603721)",2261,1352,59,1384,923,0.6742880064179703,0.4948826008428657,0.6240601503759399,0.666907514450867,0,1,0
3328,УИК №1999,2223,1254,91,1313,640,"(55.6153881469216, 37.602466698736)",1947,1002,75,1056,746,0.605038236617184,0.4874333587204874,0.5531587057010786,0.7064393939393939,0,1,0
3329,УИК №2000,2278,1273,56,1299,609,"(55.6153516195218, 37.6025770045817)",2039,1143,62,1187,867,0.5834064969271291,0.4688221709006928,0.5909759686120647,0.7304128053917439,0,1,0
3330,УИК №2001,2441,1266,39,1278,635,"(55.6169971212557, 37.5946913100779)",1995,1081,64,1138,849,0.5346169602621876,0.4968701095461659,0.5739348370927319,0.7460456942003515,0,1,0
3331,УИК №2002,2156,1358,72,1404,768,"(55.615339, 37.602553)",1633,1066,34,1087,738,0.6632653061224489,0.5470085470085471,0.6736068585425597,0.6789328426862925,0,1,0
3332,УИК №2003,2246,1173,51,1189,603,"(55.609701, 37.595968)",1917,1104,63,1146,845,0.5449688334817453,0.5071488645920942,0.6087636932707355,0.7373472949389179,0,1,0
3333,УИК №2004,1643,915,58,953,484,"(55.6030635709456, 37.6019998267293)",2350,1330,63,1378,1007,0.5922093730979915,0.5078698845750262,0.5927659574468085,0.7307692307692307,0,1,0
3334,УИК №2005,2537,1378,57,1391,789,"(55.609701, 37.595968)",2322,1339,60,1373,988,0.5656286953094206,0.5672178289000719,0.6024978466838932,0.71959213401311,0,1,0
3335,УИК №2006,2535,1361,81,1417,721,"(55.6083132430159, 37.5979268923402)",2360,1267,87,1329,938,0.5688362919132149,0.5088214537755822,0.573728813559322,0.7057938299473289,0,1,0
3336,УИК №2007,2818,1507,25,1485,733,"(55.6084331882298, 37.5970581918955)",1920,1138,53,1172,849,0.5436479772888574,0.4936026936026936,0.6203125,0.7244027303754266,0,1,0
3337,УИК №2008,2265,1277,21,1283,620,"(55.6030635709456, 37.6019998267293)",2176,1204,64,1251,918,0.5730684326710817,0.4832424006235385,0.5827205882352942,0.7338129496402878,0,1,0
3338,УИК №2009,2115,1268,40,1282,610,"(55.6030635709456, 37.6019998267293)",2261,1260,50,1292,963,0.6184397163120567,0.4758190327613104,0.5793896505970809,0.7453560371517027,0,1,0
3339,УИК №2010,2426,1340,106,1404,773,"(55.599046, 37.585664)",2433,1404,55,1430,1060,0.596042868920033,0.5505698005698005,0.5996711878339499,0.7412587412587412,0,1,0
3340,УИК №2011,2002,1151,88,1228,778,"(55.599046, 37.585664)",2286,1262,76,1319,994,0.6188811188811189,0.6335504885993485,0.5853018372703412,0.7536012130401819,0,1,0
3341,УИК №2012,2659,1449,49,1462,792,"(55.599046, 37.585664)",1708,996,29,1010,754,0.5633696878525761,0.5417236662106704,0.6001170960187353,0.7465346534653465,0,1,0
3342,УИК №2013,2419,1362,107,1439,921,"(55.6015181816237, 37.5845228880644)",1626,814,38,837,599,0.6072757337742869,0.6400277970813064,0.5239852398523985,0.7156511350059738,0,0,1
3343,УИК №2014,2511,1301,127,1409,988,"(55.6015181816237, 37.5845228880644)",2552,1249,67,1304,1009,0.5686977299880526,0.7012065294535131,0.5156739811912225,0.7737730061349694,0,0,1
3344,УИК №2015,2472,1264,73,1310,641,"(55.5990960027593, 37.5955192744732)",1861,1045,50,1076,814,0.5408576051779935,0.4893129770992366,0.5883933369156368,0.7565055762081785,0,1,0
3345,УИК №2016,2190,1161,100,1241,721,"(55.5990960027593, 37.5955192744732)",2422,1352,86,1416,1021,0.5757990867579909,0.580983078162772,0.5937241948802643,0.721045197740113,0,1,0
3346,УИК №2017,1801,950,78,1016,509,"(55.5990960027593, 37.5955192744732)",2219,1272,61,1301,989,0.5707940033314826,0.5009842519685039,0.6007210455159981,0.760184473481937,0,1,0
3347,УИК №2018,2602,1341,47,1343,641,"(55.5995916504841, 37.5934180989862)",2635,1530,42,1545,1024,0.5334358186010761,0.47728965003723,0.596584440227704,0.6627831715210356,0,1,0
3348,УИК №2019,2520,1402,71,1445,687,"(55.5995916504841, 37.5934180989862)",2487,1478,52,1494,1060,0.5845238095238096,0.4754325259515571,0.6151990349819059,0.7095046854082999,0,1,0
3349,УИК №2020,2745,1409,45,1426,692,"(55.5995916504841, 37.5934180989862)",2298,1288,64,1336,961,0.5296903460837887,0.485273492286115,0.5883376849434291,0.719311377245509,0,1,0
3350,УИК №2021,2231,1355,8,1344,624,"(55.591671, 37.596327)",2517,1433,46,1461,1036,0.6109367996414165,0.4642857142857143,0.5876042908224076,0.7091033538672142,0,1,0
3351,УИК №2022,2291,1456,19,1454,643,"(55.591671, 37.596327)",2219,1266,40,1289,1025,0.6438236577913575,0.4422283356258596,0.5885534024335286,0.7951900698215671,0,1,0
3352,УИК №2023,2633,1734,15,1726,723,"(55.591671, 37.596327)",2273,1331,50,1365,982,0.6642612988985948,0.4188876013904982,0.6075670919489661,0.7194139194139194,0,1,0
3353,УИК №2024,2316,1264,64,1196,598,"(55.6048030691837, 37.6172434911132)",2019,1224,37,1248,848,0.5734024179620034,0.5,0.6245666171371966,0.6794871794871795,0,0,1
3354,УИК №2025,2183,1223,46,1136,634,"(55.6048030691837, 37.6172434911132)",2678,1669,37,1670,1253,0.581310123683005,0.5580985915492958,0.637042569081404,0.7502994011976047,0,0,1
3355,УИК №2026,2322,1321,110,1313,835,"(55.6024463906131, 37.6213757693768)",2316,1418,28,1424,1012,0.6162790697674418,0.635948210205636,0.6243523316062176,0.7106741573033708,0,0,1
3356,УИК №2027,1885,1067,36,1098,688,"(55.6024463906131, 37.6213757693768)",1968,1072,39,1095,779,0.5851458885941645,0.6265938069216758,0.5645325203252033,0.7114155251141553,0,0,1
3357,УИК №2028,2353,1255,126,1381,872,"(55.6024463906131, 37.6213757693768)",1705,865,35,890,646,0.5869103272418189,0.6314265025343954,0.5278592375366569,0.7258426966292135,0,0,1
3358,УИК №2029,2220,1080,93,1143,595,"(55.605602, 37.619827)",2413,1418,47,1443,1224,0.5283783783783784,0.5205599300087489,0.6071280563613759,0.8482328482328483,0,0,1
3359,УИК №2030,2152,1204,54,1229,680,"(55.605602, 37.619827)",2067,1132,44,1164,896,0.5845724907063197,0.5532953620829943,0.5689404934687954,0.7697594501718213,0,0,1
3360,УИК №2031,1863,998,60,1045,557,"(55.605602, 37.619827)",2332,1250,29,1261,863,0.5679012345679012,0.5330143540669856,0.5484562607204116,0.6843774781919112,0,0,1
3361,УИК №2032,2298,1124,105,1205,673,"(55.600323, 37.611437)",2449,1316,83,1392,1158,0.5348128807658834,0.5585062240663901,0.5712535728868926,0.8318965517241379,0,1,0
3362,УИК №2033,2005,1087,75,1130,605,"(55.600323, 37.611437)",2090,1204,60,1245,871,0.5795511221945138,0.5353982300884956,0.6047846889952153,0.6995983935742972,0,1,0
3363,УИК №2034,2720,1400,100,1465,810,"(55.599713, 37.614671)",2156,1237,32,1238,911,0.5514705882352942,0.552901023890785,0.5885899814471243,0.7358642972536349,0,1,0
3364,УИК №2035,1776,859,19,861,525,"(55.599713, 37.614671)",2153,1104,49,1138,864,0.4943693693693693,0.6097560975609756,0.5355318160705992,0.7592267135325131,0,1,0
3365,УИК №2036,2388,1189,49,1209,635,"(55.599713, 37.614671)",1662,969,27,996,823,0.518425460636516,0.5252274607113316,0.5992779783393501,0.8263052208835341,0,1,0
3366,УИК №2037,2086,1061,50,1092,694,"(55.636143, 37.594863)",2152,1156,45,1187,865,0.5325982742090125,0.6355311355311355,0.5580855018587361,0.7287278854254423,0,1,0
3367,УИК №2038,2002,1029,62,1075,699,"(55.636143, 37.594863)",1961,1137,36,1156,856,0.544955044955045,0.6502325581395348,0.5981642019377869,0.740484429065744,0,1,0
3368,УИК №2039,2635,1370,97,1442,816,"(55.636143, 37.594863)",1801,984,34,998,700,0.5567362428842505,0.565880721220527,0.5652415324819545,0.7014028056112225,0,1,0
3369,УИК №2040,1893,1033,18,1017,517,"(55.5908483636329, 37.6068251207471)",1655,946,44,977,684,0.5552033808769149,0.5083579154375615,0.5981873111782477,0.7001023541453428,0,1,0
3370,УИК №2041,1772,1025,23,1024,611,"(55.636143, 37.594863)",2208,1208,61,1248,878,0.5914221218961625,0.5966796875,0.5747282608695652,0.7035256410256411,0,1,0
3371,УИК №2042,1944,1335,79,1215,810,"(55.636143, 37.594863)",2482,1461,46,1477,1011,0.727366255144033,0.6666666666666666,0.6071716357775987,0.6844955991875423,0,1,0
3372,УИК №2043,2332,1149,44,1166,661,"(55.636143, 37.594863)",1658,875,10,861,584,0.5115780445969125,0.5668953687821612,0.5337756332931243,0.6782810685249709,0,1,0
3373,УИК №2044,2249,1396,32,1401,701,"(55.587646, 37.594369)",2261,1341,43,1358,934,0.634948866162739,0.5003568879371877,0.6121185316231755,0.6877761413843888,0,1,0
3374,УИК №2045,1835,1051,9,1036,489,"(55.587646, 37.594369)",1968,1156,41,1168,782,0.5776566757493188,0.472007722007722,0.6082317073170732,0.6695205479452054,0,1,0
3375,УИК №2046,2457,1517,15,1506,708,"(55.587646, 37.594369)",2504,1564,59,1587,1121,0.6235246235246236,0.4701195219123506,0.6481629392971247,0.706364209199748,0,1,0
3376,УИК №2047,2522,1282,23,1279,640,"(55.591203992068, 37.6052600517869)",313,262,35,288,218,0.5174464710547185,0.5003909304143862,0.9488817891373802,0.7569444444444444,0,1,0
3377,УИК №2048,2658,1428,20,1409,711,"(55.591203992068, 37.6052600517869)",2123,1151,61,1199,890,0.54477050413845,0.5046132008516678,0.5708902496467263,0.7422852376980817,0,1,0
3378,УИК №2049,2634,1294,15,1284,654,"(55.591203992068, 37.6052600517869)",2348,1680,50,1713,1310,0.496962794229309,0.5093457943925234,0.7367972742759795,0.7647402218330415,0,1,0
3379,УИК №3344,764,764,0,726,429,"(nan, nan)",2397,1574,13,1569,1174,1.0,0.5909090909090909,0.6620775969962454,0.7482472912683238,0,0,1
